delivery_date,time_code,area_group,clearing_price_estimate,upside_depth_mw,downside_depth_mw,tightest_depth_mw,price_band_jpy_kwh,stack_regime
2026-09-22,1,Hokuriku / Kansai / Chugoku / Shikoku / Kyushu,8.41,1706.0,1724.7999999999993,1706.0,5.0,Balanced stack
2026-09-22,1,System Price,21.1,6349.0999999999985,3145.4000000000015,3145.4000000000015,5.0,Balanced stack
2026-09-22,1,Tokyo / Chubu,26.06,2039.5000000000036,5630.299999999996,2039.5000000000036,5.0,Balanced stack
2026-09-22,2,Hokkaido / Tohoku,9.55,797.7000000000007,565.2999999999993,565.2999999999993,5.0,Thin stack
2026-09-22,2,Hokuriku / Kansai / Chugoku / Shikoku / Kyushu,8.41,1774.3999999999978,1727.2000000000025,1727.2000000000025,5.0,Balanced stack
2026-09-22,2,System Price,19.32,4169.600000000006,2112.4000000000015,2112.4000000000015,5.0,Balanced stack
2026-09-22,2,Tokyo / Chubu,25.76,2288.100000000002,4988.699999999997,2288.100000000002,5.0,Balanced stack
2026-09-22,3,Hokkaido / Tohoku,9.54,804.5999999999995,568.6999999999998,568.6999999999998,5.0,Thin stack
2026-09-22,3,Hokuriku / Kansai / Chugoku / Shikoku / Kyushu,10.24,1655.3999999999996,1677.8999999999996,1655.3999999999996,5.0,Balanced stack
2026-09-22,3,System Price,19.59,5333.5,1670.6000000000058,1670.6000000000058,5.0,Balanced stack
2026-09-22,3,Tokyo / Chubu,25.01,3093.9000000000015,4636.299999999999,3093.9000000000015,5.0,Balanced stack
2026-09-22,4,Hokkaido / Tohoku,9.54,805.4000000000005,565.3000000000002,565.3000000000002,5.0,Thin stack
2026-09-22,4,Hokuriku / Kansai / Chugoku / Shikoku / Kyushu,10.1,1767.6000000000004,1674.800000000001,1674.800000000001,5.0,Balanced stack
2026-09-22,4,System Price,19.0,4636.0999999999985,1879.800000000003,1879.800000000003,5.0,Balanced stack
2026-09-22,4,Tokyo / Chubu,24.9,3472.0999999999985,4303.899999999998,3472.0999999999985,5.0,Balanced stack
2026-09-22,5,Hokuriku / Kansai / Chugoku / Shikoku / Kyushu,9.72,1765.5000000000018,2128.0999999999985,1765.5000000000018,5.0,Balanced stack
2026-09-22,5,System Price,15.0,2056.600000000006,6258.0999999999985,2056.600000000006,5.0,Balanced stack
2026-09-22,5,Tokyo / Chubu,24.52,3835.5999999999985,3870.300000000003,3835.5999999999985,5.0,Balanced stack
2026-09-22,6,Hokuriku / Kansai / Chugoku / Shikoku / Kyushu,10.16,1672.699999999999,1700.7999999999993,1672.699999999999,5.0,Balanced stack
2026-09-22,6,System Price,16.88,2351.399999999994,2795.300000000003,2351.399999999994,5.0,Balanced stack
2026-09-22,6,Tokyo / Chubu,24.52,3857.899999999998,3826.5000000000036,3826.5000000000036,5.0,Balanced stack
2026-09-22,7,Hokkaido / Tohoku,9.55,757.5,533.3000000000002,533.3000000000002,5.0,Thin stack
2026-09-22,7,Hokuriku / Kansai / Chugoku / Shikoku / Kyushu,10.28,1247.3999999999996,1924.1000000000004,1247.3999999999996,5.0,Thin stack
2026-09-22,7,System Price,19.0,3959.199999999997,2215.7000000000044,2215.7000000000044,5.0,Balanced stack
2026-09-22,7,Tokyo / Chubu,24.9,3478.2000000000007,3881.699999999997,3478.2000000000007,5.0,Balanced stack
2026-09-22,8,Hokkaido / Tohoku,9.54,765.4000000000005,533.4000000000005,533.4000000000005,5.0,Thin stack
2026-09-22,8,Hokuriku / Kansai / Chugoku / Shikoku / Kyushu,10.71,1062.5,1998.3999999999996,1062.5,5.0,Thin stack
2026-09-22,8,System Price,19.6,4784.300000000003,1737.4000000000015,1737.4000000000015,5.0,Balanced stack
2026-09-22,8,Tokyo / Chubu,24.96,3351.0999999999985,3919.2000000000007,3351.0999999999985,5.0,Balanced stack
2026-09-22,9,Hokkaido / Tohoku,9.55,759.3000000000002,534.3999999999996,534.3999999999996,5.0,Thin stack
2026-09-22,9,Hokuriku / Kansai / Chugoku / Shikoku / Kyushu,8.72,1471.699999999999,1653.1000000000022,1471.699999999999,5.0,Thin stack
2026-09-22,9,System Price,20.03,4806.599999999991,2003.800000000003,2003.800000000003,5.0,Balanced stack
2026-09-22,9,Tokyo / Chubu,24.96,3359.5,3915.5,3359.5,5.0,Balanced stack
2026-09-22,10,Hokuriku / Kansai / Chugoku / Shikoku / Kyushu,10.17,1216.300000000001,1686.5999999999985,1216.300000000001,5.0,Thin stack
2026-09-22,10,System Price,21.74,6279.700000000004,2573.5999999999913,2573.5999999999913,5.0,Balanced stack
2026-09-22,10,Tokyo / Chubu,25.01,3069.9000000000015,4432.799999999999,3069.9000000000015,5.0,Balanced stack
2026-09-22,11,Hokkaido / Tohoku,9.67,477.89999999999964,832.4000000000005,477.89999999999964,5.0,Scarcity stack
2026-09-22,11,Hokuriku / Kansai / Chugoku / Shikoku / Kyushu,10.88,993.4000000000015,1979.3999999999996,993.4000000000015,5.0,Thin stack
2026-09-22,11,System Price,22.76,7155.9000000000015,2642.2000000000044,2642.2000000000044,5.0,Balanced stack
2026-09-22,11,Tokyo / Chubu,25.18,2954.0999999999985,4451.399999999998,2954.0999999999985,5.0,Balanced stack
2026-09-22,12,Hokkaido / Tohoku,9.67,488.3000000000002,846.5999999999995,488.3000000000002,5.0,Scarcity stack
2026-09-22,12,Hokuriku / Kansai / Chugoku / Shikoku / Kyushu,10.03,1204.3999999999996,2163.000000000002,1204.3999999999996,5.0,Thin stack
2026-09-22,12,System Price,21.35,6493.0,2617.7000000000044,2617.7000000000044,5.0,Balanced stack
2026-09-22,12,Tokyo / Chubu,25.18,3036.199999999997,4229.700000000001,3036.199999999997,5.0,Balanced stack
2026-09-22,13,Hokkaido / Tohoku,9.67,491.90000000000055,875.2999999999993,491.90000000000055,5.0,Scarcity stack
2026-09-22,13,Hokuriku / Kansai / Chugoku / Shikoku / Kyushu,16.91,1220.8999999999996,751.4000000000015,751.4000000000015,5.0,Thin stack
2026-09-22,13,System Price,19.32,4017.80000000001,2140.2999999999956,2140.2999999999956,5.0,Balanced stack
2026-09-22,13,Tokyo / Chubu,24.84,3724.100000000002,3820.9999999999964,3724.100000000002,5.0,Balanced stack
2026-09-22,14,Hokuriku / Kansai / Chugoku / Shikoku / Kyushu,10.38,1126.3999999999996,2462.5999999999985,1126.3999999999996,5.0,Thin stack
2026-09-22,14,System Price,13.76,2813.0,6447.299999999996,2813.0,5.0,Balanced stack
2026-09-22,14,Tokyo / Chubu,23.0,4939.899999999998,3010.5,3010.5,5.0,Balanced stack
2026-09-22,15,Hokkaido / Tohoku,6.6,1181.1999999999998,461.60000000000036,461.60000000000036,5.0,Solar compression stack
2026-09-22,15,Hokuriku / Kansai / Chugoku / Shikoku / Kyushu,9.53,2076.1000000000004,1362.5,1362.5,5.0,Thin stack
2026-09-22,15,System Price,11.1,4237.199999999997,5319.9000000000015,4237.199999999997,5.0,Balanced stack
2026-09-22,16,Hokkaido / Tohoku,1.0,457.40000000000055,3692.5999999999995,457.40000000000055,5.0,Scarcity stack
2026-09-22,16,Kansai / Chugoku / Shikoku / Kyushu,3.54,913.8000000000011,11103.8,913.8000000000011,5.0,Thin stack
2026-09-22,16,System Price,9.01,6255.300000000003,1597.199999999997,1597.199999999997,5.0,Balanced stack
2026-09-22,17,Hokkaido / Tohoku,0.03,662.5,3578.800000000001,662.5,5.0,Thin stack
2026-09-22,17,Kansai / Chugoku / Shikoku / Kyushu,2.24,1031.8999999999996,11355.400000000001,1031.8999999999996,5.0,Thin stack
2026-09-22,17,System Price,10.22,6144.199999999997,3864.399999999994,3864.399999999994,5.0,Balanced stack
2026-09-22,18,Hokkaido / Tohoku,0.01,680.3000000000002,3721.7,680.3000000000002,5.0,Thin stack
2026-09-22,18,Kansai / Chugoku / Shikoku,1.75,760.0,9465.500000000002,760.0,5.0,Thin stack
2026-09-22,18,System Price,9.63,7547.100000000006,3243.9000000000015,3243.9000000000015,5.0,Balanced stack
2026-09-22,19,Hokkaido / Tohoku,0.01,730.1000000000004,3822.500000000001,730.1000000000004,5.0,Thin stack
2026-09-22,19,Kansai / Chugoku / Shikoku,2.51,351.90000000000146,10103.3,351.90000000000146,5.0,Scarcity stack
2026-09-22,19,System Price,9.5,7832.999999999993,2317.0,2317.0,5.0,Balanced stack
2026-09-22,20,Hokkaido / Tohoku,0.01,853.8999999999996,3915.499999999999,853.8999999999996,5.0,Thin stack
2026-09-22,20,Kansai / Chugoku / Shikoku,2.0,665.1000000000004,9896.2,665.1000000000004,5.0,Thin stack
2026-09-22,20,System Price,6.97,6988.100000000006,2409.9000000000015,2409.9000000000015,5.0,Balanced stack
2026-09-22,21,Hokkaido / Tohoku,0.01,973.0999999999985,3979.1000000000004,973.0999999999985,5.0,Thin stack
2026-09-22,21,Hokuriku / Kansai / Chugoku / Shikoku,2.51,358.7000000000007,10767.9,358.7000000000007,5.0,Scarcity stack
2026-09-22,21,System Price,2.5,2445.699999999997,25359.400000000005,2445.699999999997,5.0,Balanced stack
2026-09-22,21,Tokyo / Chubu,12.01,2026.1000000000022,3169.5,2026.1000000000022,5.0,Balanced stack
2026-09-22,22,Hokkaido / Tohoku,0.01,970.3000000000011,4006.7999999999993,970.3000000000011,5.0,Thin stack
2026-09-22,22,Hokuriku / Kansai / Chugoku / Shikoku,2.6,421.7999999999993,10824.8,421.7999999999993,5.0,Scarcity stack
2026-09-22,22,System Price,1.5,2824.0,25207.800000000007,2824.0,5.0,Balanced stack
2026-09-22,22,Tokyo / Chubu,11.72,2483.100000000002,2907.2000000000007,2483.100000000002,5.0,Balanced stack
2026-09-22,23,Hokkaido / Tohoku,0.01,978.9999999999982,4065.7000000000007,978.9999999999982,5.0,Thin stack
2026-09-22,23,Kansai / Chugoku / Shikoku,2.0,731.7000000000007,10228.499999999998,731.7000000000007,5.0,Thin stack
2026-09-22,23,System Price,1.0,3353.7999999999956,24878.7,3353.7999999999956,5.0,Balanced stack
2026-09-22,23,Tokyo / Chubu,12.16,2035.2000000000007,3303.7999999999993,2035.2000000000007,5.0,Balanced stack
2026-09-22,24,Hokkaido / Tohoku,0.01,987.2999999999993,4082.7000000000007,987.2999999999993,5.0,Thin stack
2026-09-22,24,Kansai / Chugoku / Shikoku,0.03,1213.3999999999978,9674.7,1213.3999999999978,5.0,Thin stack
2026-09-22,24,System Price,0.7,3869.899999999994,24389.000000000004,3869.899999999994,5.0,Balanced stack
2026-09-22,24,Tokyo / Chubu,13.06,1794.2000000000007,3113.399999999998,1794.2000000000007,5.0,Balanced stack
2026-09-22,25,Hokkaido / Tohoku,0.0,5083.299999999999,0.0,0.0,5.0,Solar compression stack
2026-09-22,25,Kansai / Chugoku / Shikoku / Kyushu,0.01,2224.099999999995,13006.5,2224.099999999995,5.0,Balanced stack
2026-09-22,25,System Price,0.05,4333.299999999996,24096.8,4333.299999999996,5.0,Balanced stack
2026-09-22,26,Hokkaido / Tohoku,0.01,988.0,4067.5,988.0,5.0,Thin stack
2026-09-22,26,Kansai / Chugoku / Shikoku / Kyushu,0.01,2248.300000000003,12825.3,2248.300000000003,5.0,Balanced stack
2026-09-22,26,System Price,1.0,3536.5999999999985,24819.399999999998,3536.5999999999985,5.0,Balanced stack
2026-09-22,27,Hokkaido / Tohoku,0.01,978.3000000000011,4014.8,978.3000000000011,5.0,Thin stack
2026-09-22,27,Kansai / Chugoku / Shikoku / Kyushu,0.01,2201.2999999999956,12459.600000000002,2201.2999999999956,5.0,Balanced stack
2026-09-22,27,System Price,2.5,2350.800000000003,25819.1,2350.800000000003,5.0,Balanced stack
2026-09-22,27,Tokyo / Chubu,22.44,5871.599999999995,758.8000000000029,758.8000000000029,5.0,Thin stack
2026-09-22,28,Hokkaido / Tohoku,0.01,925.1999999999989,3984.9000000000005,925.1999999999989,5.0,Thin stack
2026-09-22,28,Kansai / Chugoku / Shikoku / Kyushu,0.01,2145.4000000000015,11958.2,2145.4000000000015,5.0,Balanced stack
2026-09-22,28,System Price,5.45,4920.700000000004,3756.9000000000015,3756.9000000000015,5.0,Balanced stack
2026-09-22,28,Tokyo / Chubu,24.0,5246.299999999999,1978.2000000000007,1978.2000000000007,5.0,Balanced stack
2026-09-22,29,Chugoku / Shikoku / Kyushu,0.01,1278.2000000000007,6663.199999999999,1278.2000000000007,5.0,Thin stack
2026-09-22,29,Hokkaido / Tohoku,0.01,913.7000000000007,3820.699999999999,913.7000000000007,5.0,Thin stack
2026-09-22,29,System Price,3.01,1326.4000000000015,25311.0,1326.4000000000015,5.0,Thin stack
2026-09-22,29,Tokyo / Chubu,24.76,4829.200000000001,3582.7999999999993,3582.7999999999993,5.0,Balanced stack
2026-09-22,30,Chugoku / Shikoku / Kyushu,0.01,1273.1000000000004,6389.200000000001,1273.1000000000004,5.0,Thin stack
2026-09-22,30,Hokkaido / Tohoku,0.01,862.2000000000016,3703.499999999999,862.2000000000016,5.0,Thin stack
2026-09-22,30,System Price,10.28,5895.800000000003,4205.5999999999985,4205.5999999999985,5.0,Balanced stack
2026-09-22,30,Tokyo / Chubu,26.01,3395.5000000000036,5112.9000000000015,3395.5000000000036,5.0,Balanced stack
2026-09-22,31,Hokkaido / Tohoku,0.01,590.6999999999989,3551.300000000001,590.6999999999989,5.0,Thin stack
2026-09-22,31,Kansai / Chugoku / Shikoku / Kyushu,4.8,1990.6000000000022,11733.099999999997,1990.6000000000022,5.0,Balanced stack
2026-09-22,31,System Price,12.01,3078.0,7034.699999999997,3078.0,5.0,Balanced stack
2026-09-22,31,Tokyo / Chubu,28.21,2416.5,5887.200000000001,2416.5,5.0,Balanced stack
2026-09-22,32,Hokkaido / Tohoku,0.01,567.4000000000005,3441.6000000000004,567.4000000000005,5.0,Thin stack
2026-09-22,32,Kansai / Chugoku / Shikoku / Kyushu,8.0,3171.300000000003,802.4999999999964,802.4999999999964,5.0,Thin stack
2026-09-22,32,System Price,16.83,1874.300000000003,3732.699999999997,1874.300000000003,5.0,Balanced stack
2026-09-22,33,Hokkaido / Tohoku,0.7,482.6999999999998,3623.2999999999993,482.6999999999998,5.0,Scarcity stack
2026-09-22,33,Hokuriku / Kansai / Chugoku / Shikoku / Kyushu,8.06,3527.1000000000004,1253.0,1253.0,5.0,Thin stack
2026-09-22,33,System Price,22.48,5780.699999999997,2493.9000000000015,2493.9000000000015,5.0,Balanced stack
2026-09-22,34,Hokkaido / Tohoku,9.5,852.7999999999993,224.80000000000018,224.80000000000018,5.0,Solar compression stack
2026-09-22,34,Hokuriku / Kansai / Chugoku / Shikoku / Kyushu,10.08,2044.4000000000015,1732.9999999999964,1732.9999999999964,5.0,Balanced stack
2026-09-22,34,System Price,25.71,4209.999999999993,5062.500000000007,4209.999999999993,5.0,Balanced stack
2026-09-22,35,Hokkaido / Tohoku,9.67,372.8000000000002,801.6999999999998,372.8000000000002,5.0,Scarcity stack
2026-09-22,35,Hokuriku / Kansai / Chugoku / Shikoku / Kyushu,11.85,1680.5999999999985,1957.800000000003,1680.5999999999985,5.0,Balanced stack
2026-09-22,35,System Price,26.5,3566.7000000000044,5795.300000000003,3566.7000000000044,5.0,Balanced stack
2026-09-22,36,Hokkaido / Tohoku,9.67,363.2999999999993,803.6000000000004,363.2999999999993,5.0,Scarcity stack
2026-09-22,36,Hokuriku / Kansai / Chugoku / Shikoku / Kyushu,16.0,2422.2000000000007,1784.4000000000015,1784.4000000000015,5.0,Balanced stack
2026-09-22,36,System Price,28.54,3414.4000000000087,6656.299999999996,3414.4000000000087,5.0,Balanced stack
2026-09-22,37,Hokkaido / Tohoku,9.7,161.59999999999945,1012.8000000000002,161.59999999999945,5.0,Scarcity stack
2026-09-22,37,Hokuriku / Kansai / Chugoku / Shikoku / Kyushu,16.02,2008.7999999999975,1989.4000000000033,1989.4000000000033,5.0,Balanced stack
2026-09-22,37,System Price,28.3,3626.5999999999985,6443.800000000003,3626.5999999999985,5.0,Balanced stack
2026-09-22,38,Hokkaido / Tohoku,10.68,52.0,947.5,52.0,5.0,Scarcity stack
2026-09-22,38,Hokuriku / Kansai / Chugoku / Shikoku / Kyushu,14.96,2095.600000000002,1946.9999999999964,1946.9999999999964,5.0,Balanced stack
2026-09-22,38,System Price,28.29,3469.5999999999985,6541.5999999999985,3469.5999999999985,5.0,Balanced stack
2026-09-22,39,Hokkaido / Tohoku,17.5,214.59999999999945,95.70000000000073,95.70000000000073,5.0,Scarcity stack
2026-09-22,39,Hokuriku / Kansai / Chugoku / Shikoku / Kyushu,12.74,1930.5,2393.2000000000007,1930.5,5.0,Balanced stack
2026-09-22,39,System Price,27.92,3329.0999999999913,5504.000000000007,3329.0999999999913,5.0,Balanced stack
2026-09-22,40,Hokkaido / Tohoku,19.95,173.19999999999982,141.60000000000036,141.60000000000036,5.0,Scarcity stack
2026-09-22,40,Hokuriku / Kansai / Chugoku / Shikoku / Kyushu,9.92,1007.9000000000033,1985.0999999999985,1007.9000000000033,5.0,Thin stack
2026-09-22,40,System Price,26.05,3545.800000000003,5170.800000000003,3545.800000000003,5.0,Balanced stack
2026-09-22,41,Hokkaido / Tohoku,20.19,213.5,99.89999999999964,99.89999999999964,5.0,Scarcity stack
2026-09-22,41,Hokuriku / Kansai / Chugoku / Shikoku / Kyushu,9.63,1183.4000000000015,1824.3999999999996,1183.4000000000015,5.0,Thin stack
2026-09-22,41,System Price,24.9,4797.899999999994,4834.500000000007,4797.899999999994,5.0,Balanced stack
2026-09-22,41,Tokyo / Chubu,33.95,1855.7999999999993,1934.2000000000007,1855.7999999999993,5.0,Balanced stack
2026-09-22,42,Hokkaido / Tohoku,20.01,208.10000000000036,105.10000000000036,105.10000000000036,5.0,Scarcity stack
2026-09-22,42,Hokuriku / Kansai / Chugoku / Shikoku / Kyushu,9.17,1403.3999999999996,1502.800000000001,1403.3999999999996,5.0,Thin stack
2026-09-22,42,System Price,24.45,4984.5,4300.800000000003,4300.800000000003,5.0,Balanced stack
2026-09-22,42,Tokyo / Chubu,33.31,1298.7000000000007,3169.5,1298.7000000000007,5.0,Thin stack
2026-09-22,43,Hokkaido / Tohoku,25.9,276.89999999999964,106.30000000000018,106.30000000000018,5.0,Scarcity stack
2026-09-22,43,Hokuriku / Kansai / Chugoku / Shikoku / Kyushu,10.5,957.4000000000015,2099.0999999999985,957.4000000000015,5.0,Thin stack
2026-09-22,43,System Price,24.49,5068.0,4485.200000000004,4485.200000000004,5.0,Balanced stack
2026-09-22,43,Tokyo / Chubu,32.52,2037.8999999999978,2968.199999999997,2037.8999999999978,5.0,Balanced stack
2026-09-22,44,Hokkaido / Tohoku,29.0,709.2000000000007,293.89999999999964,293.89999999999964,5.0,Solar compression stack
2026-09-22,44,Hokuriku / Kansai / Chugoku / Shikoku / Kyushu,9.92,1286.2999999999993,2246.3999999999996,1286.2999999999993,5.0,Thin stack
2026-09-22,44,System Price,24.32,6209.5999999999985,3593.5000000000073,3593.5000000000073,5.0,Balanced stack
2026-09-22,44,Tokyo / Chubu,32.52,1683.199999999997,2925.300000000003,1683.199999999997,5.0,Balanced stack
2026-09-22,45,Hokkaido / Tohoku,19.0,101.59999999999945,86.70000000000073,86.70000000000073,5.0,Scarcity stack
2026-09-22,45,Hokuriku / Kansai / Chugoku / Shikoku / Kyushu,10.95,1026.300000000001,2108.2000000000007,1026.300000000001,5.0,Thin stack
2026-09-22,45,System Price,23.56,5621.500000000007,3722.0999999999985,3722.0999999999985,5.0,Balanced stack
2026-09-22,45,Tokyo / Chubu,32.52,4220.199999999997,2343.4000000000015,2343.4000000000015,5.0,Balanced stack
2026-09-22,46,Hokkaido / Tohoku,20.22,497.1999999999998,100.69999999999982,100.69999999999982,5.0,Scarcity stack
2026-09-22,46,Hokuriku / Kansai / Chugoku / Shikoku / Kyushu,10.01,1479.1000000000004,2312.800000000001,1479.1000000000004,5.0,Thin stack
2026-09-22,46,System Price,22.76,6630.799999999996,3245.100000000006,3245.100000000006,5.0,Balanced stack
2026-09-22,46,Tokyo / Chubu,32.52,4445.200000000001,2436.699999999997,2436.699999999997,5.0,Balanced stack
2026-09-22,47,Hokkaido / Tohoku,13.22,63.900000000000546,1312.8999999999996,63.900000000000546,5.0,Scarcity stack
2026-09-22,47,Hokuriku / Kansai / Chugoku / Shikoku / Kyushu,9.87,974.9000000000015,2173.800000000001,974.9000000000015,5.0,Thin stack
2026-09-22,47,System Price,22.5,6265.4000000000015,3134.300000000003,3134.300000000003,5.0,Balanced stack
2026-09-22,47,Tokyo / Chubu,32.0,5009.9000000000015,2089.0999999999985,2089.0999999999985,5.0,Balanced stack
2026-09-22,48,Hokkaido / Tohoku,10.68,411.2000000000007,1315.999999999999,411.2000000000007,5.0,Scarcity stack
2026-09-22,48,Hokuriku / Kansai / Chugoku / Shikoku / Kyushu,8.0,2224.6000000000004,999.2000000000007,999.2000000000007,5.0,Thin stack
2026-09-22,48,System Price,20.0,5191.9000000000015,2389.300000000003,2389.300000000003,5.0,Balanced stack
2026-09-22,48,Tokyo / Chubu,28.02,1695.5,4771.799999999999,1695.5,5.0,Balanced stack
2026-09-23,1,Hokuriku / Kansai / Chugoku / Shikoku / Kyushu,8.06,1902.7999999999993,1281.300000000001,1281.300000000001,5.0,Thin stack
2026-09-23,1,System Price,22.19,5771.300000000003,3409.199999999997,3409.199999999997,5.0,Balanced stack
2026-09-23,1,Tohoku / Tokyo / Chubu,27.22,2448.7999999999993,5034.9000000000015,2448.7999999999993,5.0,Balanced stack
2026-09-23,2,Hokuriku / Kansai / Chugoku / Shikoku / Kyushu,8.78,1654.800000000001,1878.9999999999982,1654.800000000001,5.0,Balanced stack
2026-09-23,2,System Price,21.01,6026.4000000000015,2787.9000000000015,2787.9000000000015,5.0,Balanced stack
2026-09-23,2,Tokyo / Chubu,26.71,2162.2000000000007,4177.5999999999985,2162.2000000000007,5.0,Balanced stack
2026-09-23,3,Hokuriku / Kansai / Chugoku / Shikoku / Kyushu,9.87,1469.800000000001,2029.2999999999993,1469.800000000001,5.0,Thin stack
2026-09-23,3,System Price,20.0,4827.499999999993,2276.2000000000044,2276.2000000000044,5.0,Balanced stack
2026-09-23,3,Tokyo / Chubu,26.04,2673.2999999999993,4811.200000000001,2673.2999999999993,5.0,Balanced stack
2026-09-23,4,Hokuriku / Kansai / Chugoku / Shikoku / Kyushu,9.87,1559.4000000000015,2038.9999999999982,1559.4000000000015,5.0,Balanced stack
2026-09-23,4,System Price,17.4,3160.100000000006,2307.2000000000044,2307.2000000000044,5.0,Balanced stack
2026-09-23,4,Tokyo / Chubu,25.01,3388.5000000000036,3845.199999999997,3388.5000000000036,5.0,Balanced stack
2026-09-23,5,Hokuriku / Kansai / Chugoku / Shikoku / Kyushu,9.76,1655.1000000000004,1898.5,1655.1000000000004,5.0,Balanced stack
2026-09-23,5,System Price,16.11,3160.9999999999927,3342.600000000006,3160.9999999999927,5.0,Balanced stack
2026-09-23,5,Tokyo / Chubu,25.0,3586.5,3548.5,3548.5,5.0,Balanced stack
2026-09-23,6,Hokkaido / Tohoku,16.2,129.19999999999982,220.10000000000036,129.19999999999982,5.0,Scarcity stack
2026-09-23,6,Hokuriku / Kansai / Chugoku / Shikoku / Kyushu,10.28,1312.3999999999996,1834.4000000000015,1312.3999999999996,5.0,Thin stack
2026-09-23,6,System Price,17.1,3185.4000000000015,2187.100000000006,2187.100000000006,5.0,Balanced stack
2026-09-23,6,Tokyo / Chubu,24.8,3970.899999999998,3106.7000000000007,3106.7000000000007,5.0,Balanced stack
2026-09-23,7,Hokkaido / Tohoku,20.33,252.0,341.6999999999998,252.0,5.0,Scarcity stack
2026-09-23,7,Hokuriku / Kansai / Chugoku / Shikoku / Kyushu,10.38,1074.800000000001,2196.2999999999993,1074.800000000001,5.0,Thin stack
2026-09-23,7,System Price,19.61,4381.799999999996,2075.800000000003,2075.800000000003,5.0,Balanced stack
2026-09-23,7,Tokyo / Chubu,25.0,3484.7999999999993,3842.5999999999985,3484.7999999999993,5.0,Balanced stack
2026-09-23,8,Hokkaido / Tohoku,21.01,179.89999999999964,417.5000000000009,179.89999999999964,5.0,Scarcity stack
2026-09-23,8,Hokuriku / Kansai / Chugoku / Shikoku / Kyushu,11.7,584.1999999999989,2343.7000000000007,584.1999999999989,5.0,Thin stack
2026-09-23,8,System Price,21.1,5015.800000000003,3737.0,3737.0,5.0,Balanced stack
2026-09-23,8,Tokyo / Chubu,26.08,2832.600000000002,3898.4000000000015,2832.600000000002,5.0,Balanced stack
2026-09-23,9,Hokkaido / Tohoku,25.0,316.6999999999998,492.0,316.6999999999998,5.0,Scarcity stack
2026-09-23,9,Hokuriku / Kansai / Chugoku / Shikoku / Kyushu,8.62,1095.699999999999,1989.8999999999996,1095.699999999999,5.0,Thin stack
2026-09-23,9,System Price,22.01,5794.799999999996,3655.600000000006,3655.600000000006,5.0,Balanced stack
2026-09-23,9,Tokyo / Chubu,26.1,2874.2999999999993,3907.7000000000007,2874.2999999999993,5.0,Balanced stack
2026-09-23,10,Hokkaido / Tohoku,26.23,197.89999999999964,648.9000000000015,197.89999999999964,5.0,Scarcity stack
2026-09-23,10,Hokuriku / Kansai / Chugoku / Shikoku / Kyushu,10.95,824.1999999999989,1930.7999999999993,824.1999999999989,5.0,Thin stack
2026-09-23,10,System Price,24.24,6295.0999999999985,3956.9999999999927,3956.9999999999927,5.0,Balanced stack
2026-09-23,10,Tokyo / Chubu,26.41,2473.0999999999985,4130.0999999999985,2473.0999999999985,5.0,Balanced stack
2026-09-23,11,Hokuriku / Kansai / Chugoku / Shikoku / Kyushu,12.1,644.9000000000015,2159.7999999999993,644.9000000000015,5.0,Thin stack
2026-09-23,11,System Price,23.5,6430.699999999997,3700.4000000000015,3700.4000000000015,5.0,Balanced stack
2026-09-23,11,Tohoku / Tokyo / Chubu,25.35,3331.0999999999985,4614.5999999999985,3331.0999999999985,5.0,Balanced stack
2026-09-23,12,Hokuriku / Kansai / Chugoku / Shikoku / Kyushu,10.95,787.1999999999989,1995.8999999999996,787.1999999999989,5.0,Thin stack
2026-09-23,12,System Price,21.1,5178.0,3554.2999999999956,3554.2999999999956,5.0,Balanced stack
2026-09-23,12,Tokyo / Chubu,25.12,3585.600000000002,4012.5999999999985,3585.600000000002,5.0,Balanced stack
2026-09-23,13,Hokuriku / Kansai / Chugoku / Shikoku / Kyushu,12.4,1191.7999999999993,2321.0,1191.7999999999993,5.0,Thin stack
2026-09-23,13,System Price,18.45,3150.0999999999985,2818.80000000001,2818.80000000001,5.0,Balanced stack
2026-09-23,13,Tokyo / Chubu,24.73,4178.800000000003,3604.699999999997,3604.699999999997,5.0,Balanced stack
2026-09-23,14,Hokuriku / Kansai / Chugoku / Shikoku / Kyushu,9.83,1649.2999999999993,1939.6000000000022,1649.2999999999993,5.0,Balanced stack
2026-09-23,14,System Price,13.57,2833.800000000003,4464.5999999999985,2833.800000000003,5.0,Balanced stack
2026-09-23,14,Tokyo / Chubu,24.44,4352.299999999999,3313.300000000003,3313.300000000003,5.0,Balanced stack
2026-09-23,15,Hokkaido / Tohoku,9.19,783.1999999999998,862.8000000000002,783.1999999999998,5.0,Thin stack
2026-09-23,15,Hokuriku / Kansai / Chugoku / Shikoku / Kyushu,8.16,2766.6000000000004,1382.5,1382.5,5.0,Thin stack
2026-09-23,15,System Price,10.4,3646.9000000000015,4597.5999999999985,3646.9000000000015,5.0,Balanced stack
2026-09-23,15,Tokyo / Chubu,24.41,4779.5,3442.399999999998,3442.399999999998,5.0,Balanced stack
2026-09-23,16,Kansai / Chugoku / Shikoku / Kyushu,5.89,2451.699999999999,1222.6000000000004,1222.6000000000004,5.0,Thin stack
2026-09-23,16,System Price,10.39,4941.4000000000015,4240.800000000003,4240.800000000003,5.0,Balanced stack
2026-09-23,16,Tokyo / Chubu,24.41,4817.700000000001,3454.5,3454.5,5.0,Balanced stack
2026-09-23,17,Kansai / Chugoku / Shikoku / Kyushu,3.0,511.3000000000011,11116.6,511.3000000000011,5.0,Thin stack
2026-09-23,17,System Price,10.01,5661.200000000004,3793.0999999999913,3793.0999999999913,5.0,Balanced stack
2026-09-23,17,Tokyo / Chubu,24.35,5089.4000000000015,3210.2999999999993,3210.2999999999993,5.0,Balanced stack
2026-09-23,18,Kansai / Chugoku / Shikoku / Kyushu,2.9,565.4999999999982,11700.3,565.4999999999982,5.0,Thin stack
2026-09-23,18,System Price,10.29,5235.0999999999985,4114.700000000004,4114.700000000004,5.0,Balanced stack
2026-09-23,18,Tokyo / Chubu,25.06,4058.100000000002,3915.399999999998,3915.399999999998,5.0,Balanced stack
2026-09-23,19,Chugoku / Shikoku / Kyushu,1.0,800.0999999999985,6627.200000000002,800.0999999999985,5.0,Thin stack
2026-09-23,19,System Price,9.6,6558.600000000006,3384.5999999999913,3384.5999999999913,5.0,Balanced stack
2026-09-23,19,Tokyo / Chubu,24.5,4578.0,3783.600000000002,3783.600000000002,5.0,Balanced stack
2026-09-23,20,Chugoku / Shikoku / Kyushu,0.03,971.9000000000015,6620.199999999999,971.9000000000015,5.0,Thin stack
2026-09-23,20,System Price,10.0,6186.69999999999,3759.7000000000044,3759.7000000000044,5.0,Balanced stack
2026-09-23,20,Tokyo / Chubu,26.06,4252.100000000002,4073.0999999999985,4073.0999999999985,5.0,Balanced stack
2026-09-23,21,Chugoku / Shikoku / Kyushu,0.01,1184.7000000000007,6930.9,1184.7000000000007,5.0,Thin stack
2026-09-23,21,System Price,9.99,6007.0,3851.5999999999985,3851.5999999999985,5.0,Balanced stack
2026-09-23,21,Tokyo / Chubu,24.63,4411.799999999999,3702.9000000000015,3702.9000000000015,5.0,Balanced stack
2026-09-23,22,Chugoku / Shikoku / Kyushu,0.01,1446.6000000000004,7166.299999999999,1446.6000000000004,5.0,Thin stack
2026-09-23,22,Hokuriku / Kansai,8.88,638.3000000000011,173.89999999999964,173.89999999999964,5.0,Solar compression stack
2026-09-23,22,System Price,9.63,6082.4000000000015,3621.9000000000087,3621.9000000000087,5.0,Balanced stack
2026-09-23,22,Tokyo / Chubu,24.63,4332.899999999998,3670.5,3670.5,5.0,Balanced stack
2026-09-23,23,Chugoku / Shikoku / Kyushu,0.01,1375.9000000000015,7140.8,1375.9000000000015,5.0,Thin stack
2026-09-23,23,Hokuriku / Kansai,8.29,686.5999999999985,158.00000000000182,158.00000000000182,5.0,Solar compression stack
2026-09-23,23,System Price,8.79,6849.900000000009,2446.899999999994,2446.899999999994,5.0,Balanced stack
2026-09-23,23,Tokyo / Chubu,22.61,4264.9000000000015,2862.0999999999985,2862.0999999999985,5.0,Balanced stack
2026-09-23,24,Chugoku / Shikoku / Kyushu,0.01,1270.3999999999996,7244.0,1270.3999999999996,5.0,Thin stack
2026-09-23,24,Hokuriku / Kansai,8.68,649.1000000000004,176.29999999999927,176.29999999999927,5.0,Solar compression stack
2026-09-23,24,System Price,7.85,6587.999999999993,1875.4000000000015,1875.4000000000015,5.0,Balanced stack
2026-09-23,24,Tokyo / Chubu,21.74,3747.800000000003,2540.899999999994,2540.899999999994,5.0,Balanced stack
2026-09-23,25,Chugoku / Shikoku / Kyushu,0.01,1411.800000000001,6986.9,1411.800000000001,5.0,Thin stack
2026-09-23,25,Hokuriku / Kansai,9.9,705.3999999999996,206.89999999999964,206.89999999999964,5.0,Solar compression stack
2026-09-23,25,System Price,6.44,5374.4000000000015,2676.4000000000015,2676.4000000000015,5.0,Balanced stack
2026-09-23,26,Chugoku / Shikoku / Kyushu,0.01,1403.7999999999993,6721.0,1403.7999999999993,5.0,Thin stack
2026-09-23,26,Hokuriku / Kansai,9.9,497.0000000000018,389.9999999999982,389.9999999999982,5.0,Scarcity stack
2026-09-23,26,System Price,9.62,7056.799999999996,2805.5,2805.5,5.0,Balanced stack
2026-09-23,27,Chugoku / Shikoku / Kyushu,0.01,1262.2999999999993,6766.4,1262.2999999999993,5.0,Thin stack
2026-09-23,27,Hokuriku / Kansai,12.9,667.2999999999993,588.5,588.5,5.0,Thin stack
2026-09-23,27,System Price,10.1,6516.299999999996,3289.5,3289.5,5.0,Balanced stack
2026-09-23,27,Tokyo / Chubu,23.9,5468.4000000000015,2801.5,2801.5,5.0,Balanced stack
2026-09-23,28,Chugoku / Shikoku / Kyushu,1.0,843.6999999999989,6706.1,843.6999999999989,5.0,Thin stack
2026-09-23,28,Hokuriku / Kansai,17.1,580.2000000000007,586.7999999999993,580.2000000000007,5.0,Thin stack
2026-09-23,28,System Price,11.24,4448.100000000006,5006.5,4448.100000000006,5.0,Balanced stack
2026-09-23,28,Tokyo / Chubu,23.9,5131.700000000001,3172.0,3172.0,5.0,Balanced stack
2026-09-23,29,Chugoku / Shikoku / Kyushu,2.88,390.39999999999964,6547.5999999999985,390.39999999999964,5.0,Scarcity stack
2026-09-23,29,Hokuriku / Kansai,17.1,410.89999999999964,599.3999999999996,410.89999999999964,5.0,Scarcity stack
2026-09-23,29,System Price,10.94,4902.200000000004,4822.899999999994,4822.899999999994,5.0,Balanced stack
2026-09-23,29,Tokyo / Chubu,24.74,4818.300000000003,3654.399999999998,3654.399999999998,5.0,Balanced stack
2026-09-23,30,Chugoku / Shikoku / Kyushu,2.6,377.90000000000146,6090.199999999999,377.90000000000146,5.0,Scarcity stack
2026-09-23,30,Hokuriku / Kansai,20.0,296.40000000000146,602.0,296.40000000000146,5.0,Scarcity stack
2026-09-23,30,System Price,12.3,3348.9000000000015,6302.899999999994,3348.9000000000015,5.0,Balanced stack
2026-09-23,30,Tokyo / Chubu,25.77,4716.0999999999985,4737.5,4716.0999999999985,5.0,Balanced stack
2026-09-23,31,Chugoku / Shikoku / Kyushu,8.09,2316.7000000000007,510.09999999999854,510.09999999999854,5.0,Thin stack
2026-09-23,31,Hokuriku / Kansai,14.32,649.5,493.2000000000007,493.2000000000007,5.0,Solar compression stack
2026-09-23,31,System Price,13.71,3365.7999999999956,6268.9000000000015,3365.7999999999956,5.0,Balanced stack
2026-09-23,31,Tokyo / Chubu,27.36,4189.799999999999,4151.500000000004,4151.500000000004,5.0,Balanced stack
2026-09-23,32,Hokuriku / Kansai / Chugoku / Shikoku / Kyushu,8.16,2654.2999999999993,1202.2999999999993,1202.2999999999993,5.0,Thin stack
2026-09-23,32,System Price,17.47,2216.0,3525.399999999994,2216.0,5.0,Balanced stack
2026-09-23,32,Tokyo / Chubu,28.29,2614.300000000003,5654.5999999999985,2614.300000000003,5.0,Balanced stack
2026-09-23,33,Hokuriku / Kansai / Chugoku / Shikoku / Kyushu,8.0,2676.2999999999993,1101.7000000000007,1101.7000000000007,5.0,Thin stack
2026-09-23,33,System Price,23.5,6605.000000000007,3787.4000000000015,3787.4000000000015,5.0,Balanced stack
2026-09-23,33,Tokyo / Chubu,30.11,1448.0,6245.299999999996,1448.0,5.0,Thin stack
2026-09-23,34,Hokuriku / Kansai / Chugoku / Shikoku / Kyushu,10.25,1204.0999999999985,1923.9000000000015,1204.0999999999985,5.0,Thin stack
2026-09-23,34,System Price,26.48,5779.799999999996,4833.5999999999985,4833.5999999999985,5.0,Balanced stack
2026-09-23,34,Tohoku / Tokyo / Chubu,34.9,2417.899999999998,2455.5000000000036,2417.899999999998,5.0,Balanced stack
2026-09-23,35,Hokuriku / Kansai / Chugoku / Shikoku / Kyushu,10.95,1166.5,1975.5,1166.5,5.0,Thin stack
2026-09-23,35,System Price,26.35,6076.4000000000015,4884.599999999991,4884.599999999991,5.0,Balanced stack
2026-09-23,35,Tohoku / Tokyo / Chubu,34.28,2329.0,1892.0,1892.0,5.0,Balanced stack
2026-09-23,36,Hokuriku / Kansai / Chugoku / Shikoku / Kyushu,16.51,2848.3999999999996,1117.7999999999993,1117.7999999999993,5.0,Thin stack
2026-09-23,36,System Price,27.56,4931.700000000004,4854.999999999993,4854.999999999993,5.0,Balanced stack
2026-09-23,36,Tohoku / Tokyo / Chubu,34.31,3144.0,2068.9000000000015,2068.9000000000015,5.0,Balanced stack
2026-09-23,37,Hokuriku / Kansai / Chugoku / Shikoku / Kyushu,16.66,2863.7999999999993,1134.6000000000022,1134.6000000000022,5.0,Thin stack
2026-09-23,37,System Price,27.91,4786.4000000000015,4361.699999999997,4361.699999999997,5.0,Balanced stack
2026-09-23,37,Tohoku / Tokyo / Chubu,34.5,2122.100000000002,2458.699999999997,2122.100000000002,5.0,Balanced stack
2026-09-23,38,Hokuriku / Kansai / Chugoku / Shikoku / Kyushu,15.9,2486.7000000000044,1234.5,1234.5,5.0,Thin stack
2026-09-23,38,System Price,27.92,4258.0,4363.799999999996,4258.0,5.0,Balanced stack
2026-09-23,38,Tohoku / Tokyo / Chubu,34.5,2046.6000000000022,2293.2000000000007,2046.6000000000022,5.0,Balanced stack
2026-09-23,39,Hokuriku / Kansai / Chugoku / Shikoku / Kyushu,14.61,2439.5,1296.699999999997,1296.699999999997,5.0,Thin stack
2026-09-23,39,System Price,26.7,4857.299999999996,4837.4000000000015,4837.4000000000015,5.0,Balanced stack
2026-09-23,39,Tohoku / Tokyo / Chubu,34.6,2124.9000000000015,2027.8999999999978,2027.8999999999978,5.0,Balanced stack
2026-09-23,40,Hokuriku / Kansai / Chugoku / Shikoku / Kyushu,12.09,1700.9000000000033,1991.199999999997,1700.9000000000033,5.0,Balanced stack
2026-09-23,40,System Price,25.0,4320.699999999997,5167.899999999994,4320.699999999997,5.0,Balanced stack
2026-09-23,40,Tohoku / Tokyo / Chubu,33.5,2045.199999999997,2742.4000000000015,2045.199999999997,5.0,Balanced stack
2026-09-23,41,Hokuriku / Kansai / Chugoku / Shikoku / Kyushu,13.47,1943.9999999999964,1266.5000000000036,1266.5000000000036,5.0,Thin stack
2026-09-23,41,System Price,25.0,4918.199999999997,5297.80000000001,4918.199999999997,5.0,Balanced stack
2026-09-23,41,Tohoku / Tokyo / Chubu,33.28,2261.5,3088.9000000000015,2261.5,5.0,Balanced stack
2026-09-23,42,Hokuriku / Kansai / Chugoku / Shikoku / Kyushu,10.4,1205.2999999999993,1831.6000000000022,1205.2999999999993,5.0,Thin stack
2026-09-23,42,System Price,24.41,5712.800000000003,4581.5999999999985,4581.5999999999985,5.0,Balanced stack
2026-09-23,42,Tohoku / Tokyo / Chubu,31.5,2095.5999999999985,4345.100000000002,2095.5999999999985,5.0,Balanced stack
2026-09-23,43,Hokuriku / Kansai / Chugoku / Shikoku / Kyushu,12.61,1964.4000000000015,2287.2999999999993,1964.4000000000015,5.0,Balanced stack
2026-09-23,43,System Price,24.38,5663.0,4552.0999999999985,4552.0999999999985,5.0,Balanced stack
2026-09-23,43,Tohoku / Tokyo / Chubu,30.11,1374.900000000005,5409.899999999998,1374.900000000005,5.0,Thin stack
2026-09-23,44,Hokuriku / Kansai / Chugoku / Shikoku / Kyushu,10.01,1320.0,2082.300000000003,1320.0,5.0,Thin stack
2026-09-23,44,System Price,23.82,6613.5999999999985,3415.5,3415.5,5.0,Balanced stack
2026-09-23,44,Tohoku / Tokyo / Chubu,30.01,2177.7999999999993,4759.799999999999,2177.7999999999993,5.0,Balanced stack
2026-09-23,45,Hokuriku / Kansai / Chugoku / Shikoku / Kyushu,12.09,1762.0999999999967,2241.2000000000007,1762.0999999999967,5.0,Balanced stack
2026-09-23,45,System Price,23.0,5417.0999999999985,3440.600000000006,3440.600000000006,5.0,Balanced stack
2026-09-23,45,Tohoku / Tokyo / Chubu,32.0,2421.300000000003,3505.5,2421.300000000003,5.0,Balanced stack
2026-09-23,46,Hokuriku / Kansai / Chugoku / Shikoku / Kyushu,10.95,1181.0,2160.9000000000015,1181.0,5.0,Thin stack
2026-09-23,46,System Price,22.5,5277.0999999999985,2939.2000000000044,2939.2000000000044,5.0,Balanced stack
2026-09-23,46,Tohoku / Tokyo / Chubu,30.11,2896.4000000000015,4855.700000000001,2896.4000000000015,5.0,Balanced stack
2026-09-23,47,Hokuriku / Kansai / Chugoku / Shikoku / Kyushu,10.95,1175.0,2004.199999999997,1175.0,5.0,Thin stack
2026-09-23,47,System Price,21.93,5173.5,3514.7999999999956,3514.7999999999956,5.0,Balanced stack
2026-09-23,47,Tohoku / Tokyo / Chubu,30.32,4604.0,4215.700000000004,4215.700000000004,5.0,Balanced stack
2026-09-23,48,Hokuriku / Kansai / Chugoku / Shikoku / Kyushu,9.99,1432.2999999999993,2161.5,1432.2999999999993,5.0,Thin stack
2026-09-23,48,System Price,20.01,5266.5,2886.800000000003,2886.800000000003,5.0,Balanced stack
2026-09-23,48,Tohoku / Tokyo / Chubu,28.01,1663.7000000000007,5312.0999999999985,1663.7000000000007,5.0,Balanced stack
2026-09-24,1,Hokuriku / Kansai / Chugoku / Shikoku / Kyushu,10.59,994.7000000000007,2169.5999999999985,994.7000000000007,5.0,Thin stack
2026-09-24,1,System Price,22.67,7371.199999999997,2425.9000000000015,2425.9000000000015,5.0,Balanced stack
2026-09-24,1,Tohoku / Tokyo / Chubu,25.75,4257.000000000004,5388.0999999999985,4257.000000000004,5.0,Balanced stack
2026-09-24,2,Hokuriku / Kansai / Chugoku / Shikoku / Kyushu,9.63,1942.2999999999993,1988.9000000000015,1942.2999999999993,5.0,Balanced stack
2026-09-24,2,System Price,19.01,3776.0,2719.0999999999985,2719.0999999999985,5.0,Balanced stack
2026-09-24,2,Tohoku / Tokyo / Chubu,25.63,4022.2000000000007,4813.0999999999985,4022.2000000000007,5.0,Balanced stack
2026-09-24,3,Hokuriku / Kansai / Chugoku / Shikoku / Kyushu,10.0,1741.0999999999985,2265.7999999999993,1741.0999999999985,5.0,Balanced stack
2026-09-24,3,System Price,18.36,2280.5999999999985,2166.5,2166.5,5.0,Balanced stack
2026-09-24,3,Tohoku / Tokyo / Chubu,25.49,4330.0999999999985,5225.600000000002,4330.0999999999985,5.0,Balanced stack
2026-09-24,4,Hokuriku / Kansai / Chugoku / Shikoku / Kyushu,10.0,1849.3999999999996,2265.7000000000007,1849.3999999999996,5.0,Balanced stack
2026-09-24,4,System Price,15.75,1454.7999999999956,4575.200000000004,1454.7999999999956,5.0,Thin stack
2026-09-24,4,Tohoku / Tokyo / Chubu,24.89,4277.799999999999,5022.5999999999985,4277.799999999999,5.0,Balanced stack
2026-09-24,5,Hokuriku / Kansai / Chugoku / Shikoku / Kyushu,9.98,1969.7999999999993,2261.1000000000004,1969.7999999999993,5.0,Balanced stack
2026-09-24,5,System Price,15.43,1963.300000000003,4176.9000000000015,1963.300000000003,5.0,Balanced stack
2026-09-24,5,Tohoku / Tokyo / Chubu,24.58,4552.799999999999,4912.699999999997,4552.799999999999,5.0,Balanced stack
2026-09-24,6,Hokuriku / Kansai / Chugoku / Shikoku / Kyushu,10.14,1772.7000000000007,1905.8999999999996,1772.7000000000007,5.0,Balanced stack
2026-09-24,6,System Price,16.8,1558.5000000000073,2641.899999999994,1558.5000000000073,5.0,Balanced stack
2026-09-24,6,Tohoku / Tokyo / Chubu,25.14,4447.299999999999,5085.0,4447.299999999999,5.0,Balanced stack
2026-09-24,7,Hokuriku / Kansai / Chugoku / Shikoku / Kyushu,10.23,1599.300000000001,1915.3999999999978,1599.300000000001,5.0,Balanced stack
2026-09-24,7,System Price,16.89,1319.7999999999956,2790.5,1319.7999999999956,5.0,Thin stack
2026-09-24,7,Tohoku / Tokyo / Chubu,25.5,3876.399999999998,5231.200000000001,3876.399999999998,5.0,Balanced stack
2026-09-24,8,Hokuriku / Kansai / Chugoku / Shikoku / Kyushu,10.31,1174.5,2202.3999999999996,1174.5,5.0,Thin stack
2026-09-24,8,System Price,21.02,6844.0,1411.800000000003,1411.800000000003,5.0,Thin stack
2026-09-24,8,Tohoku / Tokyo / Chubu,25.5,3875.5,5280.0999999999985,3875.5,5.0,Balanced stack
2026-09-24,9,Hokuriku / Kansai / Chugoku / Shikoku / Kyushu,10.6,1019.5999999999985,2075.2000000000025,1019.5999999999985,5.0,Thin stack
2026-09-24,9,System Price,22.51,7647.5,1771.5999999999985,1771.5999999999985,5.0,Balanced stack
2026-09-24,9,Tohoku / Tokyo / Chubu,25.9,3986.2999999999993,5615.5999999999985,3986.2999999999993,5.0,Balanced stack
2026-09-24,10,Hokuriku / Kansai / Chugoku / Shikoku / Kyushu,12.16,1219.2999999999993,2449.000000000002,1219.2999999999993,5.0,Thin stack
2026-09-24,10,System Price,23.48,7655.800000000003,2424.0,2424.0,5.0,Balanced stack
2026-09-24,10,Tohoku / Tokyo / Chubu,26.22,3755.9000000000015,5885.799999999999,3755.9000000000015,5.0,Balanced stack
2026-09-24,11,Hokuriku / Kansai / Chugoku / Shikoku / Kyushu,14.5,1347.9000000000015,1645.4999999999982,1347.9000000000015,5.0,Thin stack
2026-09-24,11,System Price,23.78,7003.200000000004,3226.4000000000015,3226.4000000000015,5.0,Balanced stack
2026-09-24,11,Tohoku / Tokyo / Chubu,26.6,2893.9999999999964,6277.700000000001,2893.9999999999964,5.0,Balanced stack
2026-09-24,12,Hokuriku / Kansai / Chugoku / Shikoku / Kyushu,13.81,1105.3999999999978,1827.6000000000004,1105.3999999999978,5.0,Thin stack
2026-09-24,12,System Price,23.78,7061.299999999996,3408.0,3408.0,5.0,Balanced stack
2026-09-24,12,Tohoku / Tokyo / Chubu,26.34,3502.399999999998,6296.700000000001,3502.399999999998,5.0,Balanced stack
2026-09-24,13,Hokuriku / Kansai / Chugoku / Shikoku / Kyushu,14.63,972.3000000000011,1848.7999999999993,972.3000000000011,5.0,Thin stack
2026-09-24,13,System Price,23.53,8002.9000000000015,3251.9000000000015,3251.9000000000015,5.0,Balanced stack
2026-09-24,13,Tohoku / Tokyo / Chubu,26.04,3464.5999999999985,6119.799999999999,3464.5999999999985,5.0,Balanced stack
2026-09-24,14,Hokuriku / Kansai / Chugoku / Shikoku / Kyushu,10.28,1520.8999999999996,1877.4000000000015,1520.8999999999996,5.0,Balanced stack
2026-09-24,14,System Price,21.0,6864.100000000006,2212.5999999999985,2212.5999999999985,5.0,Balanced stack
2026-09-24,14,Tohoku / Tokyo / Chubu,25.74,3788.7000000000007,5788.899999999998,3788.7000000000007,5.0,Balanced stack
2026-09-24,15,Hokuriku / Kansai / Chugoku / Shikoku / Kyushu,9.98,2462.6000000000004,1771.0,1771.0,5.0,Balanced stack
2026-09-24,15,System Price,17.03,2084.0000000000073,3068.4999999999927,2084.0000000000073,5.0,Balanced stack
2026-09-24,15,Tohoku / Tokyo / Chubu,25.72,5152.700000000001,5461.499999999996,5152.700000000001,5.0,Balanced stack
2026-09-24,16,Hokuriku / Kansai / Chugoku / Shikoku / Kyushu,9.87,2519.5999999999985,1638.2999999999993,1638.2999999999993,5.0,Balanced stack
2026-09-24,16,System Price,16.24,2540.0999999999913,3759.9000000000015,2540.0999999999913,5.0,Balanced stack
2026-09-24,16,Tokyo / Chubu,25.71,4398.700000000001,5237.4000000000015,4398.700000000001,5.0,Balanced stack
2026-09-24,17,Hokuriku / Kansai / Chugoku / Shikoku / Kyushu,9.86,2835.9000000000015,1615.4000000000015,1615.4000000000015,5.0,Balanced stack
2026-09-24,17,System Price,16.85,2260.7999999999956,3179.5,2260.7999999999956,5.0,Balanced stack
2026-09-24,17,Tokyo / Chubu,27.03,2960.7999999999993,6530.5999999999985,2960.7999999999993,5.0,Balanced stack
2026-09-24,18,Hokkaido / Tohoku,9.74,398.2000000000007,1144.8999999999996,398.2000000000007,5.0,Scarcity stack
2026-09-24,18,Hokuriku / Kansai / Chugoku / Shikoku / Kyushu,10.07,1845.699999999997,2597.0,1845.699999999997,5.0,Balanced stack
2026-09-24,18,System Price,18.43,3279.5999999999985,3389.0,3279.5999999999985,5.0,Balanced stack
2026-09-24,18,Tokyo / Chubu,27.81,2214.800000000003,6763.399999999998,2214.800000000003,5.0,Balanced stack
2026-09-24,19,Chugoku / Shikoku / Kyushu,9.9,1687.7999999999993,1669.1000000000004,1669.1000000000004,5.0,Balanced stack
2026-09-24,19,Hokkaido / Tohoku,9.5,732.2999999999993,915.3999999999996,732.2999999999993,5.0,Thin stack
2026-09-24,19,Hokuriku / Kansai,14.9,1606.2999999999993,570.1000000000004,570.1000000000004,5.0,Thin stack
2026-09-24,19,System Price,16.79,2970.300000000003,3259.9999999999927,2970.300000000003,5.0,Balanced stack
2026-09-24,19,Tokyo / Chubu,26.91,3179.7999999999993,6459.9000000000015,3179.7999999999993,5.0,Balanced stack
2026-09-24,20,Chugoku / Shikoku / Kyushu,9.63,2064.2000000000007,1018.6999999999989,1018.6999999999989,5.0,Thin stack
2026-09-24,20,Hokkaido / Tohoku,9.0,1018.0000000000018,685.8999999999978,685.8999999999978,5.0,Thin stack
2026-09-24,20,Hokuriku / Kansai,17.9,906.7999999999993,998.2999999999993,906.7999999999993,5.0,Thin stack
2026-09-24,20,System Price,15.1,3312.9000000000015,5435.200000000004,3312.9000000000015,5.0,Balanced stack
2026-09-24,21,Chugoku / Kyushu,9.28,2036.300000000001,622.3000000000011,622.3000000000011,5.0,Thin stack
2026-09-24,21,Hokkaido / Tohoku,6.23,1104.0999999999985,651.1000000000004,651.1000000000004,5.0,Thin stack
2026-09-24,21,Hokuriku / Kansai,17.34,1055.2000000000007,869.5,869.5,5.0,Thin stack
2026-09-24,21,System Price,12.13,3504.0000000000073,5952.799999999996,3504.0000000000073,5.0,Balanced stack
2026-09-24,22,Chugoku / Kyushu,9.25,2005.7999999999993,453.10000000000036,453.10000000000036,5.0,Solar compression stack
2026-09-24,22,Hokkaido / Tohoku,6.01,1222.199999999999,549.5000000000018,549.5000000000018,5.0,Thin stack
2026-09-24,22,Hokuriku / Kansai,17.34,981.7999999999993,878.1000000000022,878.1000000000022,5.0,Thin stack
2026-09-24,22,System Price,11.1,3937.7999999999956,5129.0999999999985,3937.7999999999956,5.0,Balanced stack
2026-09-24,23,Chugoku / Kyushu,8.77,2162.699999999999,370.1000000000022,370.1000000000022,5.0,Solar compression stack
2026-09-24,23,Hokkaido / Tohoku,4.65,1001.9999999999982,4947.400000000001,1001.9999999999982,5.0,Thin stack
2026-09-24,23,Hokuriku / Kansai,16.8,1517.2999999999993,351.0,351.0,5.0,Solar compression stack
2026-09-24,23,System Price,10.41,4355.300000000003,4508.0999999999985,4355.300000000003,5.0,Balanced stack
2026-09-24,24,Chugoku / Kyushu,8.02,2338.0,491.6999999999989,491.6999999999989,5.0,Solar compression stack
2026-09-24,24,Hokkaido / Tohoku,4.5,970.8000000000011,4971.299999999998,970.8000000000011,5.0,Thin stack
2026-09-24,24,Hokuriku / Kansai,16.81,1623.5,249.3000000000011,249.3000000000011,5.0,Solar compression stack
2026-09-24,24,System Price,10.12,4715.800000000003,3931.0,3931.0,5.0,Balanced stack
2026-09-24,25,Chugoku / Shikoku / Kyushu,7.75,2662.500000000002,695.5999999999985,695.5999999999985,5.0,Thin stack
2026-09-24,25,Hokkaido / Tohoku,3.01,503.10000000000036,4834.199999999999,503.10000000000036,5.0,Thin stack
2026-09-24,25,Hokuriku / Kansai,12.48,1024.1000000000004,954.5,954.5,5.0,Thin stack
2026-09-24,25,System Price,8.48,5567.299999999996,2420.9000000000015,2420.9000000000015,5.0,Balanced stack
2026-09-24,26,Chugoku / Shikoku / Kyushu,8.09,2412.500000000002,859.7999999999993,859.7999999999993,5.0,Thin stack
2026-09-24,26,Hokkaido / Tohoku,3.69,433.60000000000036,4993.399999999999,433.60000000000036,5.0,Scarcity stack
2026-09-24,26,Hokuriku / Kansai,16.48,1561.8999999999996,140.90000000000146,140.90000000000146,5.0,Solar compression stack
2026-09-24,26,System Price,9.58,5818.4000000000015,2869.9000000000015,2869.9000000000015,5.0,Balanced stack
2026-09-24,27,Chugoku / Shikoku / Kyushu,8.15,2533.1000000000004,974.0,974.0,5.0,Thin stack
2026-09-24,27,Hokkaido / Tohoku,5.51,1186.699999999999,764.3000000000011,764.3000000000011,5.0,Thin stack
2026-09-24,27,Hokuriku / Kansai,17.59,798.1999999999989,1029.5,798.1999999999989,5.0,Thin stack
2026-09-24,27,System Price,12.1,3296.5999999999985,6965.300000000003,3296.5999999999985,5.0,Balanced stack
2026-09-24,28,Chugoku / Shikoku / Kyushu,7.87,3456.6000000000004,627.3999999999996,627.3999999999996,5.0,Thin stack
2026-09-24,28,Hokkaido / Tohoku,5.29,1199.7999999999993,664.8999999999996,664.8999999999996,5.0,Thin stack
2026-09-24,28,Hokuriku / Kansai,18.71,747.3999999999996,1119.0000000000018,747.3999999999996,5.0,Thin stack
2026-09-24,28,System Price,15.0,2988.199999999997,4885.000000000007,2988.199999999997,5.0,Balanced stack
2026-09-24,28,Tokyo / Chubu,28.0,2730.300000000003,6317.299999999999,2730.300000000003,5.0,Balanced stack
2026-09-24,29,Chugoku / Kyushu,7.77,3004.8999999999996,339.2000000000007,339.2000000000007,5.0,Solar compression stack
2026-09-24,29,Hokuriku / Kansai,16.85,1433.300000000001,608.5,608.5,5.0,Thin stack
2026-09-24,29,System Price,16.0,2839.0999999999985,2797.0,2797.0,5.0,Balanced stack
2026-09-24,30,Chugoku / Kyushu,8.01,2367.300000000001,326.7999999999993,326.7999999999993,5.0,Solar compression stack
2026-09-24,30,Hokuriku / Kansai,17.38,1001.2000000000007,1046.6000000000004,1001.2000000000007,5.0,Thin stack
2026-09-24,30,System Price,22.4,5654.0999999999985,2528.800000000003,2528.800000000003,5.0,Balanced stack
2026-09-24,31,Chugoku / Kyushu,10.01,1747.6000000000022,1005.7999999999975,1005.7999999999975,5.0,Thin stack
2026-09-24,31,Hokuriku / Kansai,18.78,684.3000000000029,1288.4999999999982,684.3000000000029,5.0,Thin stack
2026-09-24,31,System Price,24.33,6917.199999999997,3249.9000000000015,3249.9000000000015,5.0,Balanced stack
2026-09-24,31,Tokyo / Chubu,29.31,2392.0,6012.099999999995,2392.0,5.0,Balanced stack
2026-09-24,32,Chugoku / Kyushu,13.47,591.3999999999996,1408.2000000000016,591.3999999999996,5.0,Thin stack
2026-09-24,32,Hokuriku / Kansai,20.25,311.3000000000011,1558.199999999999,311.3000000000011,5.0,Scarcity stack
2026-09-24,32,System Price,28.38,5567.30000000001,6521.199999999997,5567.30000000001,5.0,Balanced stack
2026-09-24,33,Chugoku / Kyushu,14.49,944.4000000000015,1102.8999999999978,944.4000000000015,5.0,Thin stack
2026-09-24,33,Hokkaido / Tohoku,31.99,248.20000000000073,224.49999999999818,224.49999999999818,5.0,Scarcity stack
2026-09-24,33,Hokuriku / Kansai,25.18,213.39999999999964,288.2000000000007,213.39999999999964,5.0,Scarcity stack
2026-09-24,33,System Price,32.93,3785.899999999994,5502.0,3785.899999999994,5.0,Balanced stack
2026-09-24,34,Chugoku / Kyushu,17.68,240.40000000000146,858.4999999999991,240.40000000000146,5.0,Scarcity stack
2026-09-24,34,Hokuriku / Kansai,26.77,253.8000000000011,180.20000000000073,180.20000000000073,5.0,Scarcity stack
2026-09-24,34,System Price,34.2,961.0999999999985,6426.400000000009,961.0999999999985,5.0,Thin stack
2026-09-24,34,Tohoku / Tokyo,50.01,9278.8,649.7000000000007,649.7000000000007,5.0,Thin stack
2026-09-24,35,Hokuriku / Kansai / Chugoku / Kyushu,22.98,308.59999999999854,1410.5,308.59999999999854,5.0,Scarcity stack
2026-09-24,35,System Price,35.9,904.5,5136.0,904.5,5.0,Thin stack
2026-09-24,35,Tohoku / Tokyo,50.01,8556.0,650.5999999999985,650.5999999999985,5.0,Thin stack
2026-09-24,36,Hokuriku / Kansai / Chugoku / Kyushu,29.9,2062.2999999999993,395.8000000000011,395.8000000000011,5.0,Solar compression stack
2026-09-24,36,System Price,40.01,317.6999999999971,1211.9000000000015,317.6999999999971,5.0,Scarcity stack
2026-09-24,36,Tohoku / Tokyo,50.01,8697.900000000001,653.7999999999993,653.7999999999993,5.0,Thin stack
2026-09-24,37,Hokkaido / Tohoku / Tokyo,50.01,8822.699999999997,735.8000000000029,735.8000000000029,5.0,Thin stack
2026-09-24,37,Hokuriku / Kansai / Chugoku / Kyushu,21.0,205.89999999999964,2618.5,205.89999999999964,5.0,Scarcity stack
2026-09-24,37,System Price,40.01,272.5,1205.0,272.5,5.0,Scarcity stack
2026-09-24,38,Hokkaido / Tohoku / Tokyo,50.01,9019.3,475.2000000000007,475.2000000000007,5.0,Solar compression stack
2026-09-24,38,Hokuriku / Kansai / Chugoku / Kyushu,20.82,393.10000000000036,2468.6000000000004,393.10000000000036,5.0,Scarcity stack
2026-09-24,38,System Price,35.9,888.0999999999985,3888.9000000000015,888.0999999999985,5.0,Thin stack
2026-09-24,39,Hokuriku / Kansai / Chugoku / Kyushu,18.84,921.4999999999982,2244.300000000001,921.4999999999982,5.0,Thin stack
2026-09-24,39,System Price,33.5,1751.300000000003,4107.299999999996,1751.300000000003,5.0,Balanced stack
2026-09-24,39,Tohoku / Tokyo,50.0,8349.399999999998,261.2000000000007,261.2000000000007,5.0,Solar compression stack
2026-09-24,40,Hokkaido / Tohoku / Tokyo / Chubu,38.18,2239.5999999999985,2164.7000000000007,2164.7000000000007,5.0,Balanced stack
2026-09-24,40,Hokuriku / Kansai / Chugoku / Kyushu,17.7,1397.0999999999985,1911.1000000000004,1397.0999999999985,5.0,Thin stack
2026-09-24,40,System Price,33.16,2295.5,2687.7999999999956,2295.5,5.0,Balanced stack
2026-09-24,41,Hokkaido / Tohoku / Tokyo / Chubu,33.59,947.5,1927.2999999999993,947.5,5.0,Thin stack
2026-09-24,41,Hokuriku / Kansai / Chugoku / Kyushu,18.64,1145.6000000000004,2140.0,1145.6000000000004,5.0,Thin stack
2026-09-24,41,System Price,28.52,1933.800000000003,7662.0,1933.800000000003,5.0,Balanced stack
2026-09-24,42,Hokkaido / Tohoku / Tokyo / Chubu,33.43,1195.800000000003,1480.699999999997,1195.800000000003,5.0,Thin stack
2026-09-24,42,Hokuriku / Kansai / Chugoku / Kyushu,17.51,1773.7000000000007,1641.7000000000007,1641.7000000000007,5.0,Balanced stack
2026-09-24,42,System Price,28.0,2445.4999999999927,7218.600000000006,2445.4999999999927,5.0,Balanced stack
2026-09-24,43,Hokkaido / Tohoku / Tokyo / Chubu,28.37,1771.300000000003,7172.899999999998,1771.300000000003,5.0,Balanced stack
2026-09-24,43,Hokuriku / Kansai / Chugoku / Kyushu,17.34,1925.800000000001,1665.9999999999982,1665.9999999999982,5.0,Balanced stack
2026-09-24,43,System Price,26.17,4655.5999999999985,5901.399999999994,4655.5999999999985,5.0,Balanced stack
2026-09-24,44,Hokkaido / Tohoku / Tokyo / Chubu,33.59,457.2999999999993,2380.4000000000015,457.2999999999993,5.0,Scarcity stack
2026-09-24,44,Hokuriku / Kansai / Chugoku / Kyushu,16.85,2372.6000000000004,1273.7000000000007,1273.7000000000007,5.0,Thin stack
2026-09-24,44,System Price,26.19,4736.5999999999985,6013.200000000004,4736.5999999999985,5.0,Balanced stack
2026-09-24,45,Hokkaido / Tohoku,32.11,30.800000000000182,806.8000000000002,30.800000000000182,5.0,Scarcity stack
2026-09-24,45,Hokuriku / Kansai / Chugoku / Kyushu,16.27,2503.499999999998,784.0,784.0,5.0,Thin stack
2026-09-24,45,System Price,26.28,3761.100000000006,6059.099999999991,3761.100000000006,5.0,Balanced stack
2026-09-24,46,Hokkaido / Tohoku,31.17,33.600000000000364,819.3999999999996,33.600000000000364,5.0,Scarcity stack
2026-09-24,46,Hokuriku / Kansai / Chugoku / Kyushu,14.5,2565.8999999999996,1166.2999999999993,1166.2999999999993,5.0,Thin stack
2026-09-24,46,System Price,25.4,5160.799999999996,4890.300000000003,4890.300000000003,5.0,Balanced stack
2026-09-24,47,Hokkaido / Tohoku / Tokyo / Chubu,33.31,2541.0,3193.899999999998,2541.0,5.0,Balanced stack
2026-09-24,47,Hokuriku / Kansai / Chugoku / Kyushu,10.05,1010.2000000000007,1486.699999999999,1010.2000000000007,5.0,Thin stack
2026-09-24,47,System Price,24.78,5303.800000000003,4610.099999999991,4610.099999999991,5.0,Balanced stack
2026-09-24,48,Hokkaido / Tohoku / Tokyo / Chubu,30.0,3157.9000000000015,4197.0,3157.9000000000015,5.0,Balanced stack
2026-09-24,48,Hokuriku / Kansai / Chugoku / Kyushu,8.41,1074.2999999999993,1140.9000000000015,1074.2999999999993,5.0,Thin stack
2026-09-24,48,System Price,24.33,6807.9000000000015,3221.0999999999985,3221.0999999999985,5.0,Balanced stack
2026-09-25,1,Kansai / Chugoku / Kyushu,9.45,820.3999999999996,1741.699999999999,820.3999999999996,5.0,Thin stack
2026-09-25,1,System Price,22.67,7960.5,2081.9000000000015,2081.9000000000015,5.0,Balanced stack
2026-09-25,1,Tohoku / Tokyo / Chubu,25.77,3897.5000000000036,6507.599999999995,3897.5000000000036,5.0,Balanced stack
2026-09-25,2,Hokuriku / Kansai / Chugoku / Kyushu,10.0,1638.3999999999996,2001.3999999999996,1638.3999999999996,5.0,Balanced stack
2026-09-25,2,System Price,21.42,8328.5,1747.9000000000015,1747.9000000000015,5.0,Balanced stack
2026-09-25,2,Tohoku / Tokyo / Chubu,25.34,4006.2000000000007,6240.499999999996,4006.2000000000007,5.0,Balanced stack
2026-09-25,3,Hokuriku / Kansai / Chugoku / Shikoku / Kyushu,10.18,1697.1000000000004,2432.199999999999,1697.1000000000004,5.0,Balanced stack
2026-09-25,3,System Price,17.6,2011.1000000000058,2588.199999999997,2011.1000000000058,5.0,Balanced stack
2026-09-25,3,Tohoku / Tokyo / Chubu,25.12,4190.200000000001,6160.699999999997,4190.200000000001,5.0,Balanced stack
2026-09-25,4,Hokuriku / Kansai / Chugoku / Shikoku / Kyushu,10.18,1768.6000000000004,2457.3999999999996,1768.6000000000004,5.0,Balanced stack
2026-09-25,4,System Price,15.75,1385.199999999997,4682.100000000006,1385.199999999997,5.0,Thin stack
2026-09-25,4,Tohoku / Tokyo / Chubu,25.01,5028.700000000004,5299.5,5028.700000000004,5.0,Balanced stack
2026-09-25,5,Hokkaido / Tohoku / Tokyo / Chubu,25.01,5472.199999999997,5100.9000000000015,5100.9000000000015,5.0,Balanced stack
2026-09-25,5,Hokuriku / Kansai / Chugoku / Shikoku / Kyushu,10.25,1736.2000000000007,2797.0999999999985,1736.2000000000007,5.0,Balanced stack
2026-09-25,5,System Price,15.89,1349.199999999997,4080.300000000003,1349.199999999997,5.0,Thin stack
2026-09-25,6,Hokkaido / Tohoku / Tokyo / Chubu,25.01,5541.199999999997,5020.200000000001,5020.200000000001,5.0,Balanced stack
2026-09-25,6,Hokuriku / Kansai / Chugoku / Shikoku / Kyushu,10.14,1898.4999999999982,2241.1000000000004,1898.4999999999982,5.0,Balanced stack
2026-09-25,6,System Price,16.44,1533.8999999999942,3241.5000000000073,1533.8999999999942,5.0,Balanced stack
2026-09-25,7,Hokkaido / Tohoku / Tokyo / Chubu,25.01,5224.9000000000015,4997.500000000004,4997.500000000004,5.0,Balanced stack
2026-09-25,7,Kansai / Chugoku / Kyushu,10.14,1660.5999999999985,2069.6000000000004,1660.5999999999985,5.0,Balanced stack
2026-09-25,7,System Price,16.85,1640.300000000003,3182.699999999997,1640.300000000003,5.0,Balanced stack
2026-09-25,8,Hokkaido / Tohoku / Tokyo / Chubu,25.01,5228.799999999999,4985.0,4985.0,5.0,Balanced stack
2026-09-25,8,Hokuriku / Kansai / Chugoku / Kyushu,10.19,1818.2999999999993,1795.0,1795.0,5.0,Balanced stack
2026-09-25,8,System Price,17.1,1878.699999999997,3296.9000000000015,1878.699999999997,5.0,Balanced stack
2026-09-25,9,Hokkaido / Tohoku / Tokyo / Chubu,25.01,5620.0999999999985,4788.0,4788.0,5.0,Balanced stack
2026-09-25,9,Hokuriku / Kansai / Chugoku / Kyushu,10.21,1830.5,1655.7000000000007,1655.7000000000007,5.0,Balanced stack
2026-09-25,9,System Price,17.03,1775.6000000000058,3398.5999999999985,1775.6000000000058,5.0,Balanced stack
2026-09-25,10,Hokkaido / Tohoku / Tokyo / Chubu,25.01,5702.799999999996,4966.4000000000015,4966.4000000000015,5.0,Balanced stack
2026-09-25,10,Hokuriku / Kansai / Chugoku / Kyushu,10.31,1420.4999999999982,2325.500000000002,1420.4999999999982,5.0,Thin stack
2026-09-25,10,System Price,17.86,2526.699999999997,2829.600000000006,2526.699999999997,5.0,Balanced stack
2026-09-25,11,Hokuriku / Kansai / Chugoku / Kyushu,10.31,1366.699999999997,2171.4000000000015,1366.699999999997,5.0,Thin stack
2026-09-25,11,System Price,21.1,8476.000000000007,2279.2999999999956,2279.2999999999956,5.0,Balanced stack
2026-09-25,11,Tohoku / Tokyo / Chubu,25.12,4137.200000000001,6123.700000000001,4137.200000000001,5.0,Balanced stack
2026-09-25,12,Kansai / Chugoku / Kyushu,9.87,1205.0999999999985,1986.1000000000022,1205.0999999999985,5.0,Thin stack
2026-09-25,12,System Price,21.53,9130.300000000003,2287.399999999994,2287.399999999994,5.0,Balanced stack
2026-09-25,12,Tohoku / Tokyo / Chubu,25.12,4371.799999999999,6260.600000000002,4371.799999999999,5.0,Balanced stack
2026-09-25,13,Hokuriku / Kansai / Chugoku / Kyushu,10.31,1087.5,2116.8999999999996,1087.5,5.0,Thin stack
2026-09-25,13,System Price,20.2,8287.799999999996,1993.9000000000015,1993.9000000000015,5.0,Balanced stack
2026-09-25,13,Tohoku / Tokyo / Chubu,25.01,5732.800000000003,5243.700000000001,5243.700000000001,5.0,Balanced stack
2026-09-25,14,Kansai / Chugoku / Kyushu,9.0,1451.7999999999993,1903.2999999999993,1451.7999999999993,5.0,Thin stack
2026-09-25,14,System Price,17.67,2767.69999999999,2825.100000000006,2767.69999999999,5.0,Balanced stack
2026-09-25,14,Tokyo / Chubu,25.01,5212.5,4825.300000000003,4825.300000000003,5.0,Balanced stack
2026-09-25,15,Hokuriku / Kansai / Chugoku / Shikoku / Kyushu,8.55,2866.3999999999996,2424.5,2424.5,5.0,Balanced stack
2026-09-25,15,System Price,15.0,2802.0,5839.199999999997,2802.0,5.0,Balanced stack
2026-09-25,15,Tokyo / Chubu,25.01,6171.0999999999985,4199.100000000002,4199.100000000002,5.0,Balanced stack
2026-09-25,16,Hokkaido / Tohoku,9.67,736.7999999999993,858.3000000000002,736.7999999999993,5.0,Thin stack
2026-09-25,16,Hokuriku / Kansai / Chugoku / Shikoku / Kyushu,9.98,2519.399999999998,2814.0,2519.399999999998,5.0,Balanced stack
2026-09-25,16,System Price,14.1,3361.5,7174.900000000009,3361.5,5.0,Balanced stack
2026-09-25,16,Tokyo / Chubu,25.12,4819.5,5530.199999999997,4819.5,5.0,Balanced stack
2026-09-25,17,Hokuriku / Kansai / Chugoku / Shikoku / Kyushu,9.86,3077.8999999999996,2380.600000000002,2380.600000000002,5.0,Balanced stack
2026-09-25,17,System Price,14.37,2988.30000000001,7127.299999999996,2988.30000000001,5.0,Balanced stack
2026-09-25,17,Tokyo / Chubu,25.7,4271.700000000001,5978.200000000001,4271.700000000001,5.0,Balanced stack
2026-09-25,18,Hokuriku / Kansai / Chugoku / Shikoku / Kyushu,9.98,2553.9000000000015,2874.0,2553.9000000000015,5.0,Balanced stack
2026-09-25,18,System Price,15.18,2808.0999999999985,6417.800000000003,2808.0999999999985,5.0,Balanced stack
2026-09-25,18,Tokyo / Chubu,27.0,2836.699999999997,7054.300000000003,2836.699999999997,5.0,Balanced stack
2026-09-25,19,Chugoku / Shikoku / Kyushu,10.14,1621.800000000001,2449.899999999998,1621.800000000001,5.0,Balanced stack
2026-09-25,19,Hokkaido / Tohoku,4.37,717.4999999999982,4538.900000000001,717.4999999999982,5.0,Thin stack
2026-09-25,19,Hokuriku / Kansai,12.63,1198.800000000001,847.6999999999989,847.6999999999989,5.0,Thin stack
2026-09-25,19,System Price,16.85,3260.800000000003,3545.0,3260.800000000003,5.0,Balanced stack
2026-09-25,19,Tokyo / Chubu,26.99,2768.7000000000007,7252.0999999999985,2768.7000000000007,5.0,Balanced stack
2026-09-25,20,Chugoku / Shikoku / Kyushu,9.98,1838.2000000000007,2156.7999999999993,1838.2000000000007,5.0,Balanced stack
2026-09-25,20,Hokkaido / Tohoku,4.42,772.8999999999978,4616.4000000000015,772.8999999999978,5.0,Thin stack
2026-09-25,20,Hokuriku / Kansai,17.0,1072.2000000000007,816.0999999999985,816.0999999999985,5.0,Thin stack
2026-09-25,20,System Price,16.8,3579.5,3271.399999999994,3271.399999999994,5.0,Balanced stack
2026-09-25,20,Tokyo / Chubu,26.54,3142.0999999999985,7226.700000000001,3142.0999999999985,5.0,Balanced stack
2026-09-25,21,Chugoku / Shikoku / Kyushu,10.0,1777.4000000000015,2013.8999999999996,1777.4000000000015,5.0,Balanced stack
2026-09-25,21,Hokkaido / Tohoku,4.94,1327.5999999999985,4670.4000000000015,1327.5999999999985,5.0,Thin stack
2026-09-25,21,Hokuriku / Kansai,16.85,1248.6000000000004,691.9999999999982,691.9999999999982,5.0,Thin stack
2026-09-25,21,System Price,14.5,3774.5,6657.199999999997,3774.5,5.0,Balanced stack
2026-09-25,21,Tokyo / Chubu,26.02,3645.7999999999993,6736.5,3645.7999999999993,5.0,Balanced stack
2026-09-25,22,Chugoku / Shikoku / Kyushu,9.98,1830.199999999999,2028.2000000000007,1830.199999999999,5.0,Balanced stack
2026-09-25,22,Hokkaido / Tohoku,3.01,547.2000000000007,4613.0999999999985,547.2000000000007,5.0,Thin stack
2026-09-25,22,Hokuriku / Kansai,16.85,1276.3999999999996,465.8000000000011,465.8000000000011,5.0,Solar compression stack
2026-09-25,22,System Price,14.02,4051.9000000000015,6303.499999999993,4051.9000000000015,5.0,Balanced stack
2026-09-25,22,Tokyo / Chubu,26.02,3632.599999999995,6747.700000000004,3632.599999999995,5.0,Balanced stack
2026-09-25,23,Chugoku / Shikoku / Kyushu,9.76,2365.999999999998,1484.1000000000004,1484.1000000000004,5.0,Thin stack
2026-09-25,23,Hokkaido / Tohoku,2.09,646.2000000000007,4508.799999999997,646.2000000000007,5.0,Thin stack
2026-09-25,23,Hokuriku / Kansai,16.85,1274.699999999999,464.60000000000036,464.60000000000036,5.0,Solar compression stack
2026-09-25,23,System Price,12.05,3045.4999999999927,7514.700000000004,3045.4999999999927,5.0,Balanced stack
2026-09-25,23,Tokyo / Chubu,25.41,4335.799999999999,6185.0,4335.799999999999,5.0,Balanced stack
2026-09-25,24,Chugoku / Shikoku / Kyushu,9.63,2390.1000000000004,1432.2999999999993,1432.2999999999993,5.0,Thin stack
2026-09-25,24,Hokkaido / Tohoku,1.0,624.2999999999993,4435.3,624.2999999999993,5.0,Thin stack
2026-09-25,24,Hokuriku / Kansai,16.85,1281.2000000000025,593.2999999999993,593.2999999999993,5.0,Thin stack
2026-09-25,24,System Price,11.06,3299.5,6419.700000000004,3299.5,5.0,Balanced stack
2026-09-25,24,Tokyo / Chubu,25.18,4625.000000000004,5886.299999999999,4625.000000000004,5.0,Balanced stack
2026-09-25,25,Chugoku / Shikoku / Kyushu,9.58,2806.4000000000015,1106.5,1106.5,5.0,Thin stack
2026-09-25,25,Hokkaido / Tohoku,0.5,722.8000000000011,4335.299999999999,722.8000000000011,5.0,Thin stack
2026-09-25,25,Hokuriku / Kansai,14.23,1497.1000000000004,430.60000000000036,430.60000000000036,5.0,Solar compression stack
2026-09-25,25,System Price,10.12,5485.799999999996,4584.299999999996,4584.299999999996,5.0,Balanced stack
2026-09-25,25,Tokyo / Chubu,24.41,5819.499999999996,3544.7999999999993,3544.7999999999993,5.0,Balanced stack
2026-09-25,26,Chugoku / Shikoku / Kyushu,9.63,2402.499999999998,1422.0,1422.0,5.0,Thin stack
2026-09-25,26,Hokkaido / Tohoku,0.05,712.8999999999996,4308.600000000001,712.8999999999996,5.0,Thin stack
2026-09-25,26,Hokuriku / Kansai,16.8,1608.7999999999975,200.70000000000073,200.70000000000073,5.0,Solar compression stack
2026-09-25,26,System Price,10.3,5612.899999999994,4889.80000000001,4889.80000000001,5.0,Balanced stack
2026-09-25,26,Tokyo / Chubu,24.41,5780.799999999999,3460.199999999997,3460.199999999997,5.0,Balanced stack
2026-09-25,27,Chugoku / Shikoku / Kyushu,10.01,1805.3999999999978,2350.300000000001,1805.3999999999978,5.0,Balanced stack
2026-09-25,27,Hokkaido / Tohoku,0.04,723.1000000000004,4176.399999999999,723.1000000000004,5.0,Thin stack
2026-09-25,27,Hokuriku / Kansai,17.12,925.3000000000011,1012.6999999999989,925.3000000000011,5.0,Thin stack
2026-09-25,27,System Price,11.0,3957.699999999997,6825.5999999999985,3957.699999999997,5.0,Balanced stack
2026-09-25,27,Tokyo / Chubu,24.8,6012.499999999996,4006.5000000000036,4006.5000000000036,5.0,Balanced stack
2026-09-25,28,Chugoku / Shikoku / Kyushu,10.31,1100.300000000001,2994.1000000000004,1100.300000000001,5.0,Thin stack
2026-09-25,28,Hokuriku / Kansai,18.03,664.0000000000018,1216.7999999999993,664.0000000000018,5.0,Thin stack
2026-09-25,28,System Price,14.14,3594.9000000000015,5896.200000000004,3594.9000000000015,5.0,Balanced stack
2026-09-25,28,Tokyo / Chubu,25.37,6044.199999999997,4806.200000000001,4806.200000000001,5.0,Balanced stack
2026-09-25,29,Chugoku / Shikoku / Kyushu,10.14,1631.3999999999996,2412.2000000000007,1631.3999999999996,5.0,Balanced stack
2026-09-25,29,Hokuriku / Kansai,16.85,1460.8000000000002,577.7000000000007,577.7000000000007,5.0,Thin stack
2026-09-25,29,System Price,14.27,4196.700000000004,6004.4000000000015,4196.700000000004,5.0,Balanced stack
2026-09-25,30,Chugoku / Shikoku / Kyushu,10.14,1648.6000000000004,1990.199999999999,1648.6000000000004,5.0,Balanced stack
2026-09-25,30,Hokuriku / Kansai,17.38,1039.7000000000007,1009.2999999999993,1009.2999999999993,5.0,Thin stack
2026-09-25,30,System Price,17.04,3556.399999999994,3078.4000000000015,3078.4000000000015,5.0,Balanced stack
2026-09-25,30,Tokyo / Chubu,28.32,2627.5,5866.899999999998,2627.5,5.0,Balanced stack
2026-09-25,31,Chugoku / Shikoku / Kyushu,10.31,1123.7000000000007,2763.699999999999,1123.7000000000007,5.0,Thin stack
2026-09-25,31,Hokuriku / Kansai,18.42,865.3999999999978,1124.4000000000015,865.3999999999978,5.0,Thin stack
2026-09-25,31,System Price,18.43,2757.0999999999985,4015.9000000000015,2757.0999999999985,5.0,Balanced stack
2026-09-25,31,Tokyo / Chubu,28.38,2632.7999999999993,5946.799999999999,2632.7999999999993,5.0,Balanced stack
2026-09-25,32,Chugoku / Shikoku / Kyushu,10.88,766.3000000000011,2397.2999999999993,766.3000000000011,5.0,Thin stack
2026-09-25,32,Hokuriku / Kansai,19.12,651.0,1490.6000000000004,651.0,5.0,Thin stack
2026-09-25,32,System Price,24.61,6894.5999999999985,3740.300000000003,3740.300000000003,5.0,Balanced stack
2026-09-25,32,Tokyo / Chubu,30.0,575.4000000000015,6142.5,575.4000000000015,5.0,Thin stack
2026-09-25,33,Chugoku / Kyushu,12.37,923.4000000000015,1646.4999999999982,923.4000000000015,5.0,Thin stack
2026-09-25,33,Hokkaido / Tohoku,24.97,392.0000000000018,278.8999999999978,278.8999999999978,5.0,Scarcity stack
2026-09-25,33,Hokuriku / Kansai,18.71,703.6999999999989,1228.6000000000004,703.6999999999989,5.0,Thin stack
2026-09-25,33,System Price,26.64,5471.799999999996,5698.199999999997,5471.799999999996,5.0,Balanced stack
2026-09-25,33,Tokyo / Chubu,35.72,736.2000000000007,1242.0999999999985,736.2000000000007,5.0,Thin stack
2026-09-25,34,Chugoku / Kyushu,17.86,734.0,991.1000000000004,734.0,5.0,Thin stack
2026-09-25,34,Hokuriku / Kansai,18.78,584.6999999999998,1358.2000000000007,584.6999999999998,5.0,Thin stack
2026-09-25,34,System Price,28.8,2703.600000000006,6359.299999999996,2703.600000000006,5.0,Balanced stack
2026-09-25,34,Tokyo / Chubu,46.09,8550.100000000002,304.7999999999993,304.7999999999993,5.0,Solar compression stack
2026-09-25,35,Hokkaido / Tohoku / Tokyo / Chubu,32.5,2129.5999999999985,4006.399999999998,2129.5999999999985,5.0,Balanced stack
2026-09-25,35,Hokuriku / Kansai / Chugoku / Kyushu,18.64,1588.1000000000004,2019.5000000000018,1588.1000000000004,5.0,Balanced stack
2026-09-25,35,System Price,27.32,4799.9000000000015,6610.699999999997,4799.9000000000015,5.0,Balanced stack
2026-09-25,36,Hokkaido / Tohoku / Tokyo / Chubu,32.32,2132.0999999999985,3985.7999999999993,2132.0999999999985,5.0,Balanced stack
2026-09-25,36,Hokuriku / Kansai / Chugoku / Kyushu,18.83,1337.4999999999982,2265.500000000002,1337.4999999999982,5.0,Thin stack
2026-09-25,36,System Price,27.6,4460.4000000000015,6652.199999999997,4460.4000000000015,5.0,Balanced stack
2026-09-25,37,Hokkaido / Tohoku / Tokyo / Chubu,29.62,1625.5000000000036,6471.4000000000015,1625.5000000000036,5.0,Balanced stack
2026-09-25,37,Hokuriku / Kansai / Chugoku / Kyushu,18.71,1495.2999999999975,1978.800000000003,1495.2999999999975,5.0,Thin stack
2026-09-25,37,System Price,26.9,5398.899999999994,5902.600000000006,5398.899999999994,5.0,Balanced stack
2026-09-25,38,Hokkaido / Tohoku / Tokyo / Chubu,29.62,1668.800000000003,5888.199999999997,1668.800000000003,5.0,Balanced stack
2026-09-25,38,Hokuriku / Kansai / Chugoku / Kyushu,18.5,1751.6000000000004,1718.300000000001,1718.300000000001,5.0,Balanced stack
2026-09-25,38,System Price,26.6,5675.700000000004,5240.799999999996,5240.799999999996,5.0,Balanced stack
2026-09-25,39,Hokkaido / Tohoku / Tokyo / Chubu,29.0,2225.4999999999964,6217.4000000000015,2225.4999999999964,5.0,Balanced stack
2026-09-25,39,Hokuriku / Kansai / Chugoku / Kyushu,18.5,1790.5,1810.800000000001,1790.5,5.0,Balanced stack
2026-09-25,39,System Price,25.62,6754.600000000006,4756.799999999996,4756.799999999996,5.0,Balanced stack
2026-09-25,40,Hokkaido / Tohoku / Tokyo / Chubu,28.61,1837.2999999999956,6283.800000000003,1837.2999999999956,5.0,Balanced stack
2026-09-25,40,Hokuriku / Kansai / Chugoku / Kyushu,17.5,2273.5999999999985,1318.9000000000015,1318.9000000000015,5.0,Thin stack
2026-09-25,40,System Price,24.41,6626.200000000004,4661.799999999996,4661.799999999996,5.0,Balanced stack
2026-09-25,41,Hokkaido / Tohoku / Tokyo / Chubu,27.37,3550.2000000000007,5283.499999999996,3550.2000000000007,5.0,Balanced stack
2026-09-25,41,Hokuriku / Kansai / Chugoku / Kyushu,17.6,2208.8999999999996,1520.800000000001,1520.800000000001,5.0,Balanced stack
2026-09-25,41,System Price,23.01,5984.400000000009,3182.699999999997,3182.699999999997,5.0,Balanced stack
2026-09-25,42,Hokkaido / Tohoku / Tokyo / Chubu,26.71,3930.7999999999993,4570.5,3930.7999999999993,5.0,Balanced stack
2026-09-25,42,Hokuriku / Kansai / Chugoku / Kyushu,17.1,2267.5,1246.1000000000004,1246.1000000000004,5.0,Thin stack
2026-09-25,42,System Price,21.99,5360.200000000004,2910.199999999997,2910.199999999997,5.0,Balanced stack
2026-09-25,43,Hokkaido / Tohoku / Tokyo / Chubu,25.57,4224.5999999999985,4084.300000000003,4084.300000000003,5.0,Balanced stack
2026-09-25,43,Hokuriku / Kansai / Chugoku / Kyushu,17.01,1983.6000000000022,1417.2999999999993,1417.2999999999993,5.0,Thin stack
2026-09-25,43,System Price,20.0,4423.5,3403.100000000006,3403.100000000006,5.0,Balanced stack
2026-09-25,44,Hokkaido / Tohoku / Tokyo / Chubu,28.37,2311.0999999999985,5954.0999999999985,2311.0999999999985,5.0,Balanced stack
2026-09-25,44,Hokuriku / Kansai / Chugoku / Kyushu,16.48,2375.1000000000004,879.8000000000011,879.8000000000011,5.0,Thin stack
2026-09-25,44,System Price,24.0,6740.0,2622.9000000000015,2622.9000000000015,5.0,Balanced stack
2026-09-25,45,Hokkaido / Tohoku / Tokyo / Chubu,29.5,4529.899999999998,4079.7999999999993,4079.7999999999993,5.0,Balanced stack
2026-09-25,45,Hokuriku / Kansai / Chugoku / Kyushu,16.81,2320.8999999999996,813.2000000000007,813.2000000000007,5.0,Thin stack
2026-09-25,45,System Price,24.3,5738.0999999999985,2787.800000000003,2787.800000000003,5.0,Balanced stack
2026-09-25,46,Hokkaido / Tohoku / Tokyo / Chubu,28.01,2153.7999999999956,5032.4000000000015,2153.7999999999956,5.0,Balanced stack
2026-09-25,46,Hokuriku / Kansai / Chugoku / Kyushu,16.63,1888.7000000000007,814.1000000000004,814.1000000000004,5.0,Thin stack
2026-09-25,46,System Price,23.65,5947.999999999993,2754.100000000006,2754.100000000006,5.0,Balanced stack
2026-09-25,47,Hokkaido / Tohoku / Tokyo / Chubu,27.5,2502.599999999995,4940.100000000002,2502.599999999995,5.0,Balanced stack
2026-09-25,47,Hokuriku / Kansai / Chugoku / Kyushu,16.05,2036.300000000001,828.2999999999993,828.2999999999993,5.0,Thin stack
2026-09-25,47,System Price,23.06,6111.199999999997,2590.100000000006,2590.100000000006,5.0,Balanced stack
2026-09-25,48,Hokkaido / Tohoku / Tokyo / Chubu,25.93,3021.5000000000036,4293.399999999998,3021.5000000000036,5.0,Balanced stack
2026-09-25,48,Hokuriku / Kansai / Chugoku / Kyushu,14.5,2420.0999999999985,957.0000000000018,957.0000000000018,5.0,Thin stack
2026-09-25,48,System Price,19.5,3961.800000000003,3117.7999999999956,3117.7999999999956,5.0,Balanced stack
2026-09-26,1,Hokkaido / Tohoku / Tokyo / Chubu,24.3,4267.5,3345.5,3345.5,5.0,Balanced stack
2026-09-26,1,Hokuriku / Kansai / Chugoku / Shikoku / Kyushu,8.77,1754.800000000001,1476.5,1476.5,5.0,Thin stack
2026-09-26,1,System Price,18.63,3054.899999999994,3744.0000000000073,3054.899999999994,5.0,Balanced stack
2026-09-26,2,Hokkaido / Tohoku / Tokyo / Chubu,24.15,4292.299999999999,2782.100000000002,2782.100000000002,5.0,Balanced stack
2026-09-26,2,Hokuriku / Kansai / Chugoku / Shikoku / Kyushu,10.76,1076.9999999999982,2067.2000000000025,1076.9999999999982,5.0,Thin stack
2026-09-26,2,System Price,17.86,2468.7999999999956,3416.100000000006,2468.7999999999956,5.0,Balanced stack
2026-09-26,3,Hokkaido / Tohoku / Tokyo / Chubu,23.81,5071.700000000004,2085.7999999999956,2085.7999999999956,5.0,Balanced stack
2026-09-26,3,Hokuriku / Kansai / Chugoku / Shikoku / Kyushu,12.17,796.7999999999993,2729.300000000001,796.7999999999993,5.0,Thin stack
2026-09-26,3,System Price,16.48,2808.5999999999985,4068.2999999999956,2808.5999999999985,5.0,Balanced stack
2026-09-26,4,Hokkaido / Tohoku / Tokyo / Chubu,22.79,4963.299999999999,2049.0,2049.0,5.0,Balanced stack
2026-09-26,4,Hokuriku / Kansai / Chugoku / Shikoku / Kyushu,12.2,799.5,2844.0999999999985,799.5,5.0,Thin stack
2026-09-26,4,System Price,15.0,2365.0000000000073,5495.299999999996,2365.0000000000073,5.0,Balanced stack
2026-09-26,5,Hokkaido / Tohoku / Tokyo / Chubu,22.0,4957.299999999999,1683.5,1683.5,5.0,Balanced stack
2026-09-26,5,Hokuriku / Kansai / Chugoku / Shikoku / Kyushu,12.19,845.2999999999993,2651.699999999999,845.2999999999993,5.0,Thin stack
2026-09-26,5,System Price,14.63,2841.199999999997,5370.699999999997,2841.199999999997,5.0,Balanced stack
2026-09-26,6,Hokkaido / Tohoku,16.1,115.80000000000018,59.099999999999454,59.099999999999454,5.0,Scarcity stack
2026-09-26,6,Hokuriku / Kansai / Chugoku / Shikoku / Kyushu,12.43,909.3000000000011,2893.5999999999985,909.3000000000011,5.0,Thin stack
2026-09-26,6,System Price,14.63,2784.7999999999956,5608.30000000001,2784.7999999999956,5.0,Balanced stack
2026-09-26,6,Tokyo / Chubu,21.74,4869.499999999996,1467.5,1467.5,5.0,Thin stack
2026-09-26,7,Hokkaido / Tohoku,20.01,353.1999999999998,80.0,80.0,5.0,Scarcity stack
2026-09-26,7,Hokuriku / Kansai / Chugoku / Shikoku / Kyushu,12.1,1012.6000000000004,2661.600000000002,1012.6000000000004,5.0,Thin stack
2026-09-26,7,System Price,14.69,2249.19999999999,6091.800000000003,2249.19999999999,5.0,Balanced stack
2026-09-26,7,Tokyo / Chubu,22.01,4856.699999999997,1596.3999999999978,1596.3999999999978,5.0,Balanced stack
2026-09-26,8,Hokkaido / Tohoku,20.26,338.59999999999945,73.30000000000018,73.30000000000018,5.0,Scarcity stack
2026-09-26,8,Hokuriku / Kansai / Chugoku / Shikoku / Kyushu,10.75,1154.6000000000022,2245.2000000000007,1154.6000000000022,5.0,Thin stack
2026-09-26,8,System Price,15.5,3454.899999999994,4920.400000000009,3454.899999999994,5.0,Balanced stack
2026-09-26,8,Tokyo / Chubu,22.01,4997.499999999996,1600.1000000000022,1600.1000000000022,5.0,Balanced stack
2026-09-26,9,Hokkaido / Tohoku,12.22,69.69999999999982,1018.1000000000004,69.69999999999982,5.0,Scarcity stack
2026-09-26,9,Hokuriku / Kansai / Chugoku / Kyushu,13.25,891.8000000000011,1928.2999999999975,891.8000000000011,5.0,Thin stack
2026-09-26,9,System Price,17.12,3073.0999999999985,3656.9000000000015,3073.0999999999985,5.0,Balanced stack
2026-09-26,9,Tokyo / Chubu,22.01,4989.800000000003,1632.2999999999993,1632.2999999999993,5.0,Balanced stack
2026-09-26,10,Hokkaido / Tohoku,10.71,63.899999999999636,1087.1000000000004,63.899999999999636,5.0,Scarcity stack
2026-09-26,10,Hokuriku / Kansai / Chugoku / Kyushu,16.72,1304.6000000000004,623.2999999999993,623.2999999999993,5.0,Thin stack
2026-09-26,10,System Price,18.01,3289.7000000000044,2874.199999999997,2874.199999999997,5.0,Balanced stack
2026-09-26,10,Tokyo / Chubu,22.01,4986.899999999998,1617.300000000003,1617.300000000003,5.0,Balanced stack
2026-09-26,11,Hokkaido / Tohoku,10.61,99.90000000000055,1057.1999999999998,99.90000000000055,5.0,Scarcity stack
2026-09-26,11,Hokuriku / Kansai / Chugoku / Shikoku / Kyushu,15.52,1328.699999999997,818.4000000000051,818.4000000000051,5.0,Thin stack
2026-09-26,11,System Price,18.23,3424.100000000006,3042.7999999999956,3042.7999999999956,5.0,Balanced stack
2026-09-26,11,Tokyo / Chubu,22.1,4879.899999999998,1705.0,1705.0,5.0,Balanced stack
2026-09-26,12,Hokkaido / Tohoku,10.48,91.40000000000055,1086.5999999999995,91.40000000000055,5.0,Scarcity stack
2026-09-26,12,Hokuriku / Kansai / Chugoku / Kyushu,14.63,937.3000000000011,1234.1000000000004,937.3000000000011,5.0,Thin stack
2026-09-26,12,System Price,17.12,2931.699999999997,3454.800000000003,2931.699999999997,5.0,Balanced stack
2026-09-26,12,Tokyo / Chubu,22.03,4967.0,1390.5999999999985,1390.5999999999985,5.0,Thin stack
2026-09-26,13,Hokkaido / Tohoku,9.63,431.6000000000013,867.9999999999991,431.6000000000013,5.0,Scarcity stack
2026-09-26,13,Hokuriku / Kansai / Chugoku / Shikoku / Kyushu,12.1,1047.4000000000015,1987.5999999999985,1047.4000000000015,5.0,Thin stack
2026-09-26,13,System Price,14.11,3554.4000000000015,6136.4000000000015,3554.4000000000015,5.0,Balanced stack
2026-09-26,13,Tokyo / Chubu,22.1,5030.599999999995,1174.1000000000022,1174.1000000000022,5.0,Thin stack
2026-09-26,14,Hokkaido / Tohoku,9.64,491.6999999999998,874.3000000000002,491.6999999999998,5.0,Scarcity stack
2026-09-26,14,Hokuriku / Kansai / Chugoku / Shikoku / Kyushu,12.1,1135.4000000000015,2094.1000000000004,1135.4000000000015,5.0,Thin stack
2026-09-26,14,System Price,14.07,3772.5,5926.300000000003,3772.5,5.0,Balanced stack
2026-09-26,14,Tokyo / Chubu,22.01,5078.799999999999,1053.2000000000007,1053.2000000000007,5.0,Thin stack
2026-09-26,15,Hokkaido / Tohoku,9.56,478.1999999999998,829.3000000000011,478.1999999999998,5.0,Scarcity stack
2026-09-26,15,Hokuriku / Kansai / Chugoku / Shikoku / Kyushu,12.2,939.7000000000007,2213.800000000001,939.7000000000007,5.0,Thin stack
2026-09-26,15,System Price,14.06,3869.9000000000015,5812.5,3869.9000000000015,5.0,Balanced stack
2026-09-26,15,Tokyo / Chubu,22.96,5123.899999999998,1440.7000000000007,1440.7000000000007,5.0,Thin stack
2026-09-26,16,Hokkaido / Tohoku,9.54,902.9000000000005,496.7999999999993,496.7999999999993,5.0,Solar compression stack
2026-09-26,16,Hokuriku / Kansai / Chugoku / Shikoku / Kyushu,10.95,1121.5,2089.199999999999,1121.5,5.0,Thin stack
2026-09-26,16,System Price,14.01,4855.100000000006,5014.999999999993,4855.100000000006,5.0,Balanced stack
2026-09-26,16,Tokyo / Chubu,22.95,5563.4000000000015,1738.2999999999993,1738.2999999999993,5.0,Balanced stack
2026-09-26,17,Hokkaido / Tohoku,10.23,385.60000000000036,1029.5,385.60000000000036,5.0,Scarcity stack
2026-09-26,17,Hokuriku / Kansai / Chugoku / Shikoku / Kyushu,10.82,1408.5,1861.0999999999985,1408.5,5.0,Thin stack
2026-09-26,17,System Price,14.31,2914.0999999999985,7005.300000000003,2914.0999999999985,5.0,Balanced stack
2026-09-26,17,Tokyo / Chubu,23.71,5356.299999999999,2271.699999999997,2271.699999999997,5.0,Balanced stack
2026-09-26,18,Hokkaido / Tohoku,9.9,528.3000000000002,969.8999999999987,528.3000000000002,5.0,Thin stack
2026-09-26,18,Hokuriku / Kansai / Chugoku / Shikoku / Kyushu,13.21,1506.9000000000015,1947.8999999999978,1506.9000000000015,5.0,Balanced stack
2026-09-26,18,System Price,15.0,2250.0999999999913,6985.80000000001,2250.0999999999913,5.0,Balanced stack
2026-09-26,18,Tokyo / Chubu,24.06,4612.0,3016.7999999999993,3016.7999999999993,5.0,Balanced stack
2026-09-26,19,Hokuriku / Kansai / Chugoku / Shikoku,17.29,855.0999999999985,1131.6000000000022,855.0999999999985,5.0,Thin stack
2026-09-26,19,System Price,17.77,3112.0000000000073,4938.799999999996,3112.0000000000073,5.0,Balanced stack
2026-09-26,19,Tokyo / Chubu,24.08,4748.5999999999985,3154.0,3154.0,5.0,Balanced stack
2026-09-26,20,Hokuriku / Kansai / Chugoku / Shikoku / Kyushu,17.8,1020.9000000000015,1780.0999999999985,1020.9000000000015,5.0,Thin stack
2026-09-26,20,System Price,17.9,2787.2000000000044,4943.199999999997,2787.2000000000044,5.0,Balanced stack
2026-09-26,20,Tokyo / Chubu,24.17,4401.200000000001,3468.7999999999993,3468.7999999999993,5.0,Balanced stack
2026-09-26,21,Hokuriku / Kansai / Chugoku / Shikoku / Kyushu,17.8,1060.8999999999978,1800.9000000000015,1060.8999999999978,5.0,Thin stack
2026-09-26,21,System Price,17.9,2849.5999999999913,4988.700000000004,2849.5999999999913,5.0,Balanced stack
2026-09-26,21,Tokyo / Chubu,24.28,4433.0999999999985,3484.5,3484.5,5.0,Balanced stack
2026-09-26,22,Hokuriku / Kansai / Chugoku / Shikoku,17.8,533.2000000000007,1688.1000000000004,533.2000000000007,5.0,Thin stack
2026-09-26,22,System Price,17.5,3070.699999999997,5794.0999999999985,3070.699999999997,5.0,Balanced stack
2026-09-26,22,Tokyo / Chubu,24.11,4437.0,3463.100000000002,3463.100000000002,5.0,Balanced stack
2026-09-26,23,Hokuriku / Kansai / Chugoku / Shikoku,18.59,606.1000000000004,883.0,606.1000000000004,5.0,Thin stack
2026-09-26,23,System Price,17.0,2891.9000000000015,6016.799999999996,2891.9000000000015,5.0,Balanced stack
2026-09-26,23,Tokyo / Chubu,24.08,4690.0,3306.4000000000015,3306.4000000000015,5.0,Balanced stack
2026-09-26,24,Hokuriku / Kansai / Chugoku / Shikoku,18.74,538.1000000000004,1153.2999999999993,538.1000000000004,5.0,Thin stack
2026-09-26,24,System Price,16.17,2857.600000000006,6662.999999999993,2857.600000000006,5.0,Balanced stack
2026-09-26,24,Tokyo / Chubu,24.08,4690.399999999998,3192.7000000000007,3192.7000000000007,5.0,Balanced stack
2026-09-26,25,Hokuriku / Kansai / Chugoku / Shikoku / Kyushu,17.6,971.7999999999993,1748.0,971.7999999999993,5.0,Thin stack
2026-09-26,25,System Price,15.02,1963.8999999999942,7555.100000000006,1963.8999999999942,5.0,Balanced stack
2026-09-26,25,Tokyo / Chubu,23.6,5473.899999999998,3131.0,3131.0,5.0,Balanced stack
2026-09-26,26,Hokuriku / Kansai / Chugoku / Shikoku / Kyushu,17.8,903.7999999999993,1647.300000000003,903.7999999999993,5.0,Thin stack
2026-09-26,26,System Price,15.19,2127.800000000003,7539.499999999993,2127.800000000003,5.0,Balanced stack
2026-09-26,26,Tokyo / Chubu,23.24,5473.5,2862.199999999997,2862.199999999997,5.0,Balanced stack
2026-09-26,27,Hokuriku / Kansai / Chugoku / Shikoku,21.82,570.7000000000007,891.5,570.7000000000007,5.0,Thin stack
2026-09-26,27,System Price,17.5,3665.199999999997,4288.400000000009,3665.199999999997,5.0,Balanced stack
2026-09-26,27,Tokyo / Chubu,23.24,5583.5,2835.600000000002,2835.600000000002,5.0,Balanced stack
2026-09-26,28,System Price,18.01,3340.199999999997,4277.9000000000015,3340.199999999997,5.0,Balanced stack
2026-09-26,28,Tokyo / Chubu / Hokuriku / Kansai / Chugoku / Shikoku,23.46,6043.9000000000015,3401.5,3401.5,5.0,Balanced stack
2026-09-26,29,System Price,19.9,5228.000000000007,1945.2999999999956,1945.2999999999956,5.0,Balanced stack
2026-09-26,29,Tokyo / Chubu / Hokuriku / Kansai / Chugoku / Shikoku,23.71,6224.0999999999985,3460.800000000003,3460.800000000003,5.0,Balanced stack
2026-09-26,30,System Price,20.33,5622.899999999994,2016.9000000000015,2016.9000000000015,5.0,Balanced stack
2026-09-26,30,Tokyo / Chubu / Hokuriku / Kansai / Chugoku / Shikoku,23.71,6273.4000000000015,3439.5000000000073,3439.5000000000073,5.0,Balanced stack
2026-09-26,31,System Price,20.36,5391.800000000003,2190.600000000006,2190.600000000006,5.0,Balanced stack
2026-09-26,31,Tokyo / Chubu / Hokuriku / Kansai / Chugoku / Shikoku / Kyushu,23.81,5800.0999999999985,3971.699999999997,3971.699999999997,5.0,Balanced stack
2026-09-26,32,Hokkaido / Tohoku,20.35,139.09999999999945,351.0000000000009,139.09999999999945,5.0,Scarcity stack
2026-09-26,32,System Price,21.72,5906.0999999999985,3765.5999999999985,3765.5999999999985,5.0,Balanced stack
2026-09-26,32,Tokyo / Chubu / Hokuriku / Kansai / Chugoku / Shikoku / Kyushu,24.08,5407.899999999994,4644.200000000004,4644.200000000004,5.0,Balanced stack
2026-09-26,33,Hokkaido / Tohoku / Tokyo / Chubu,23.37,4580.5,4113.600000000002,4113.600000000002,5.0,Balanced stack
2026-09-26,33,Hokuriku / Kansai / Chugoku / Shikoku / Kyushu,18.64,900.9000000000015,1407.5999999999985,900.9000000000015,5.0,Thin stack
2026-09-26,33,System Price,20.86,4602.800000000003,3969.0999999999913,3969.0999999999913,5.0,Balanced stack
2026-09-26,34,Hokuriku / Kansai / Chugoku / Shikoku / Kyushu,17.2,1582.5999999999985,1258.3999999999978,1258.3999999999978,5.0,Thin stack
2026-09-26,34,System Price,21.74,5832.4000000000015,4026.300000000003,4026.300000000003,5.0,Balanced stack
2026-09-26,34,Tohoku / Tokyo / Chubu,24.06,4522.399999999998,3703.800000000003,3703.800000000003,5.0,Balanced stack
2026-09-26,35,Hokuriku / Kansai / Chugoku / Kyushu,17.04,1912.0000000000018,1367.699999999999,1367.699999999999,5.0,Thin stack
2026-09-26,35,System Price,20.35,6358.700000000004,4025.5,4025.5,5.0,Balanced stack
2026-09-26,35,Tohoku / Tokyo / Chubu,23.5,4867.0999999999985,3037.0,3037.0,5.0,Balanced stack
2026-09-26,36,Hokuriku / Kansai / Chugoku / Kyushu,16.5,2471.3999999999996,1007.6999999999989,1007.6999999999989,5.0,Thin stack
2026-09-26,36,System Price,20.4,5039.0999999999985,4917.500000000007,4917.500000000007,5.0,Balanced stack
2026-09-26,36,Tohoku / Tokyo / Chubu,24.17,4551.200000000001,3935.699999999997,3935.699999999997,5.0,Balanced stack
2026-09-26,37,Hokkaido / Tohoku / Tokyo / Chubu,24.22,4758.9000000000015,3872.5000000000036,3872.5000000000036,5.0,Balanced stack
2026-09-26,37,Hokuriku / Kansai / Chugoku / Kyushu,17.1,1917.4000000000015,1538.5000000000018,1538.5000000000018,5.0,Balanced stack
2026-09-26,37,System Price,20.4,4816.899999999994,4941.5999999999985,4816.899999999994,5.0,Balanced stack
2026-09-26,38,Hokkaido / Tohoku / Tokyo / Chubu,24.4,4221.5,4472.4000000000015,4221.5,5.0,Balanced stack
2026-09-26,38,Hokuriku / Kansai / Chugoku / Kyushu,17.1,1905.5999999999985,1445.2999999999993,1445.2999999999993,5.0,Thin stack
2026-09-26,38,System Price,20.83,5352.300000000003,5026.0999999999985,5026.0999999999985,5.0,Balanced stack
2026-09-26,39,Hokkaido / Tohoku / Tokyo / Chubu,24.01,4597.100000000002,3848.2999999999993,3848.2999999999993,5.0,Balanced stack
2026-09-26,39,Hokuriku / Kansai / Chugoku / Kyushu,17.0,2347.300000000003,1050.2000000000007,1050.2000000000007,5.0,Thin stack
2026-09-26,39,System Price,20.38,6069.399999999994,4046.0,4046.0,5.0,Balanced stack
2026-09-26,40,Hokkaido / Tohoku / Tokyo / Chubu,23.0,4594.0999999999985,2751.5999999999985,2751.5999999999985,5.0,Balanced stack
2026-09-26,40,Hokuriku / Kansai / Chugoku / Kyushu,15.92,2365.4000000000015,689.5,689.5,5.0,Thin stack
2026-09-26,40,System Price,19.0,4428.5999999999985,4874.0,4428.5999999999985,5.0,Balanced stack
2026-09-26,41,Hokkaido / Tohoku / Tokyo / Chubu,21.66,4936.500000000004,1998.8999999999978,1998.8999999999978,5.0,Balanced stack
2026-09-26,41,Hokuriku / Kansai / Chugoku / Kyushu,17.0,2327.3999999999996,1012.0,1012.0,5.0,Thin stack
2026-09-26,41,System Price,17.54,4213.5999999999985,4112.5999999999985,4112.5999999999985,5.0,Balanced stack
2026-09-26,42,Hokkaido / Tohoku / Tokyo / Chubu,20.4,4662.000000000004,2181.899999999998,2181.899999999998,5.0,Balanced stack
2026-09-26,42,Hokuriku / Kansai / Chugoku / Kyushu,14.5,2076.5,1112.9000000000015,1112.9000000000015,5.0,Thin stack
2026-09-26,42,System Price,17.0,4212.799999999996,3871.5999999999985,3871.5999999999985,5.0,Balanced stack
2026-09-26,43,Hokuriku / Kansai / Chugoku / Kyushu,13.41,1705.7999999999993,1040.6000000000022,1040.6000000000022,5.0,Thin stack
2026-09-26,43,System Price,17.01,4004.699999999997,4438.699999999997,4004.699999999997,5.0,Balanced stack
2026-09-26,43,Tohoku / Tokyo / Chubu,22.0,5453.0,1714.3999999999978,1714.3999999999978,5.0,Balanced stack
2026-09-26,44,Hokuriku / Kansai / Chugoku / Kyushu,12.01,1257.6000000000004,949.8999999999996,949.8999999999996,5.0,Thin stack
2026-09-26,44,System Price,14.69,3121.899999999994,5716.5999999999985,3121.899999999994,5.0,Balanced stack
2026-09-26,44,Tohoku / Tokyo,20.35,3980.7999999999975,423.7999999999993,423.7999999999993,5.0,Solar compression stack
2026-09-26,45,Hokkaido / Tohoku,10.01,169.29999999999927,1203.7000000000007,169.29999999999927,5.0,Scarcity stack
2026-09-26,45,Hokuriku / Kansai / Chugoku / Shikoku / Kyushu,13.41,1773.9000000000015,1313.7999999999993,1313.7999999999993,5.0,Thin stack
2026-09-26,45,System Price,15.04,3909.4000000000015,4623.4000000000015,3909.4000000000015,5.0,Balanced stack
2026-09-26,46,Hokkaido / Tohoku,9.73,227.69999999999982,1146.0,227.69999999999982,5.0,Scarcity stack
2026-09-26,46,Hokuriku / Kansai / Chugoku / Shikoku / Kyushu,12.18,1610.9000000000015,1503.8999999999978,1503.8999999999978,5.0,Balanced stack
2026-09-26,46,System Price,14.16,3881.69999999999,4290.800000000003,3881.69999999999,5.0,Balanced stack
2026-09-26,47,Hokkaido / Tohoku,10.66,111.60000000000036,1134.2999999999993,111.60000000000036,5.0,Scarcity stack
2026-09-26,47,Hokuriku / Kansai / Chugoku / Shikoku / Kyushu,10.01,1180.8999999999978,1680.9000000000015,1180.8999999999978,5.0,Thin stack
2026-09-26,47,System Price,14.12,4197.199999999997,4780.5999999999985,4197.199999999997,5.0,Balanced stack
2026-09-26,47,Tokyo / Chubu,22.02,5276.5999999999985,572.3000000000029,572.3000000000029,5.0,Thin stack
2026-09-26,48,Hokkaido / Tohoku,10.0,142.80000000000018,1103.2999999999993,142.80000000000018,5.0,Scarcity stack
2026-09-26,48,Hokuriku / Kansai / Chugoku / Shikoku / Kyushu,8.13,1421.199999999999,1217.300000000003,1217.300000000003,5.0,Thin stack
2026-09-26,48,System Price,12.75,4827.0,4943.5,4827.0,5.0,Balanced stack
2026-09-26,48,Tokyo / Chubu,15.96,576.5,3968.399999999998,576.5,5.0,Thin stack
2026-09-27,1,Hokkaido / Tohoku,11.08,144.09999999999945,1015.8000000000011,144.09999999999945,5.0,Scarcity stack
2026-09-27,1,Hokuriku / Kansai / Chugoku / Shikoku / Kyushu,9.51,1347.1000000000004,1703.2999999999993,1347.1000000000004,5.0,Thin stack
2026-09-27,1,System Price,16.88,2860.7000000000044,3529.2999999999956,2860.7000000000044,5.0,Balanced stack
2026-09-27,2,Hokkaido / Tohoku,10.72,156.90000000000055,1064.0999999999995,156.90000000000055,5.0,Scarcity stack
2026-09-27,2,Hokuriku / Kansai / Chugoku / Shikoku / Kyushu,9.22,1424.9000000000015,1625.2999999999993,1424.9000000000015,5.0,Thin stack
2026-09-27,2,System Price,14.15,3000.300000000003,5494.600000000006,3000.300000000003,5.0,Balanced stack
2026-09-27,3,Hokkaido / Tohoku,11.91,273.7999999999993,874.9000000000005,273.7999999999993,5.0,Scarcity stack
2026-09-27,3,Hokuriku / Kansai / Chugoku / Shikoku / Kyushu,10.93,1325.2999999999993,2091.8999999999996,1325.2999999999993,5.0,Thin stack
2026-09-27,3,System Price,12.74,2757.4000000000015,6514.0999999999985,2757.4000000000015,5.0,Balanced stack
2026-09-27,4,Hokuriku / Kansai / Chugoku / Shikoku / Kyushu,10.41,1534.8999999999996,1968.3999999999996,1534.8999999999996,5.0,Balanced stack
2026-09-27,4,System Price,13.25,2501.600000000006,6178.799999999996,2501.600000000006,5.0,Balanced stack
2026-09-27,5,Hokuriku / Kansai / Chugoku / Shikoku / Kyushu,10.41,1748.0000000000018,1975.0,1748.0000000000018,5.0,Balanced stack
2026-09-27,5,System Price,12.91,2836.9000000000015,6790.199999999997,2836.9000000000015,5.0,Balanced stack
2026-09-27,6,Hokuriku / Kansai / Chugoku / Shikoku / Kyushu,10.41,1557.199999999999,1973.7999999999993,1557.199999999999,5.0,Balanced stack
2026-09-27,6,System Price,16.51,2790.4000000000015,4180.699999999997,2790.4000000000015,5.0,Balanced stack
2026-09-27,7,Hokuriku / Kansai / Chugoku / Shikoku / Kyushu,10.7,1326.0,2155.3999999999996,1326.0,5.0,Thin stack
2026-09-27,7,System Price,17.54,2346.7999999999956,3553.199999999997,2346.7999999999956,5.0,Balanced stack
2026-09-27,8,Hokuriku / Kansai / Chugoku / Shikoku / Kyushu,13.41,1340.5,2233.8999999999996,1340.5,5.0,Thin stack
2026-09-27,8,System Price,20.01,6415.5,3284.5999999999985,3284.5999999999985,5.0,Balanced stack
2026-09-27,9,Hokuriku / Kansai / Chugoku / Shikoku / Kyushu,14.5,2397.0999999999985,1549.300000000001,1549.300000000001,5.0,Balanced stack
2026-09-27,9,System Price,20.01,6553.700000000004,3823.2000000000044,3823.2000000000044,5.0,Balanced stack
2026-09-27,10,Hokuriku / Kansai / Chugoku / Shikoku / Kyushu,16.59,3491.7000000000007,973.7999999999993,973.7999999999993,5.0,Thin stack
2026-09-27,10,System Price,20.04,6198.000000000007,4358.399999999994,4358.399999999994,5.0,Balanced stack
2026-09-27,11,Hokkaido / Tohoku,11.0,278.2999999999993,905.1000000000004,278.2999999999993,5.0,Scarcity stack
2026-09-27,11,Hokuriku / Kansai / Chugoku / Shikoku / Kyushu,16.85,3310.2000000000007,962.5999999999985,962.5999999999985,5.0,Thin stack
2026-09-27,11,System Price,19.79,6100.799999999996,3761.0999999999985,3761.0999999999985,5.0,Balanced stack
2026-09-27,12,Chubu / Hokuriku / Kansai / Chugoku / Shikoku / Kyushu,16.85,3473.0000000000036,2365.4000000000015,2365.4000000000015,5.0,Balanced stack
2026-09-27,12,System Price,18.59,2917.5999999999913,3444.9000000000015,2917.5999999999913,5.0,Balanced stack
2026-09-27,13,Hokkaido / Tohoku,10.69,470.10000000000036,690.8999999999996,470.10000000000036,5.0,Scarcity stack
2026-09-27,13,Hokuriku / Kansai / Chugoku / Shikoku / Kyushu,13.11,2275.199999999999,2165.5,2165.5,5.0,Balanced stack
2026-09-27,13,System Price,16.43,3767.4000000000015,3568.199999999997,3568.199999999997,5.0,Balanced stack
2026-09-27,14,Hokkaido / Tohoku,10.57,488.6999999999998,727.8999999999996,488.6999999999998,5.0,Scarcity stack
2026-09-27,14,Hokuriku / Kansai / Chugoku / Shikoku / Kyushu,10.9,1364.3999999999996,2146.3999999999996,1364.3999999999996,5.0,Thin stack
2026-09-27,14,System Price,12.16,4122.0,5383.699999999997,4122.0,5.0,Balanced stack
2026-09-27,15,Hokkaido / Tohoku,10.11,840.4999999999991,375.8000000000002,375.8000000000002,5.0,Solar compression stack
2026-09-27,15,Hokuriku / Kansai / Chugoku / Shikoku / Kyushu,10.4,1299.1000000000004,1824.199999999999,1299.1000000000004,5.0,Thin stack
2026-09-27,15,System Price,11.26,3452.4000000000015,4870.4000000000015,3452.4000000000015,5.0,Balanced stack
2026-09-27,16,Hokkaido / Tohoku,7.87,1239.1000000000004,428.9999999999991,428.9999999999991,5.0,Solar compression stack
2026-09-27,16,Hokuriku / Kansai / Chugoku / Shikoku / Kyushu,10.31,1517.3999999999978,1909.5,1517.3999999999978,5.0,Balanced stack
2026-09-27,16,System Price,10.91,5522.5999999999985,4085.7999999999956,4085.7999999999956,5.0,Balanced stack
2026-09-27,17,Hokuriku / Kansai / Chugoku / Shikoku / Kyushu,10.0,1324.5999999999985,1886.1000000000004,1324.5999999999985,5.0,Thin stack
2026-09-27,17,System Price,10.4,6001.4000000000015,3503.5999999999985,3503.5999999999985,5.0,Balanced stack
2026-09-27,18,Hokkaido / Tohoku,10.43,1043.7999999999993,557.0000000000009,557.0000000000009,5.0,Thin stack
2026-09-27,18,Hokuriku / Kansai / Chugoku / Shikoku / Kyushu,10.4,1405.699999999997,1744.5999999999985,1405.699999999997,5.0,Thin stack
2026-09-27,18,System Price,10.4,6199.5,3279.199999999997,3279.199999999997,5.0,Balanced stack
2026-09-27,19,Hokuriku / Kansai / Chugoku / Shikoku / Kyushu,9.6,1462.300000000003,1581.2999999999993,1462.300000000003,5.0,Thin stack
2026-09-27,19,System Price,9.9,5538.4000000000015,3103.5999999999985,3103.5999999999985,5.0,Balanced stack
2026-09-27,20,Hokkaido / Tohoku,8.0,1179.500000000001,441.5,441.5,5.0,Solar compression stack
2026-09-27,20,Hokuriku / Kansai / Chugoku / Shikoku / Kyushu,8.41,1811.7999999999956,1266.9000000000015,1266.9000000000015,5.0,Thin stack
2026-09-27,20,System Price,10.06,5967.100000000006,3241.7999999999956,3241.7999999999956,5.0,Balanced stack
2026-09-27,21,Hokkaido / Tohoku,6.6,1008.0999999999995,536.3000000000011,536.3000000000011,5.0,Thin stack
2026-09-27,21,Hokuriku / Kansai / Chugoku / Shikoku / Kyushu,9.46,1270.0999999999985,1335.0,1270.0999999999985,5.0,Thin stack
2026-09-27,21,System Price,9.59,5129.199999999997,2828.399999999994,2828.399999999994,5.0,Balanced stack
2026-09-27,22,Hokkaido / Tohoku,4.9,511.60000000000036,4113.5,511.60000000000036,5.0,Thin stack
2026-09-27,22,Hokuriku / Kansai / Chugoku / Shikoku / Kyushu,9.46,1585.2999999999993,1087.2000000000044,1087.2000000000044,5.0,Thin stack
2026-09-27,22,System Price,9.5,5691.4000000000015,2381.0,2381.0,5.0,Balanced stack
2026-09-27,23,Chubu / Hokuriku / Kansai / Chugoku / Shikoku / Kyushu,10.41,4206.200000000004,2270.199999999997,2270.199999999997,5.0,Balanced stack
2026-09-27,23,Hokkaido / Tohoku,6.07,1048.7000000000007,486.2999999999993,486.2999999999993,5.0,Solar compression stack
2026-09-27,23,System Price,9.59,5503.100000000006,2855.4000000000015,2855.4000000000015,5.0,Balanced stack
2026-09-27,24,Chubu / Hokuriku / Kansai / Chugoku / Shikoku / Kyushu,10.54,4061.5,2334.899999999998,2334.899999999998,5.0,Balanced stack
2026-09-27,24,Hokkaido / Tohoku,5.0,502.6999999999989,4207.9000000000015,502.6999999999989,5.0,Thin stack
2026-09-27,24,System Price,10.23,6266.499999999993,2848.5000000000073,2848.5000000000073,5.0,Balanced stack
2026-09-27,25,Chubu / Hokuriku / Kansai / Chugoku / Shikoku / Kyushu,9.58,3707.2999999999993,1940.6000000000022,1940.6000000000022,5.0,Balanced stack
2026-09-27,25,Hokkaido / Tohoku,9.41,1270.9000000000005,297.60000000000036,297.60000000000036,5.0,Solar compression stack
2026-09-27,25,System Price,9.59,5584.399999999994,2911.300000000003,2911.300000000003,5.0,Balanced stack
2026-09-27,26,Chubu / Hokuriku / Kansai / Chugoku / Shikoku / Kyushu,10.28,3826.0999999999985,2104.9000000000015,2104.9000000000015,5.0,Balanced stack
2026-09-27,26,Hokkaido / Tohoku,9.53,996.6999999999998,556.6000000000004,556.6000000000004,5.0,Thin stack
2026-09-27,26,System Price,10.6,5789.700000000004,3434.9000000000015,3434.9000000000015,5.0,Balanced stack
2026-09-27,27,Hokkaido / Tohoku,9.49,990.8999999999996,543.1999999999998,543.1999999999998,5.0,Thin stack
2026-09-27,27,System Price,8.13,5683.5,1970.9000000000015,1970.9000000000015,5.0,Balanced stack
2026-09-27,27,Tokyo / Chubu / Hokuriku / Kansai / Chugoku / Shikoku / Kyushu,10.01,4973.0999999999985,2450.4000000000087,2450.4000000000087,5.0,Balanced stack
2026-09-27,28,System Price,9.23,5409.700000000012,2261.19999999999,2261.19999999999,5.0,Balanced stack
2026-09-27,28,Tokyo / Chubu / Hokuriku / Kansai / Chugoku / Shikoku / Kyushu,10.41,4525.5999999999985,2776.0,2776.0,5.0,Balanced stack
2026-09-27,29,Chubu / Hokuriku / Kansai / Chugoku / Shikoku / Kyushu,12.05,4244.399999999998,3062.4000000000015,3062.4000000000015,5.0,Balanced stack
2026-09-27,29,System Price,9.81,4626.0999999999985,3365.0,3365.0,5.0,Balanced stack
2026-09-27,30,Chubu / Hokuriku / Kansai / Chugoku / Shikoku / Kyushu,12.13,3898.5000000000036,3603.0999999999985,3603.0999999999985,5.0,Balanced stack
2026-09-27,30,System Price,11.98,5309.900000000009,4702.699999999997,4702.699999999997,5.0,Balanced stack
2026-09-27,31,System Price,11.41,4485.799999999996,5095.0999999999985,4485.799999999996,5.0,Balanced stack
2026-09-27,31,Tokyo / Chubu / Hokuriku / Kansai / Chugoku / Shikoku / Kyushu,13.21,4393.0999999999985,4450.700000000004,4393.0999999999985,5.0,Balanced stack
2026-09-27,32,Chubu / Hokuriku / Kansai / Chugoku / Shikoku / Kyushu,16.81,3597.399999999998,2741.0000000000036,2741.0000000000036,5.0,Balanced stack
2026-09-27,32,System Price,14.9,5167.399999999994,4854.800000000003,4854.800000000003,5.0,Balanced stack
2026-09-27,33,Chubu / Hokuriku / Kansai / Chugoku / Shikoku / Kyushu,15.46,3931.900000000005,3693.7999999999956,3693.7999999999956,5.0,Balanced stack
2026-09-27,33,Hokkaido / Tohoku,20.28,322.60000000000036,220.89999999999964,220.89999999999964,5.0,Scarcity stack
2026-09-27,33,System Price,16.82,4141.0999999999985,3552.800000000003,3552.800000000003,5.0,Balanced stack
2026-09-27,34,Hokuriku / Kansai / Chugoku / Shikoku / Kyushu,13.21,2692.7000000000007,1298.7000000000007,1298.7000000000007,5.0,Thin stack
2026-09-27,34,System Price,19.5,3991.0,4023.4000000000015,3991.0,5.0,Balanced stack
2026-09-27,34,Tohoku / Tokyo,26.24,1322.5999999999985,3098.5000000000036,1322.5999999999985,5.0,Thin stack
2026-09-27,35,Hokuriku / Kansai / Chugoku / Kyushu,16.1,2427.199999999999,671.4000000000015,671.4000000000015,5.0,Thin stack
2026-09-27,35,System Price,24.05,5415.000000000007,3493.5999999999913,3493.5999999999913,5.0,Balanced stack
2026-09-27,35,Tohoku / Tokyo,28.9,1755.2999999999956,3089.3999999999996,1755.2999999999956,5.0,Balanced stack
2026-09-27,36,Hokuriku / Kansai / Chugoku / Kyushu,16.85,2761.0,793.9999999999982,793.9999999999982,5.0,Thin stack
2026-09-27,36,System Price,24.78,4672.0999999999985,3525.300000000003,3525.300000000003,5.0,Balanced stack
2026-09-27,36,Tohoku / Tokyo,33.5,2115.2999999999993,610.4999999999964,610.4999999999964,5.0,Thin stack
2026-09-27,37,Hokuriku / Kansai / Chugoku / Kyushu,17.0,1825.7999999999975,1818.300000000001,1818.300000000001,5.0,Balanced stack
2026-09-27,37,System Price,25.05,4491.799999999996,3736.2000000000044,3736.2000000000044,5.0,Balanced stack
2026-09-27,37,Tohoku / Tokyo,33.68,673.2999999999993,1985.7999999999993,673.2999999999993,5.0,Thin stack
2026-09-27,38,Hokuriku / Kansai / Chugoku / Kyushu,17.04,1674.2999999999975,1936.1000000000004,1674.2999999999975,5.0,Balanced stack
2026-09-27,38,System Price,25.0,4447.899999999994,3928.100000000006,3928.100000000006,5.0,Balanced stack
2026-09-27,38,Tohoku / Tokyo,33.5,1792.4000000000015,850.5,850.5,5.0,Thin stack
2026-09-27,39,Hokuriku / Kansai / Chugoku / Kyushu,17.04,1864.7999999999993,1747.0,1747.0,5.0,Balanced stack
2026-09-27,39,System Price,24.8,4528.300000000003,3815.4999999999927,3815.4999999999927,5.0,Balanced stack
2026-09-27,39,Tohoku / Tokyo,33.5,1257.0999999999985,579.0,579.0,5.0,Thin stack
2026-09-27,40,Hokuriku / Kansai / Chugoku / Kyushu,17.0,1750.7000000000007,1354.0999999999985,1354.0999999999985,5.0,Thin stack
2026-09-27,40,System Price,24.02,5044.199999999997,3026.4000000000015,3026.4000000000015,5.0,Balanced stack
2026-09-27,40,Tohoku / Tokyo,29.0,1005.0,2841.899999999998,1005.0,5.0,Thin stack
2026-09-27,41,Hokuriku / Kansai / Chugoku / Kyushu,17.01,1988.9000000000015,1081.7999999999993,1081.7999999999993,5.0,Thin stack
2026-09-27,41,System Price,23.61,4449.700000000004,4386.800000000003,4386.800000000003,5.0,Balanced stack
2026-09-27,41,Tohoku / Tokyo / Chubu,28.0,1636.199999999997,5291.100000000002,1636.199999999997,5.0,Balanced stack
2026-09-27,42,Hokuriku / Kansai / Chugoku / Kyushu,17.04,1905.6000000000022,974.5999999999985,974.5999999999985,5.0,Thin stack
2026-09-27,42,System Price,23.61,4982.199999999997,4419.0,4419.0,5.0,Balanced stack
2026-09-27,42,Tohoku / Tokyo / Chubu,27.04,1994.5000000000036,5590.899999999994,1994.5000000000036,5.0,Balanced stack
2026-09-27,43,Hokuriku / Kansai / Chugoku / Kyushu,17.04,1887.3999999999996,1074.1000000000004,1074.1000000000004,5.0,Thin stack
2026-09-27,43,System Price,23.61,4922.5,4290.699999999997,4290.699999999997,5.0,Balanced stack
2026-09-27,43,Tohoku / Tokyo / Chubu,25.6,2374.899999999998,5174.700000000001,2374.899999999998,5.0,Balanced stack
2026-09-27,44,Hokuriku / Kansai / Chugoku / Kyushu,13.51,1256.199999999999,996.1000000000004,996.1000000000004,5.0,Thin stack
2026-09-27,44,System Price,23.59,6780.9000000000015,2335.199999999997,2335.199999999997,5.0,Balanced stack
2026-09-27,44,Tohoku / Tokyo,25.36,1325.2000000000007,3572.4000000000015,1325.2000000000007,5.0,Thin stack
2026-09-27,45,Hokuriku / Kansai / Chugoku / Kyushu,13.21,1164.2999999999975,999.8000000000029,999.8000000000029,5.0,Thin stack
2026-09-27,45,System Price,23.0,6772.700000000004,2176.7999999999956,2176.7999999999956,5.0,Balanced stack
2026-09-27,45,Tohoku / Tokyo / Chubu,25.01,2670.9000000000015,4501.699999999997,2670.9000000000015,5.0,Balanced stack
2026-09-27,46,Hokuriku / Kansai / Chugoku / Kyushu,13.08,1333.300000000001,939.7999999999993,939.7999999999993,5.0,Thin stack
2026-09-27,46,System Price,20.46,6393.100000000006,2607.399999999994,2607.399999999994,5.0,Balanced stack
2026-09-27,46,Tohoku / Tokyo / Chubu,24.5,3555.5999999999985,4038.5000000000036,3555.5999999999985,5.0,Balanced stack
2026-09-27,47,Hokuriku / Kansai / Chugoku / Kyushu,10.95,586.8999999999996,1247.1000000000004,586.8999999999996,5.0,Thin stack
2026-09-27,47,System Price,20.0,5704.300000000003,2445.199999999997,2445.199999999997,5.0,Balanced stack
2026-09-27,47,Tohoku / Tokyo / Chubu,24.26,3715.9000000000015,3882.5999999999985,3715.9000000000015,5.0,Balanced stack
2026-09-27,48,Hokuriku / Kansai / Chugoku / Shikoku / Kyushu,7.89,1510.9999999999982,1118.0,1118.0,5.0,Thin stack
2026-09-27,48,System Price,17.26,2634.2000000000044,2620.5,2620.5,5.0,Balanced stack
2026-09-27,48,Tohoku / Tokyo / Chubu,23.71,4408.299999999999,3361.800000000003,3361.800000000003,5.0,Balanced stack
2026-09-28,1,Hokuriku / Kansai / Chugoku / Shikoku / Kyushu,7.95,1646.2000000000007,1098.8999999999996,1098.8999999999996,5.0,Thin stack
2026-09-28,1,System Price,11.43,2912.800000000003,4739.799999999996,2912.800000000003,5.0,Balanced stack
2026-09-28,1,Tohoku / Tokyo / Chubu,19.79,3505.4000000000015,398.2999999999993,398.2999999999993,5.0,Solar compression stack
2026-09-28,2,Hokuriku / Kansai / Chugoku / Shikoku / Kyushu,9.22,894.5,1867.7999999999993,894.5,5.0,Thin stack
2026-09-28,2,System Price,11.0,3285.0999999999985,4354.700000000004,3285.0999999999985,5.0,Balanced stack
2026-09-28,2,Tohoku / Tokyo / Chubu,18.1,2037.099999999995,983.1000000000022,983.1000000000022,5.0,Thin stack
2026-09-28,3,Hokuriku / Kansai / Chugoku / Shikoku / Kyushu,12.33,800.3000000000011,2228.0,800.3000000000011,5.0,Thin stack
2026-09-28,3,System Price,10.47,3449.2000000000044,4257.699999999997,3449.2000000000044,5.0,Balanced stack
2026-09-28,3,Tohoku / Tokyo / Chubu,14.15,491.8999999999978,3365.0,491.8999999999978,5.0,Scarcity stack
2026-09-28,4,Hokuriku / Kansai / Chugoku / Shikoku / Kyushu,11.32,302.2999999999993,2446.0,302.2999999999993,5.0,Scarcity stack
2026-09-28,4,System Price,11.16,3318.0999999999985,4874.5999999999985,3318.0999999999985,5.0,Balanced stack
2026-09-28,4,Tohoku / Tokyo / Chubu,15.0,721.0,3670.5,721.0,5.0,Thin stack
2026-09-28,5,Hokuriku / Kansai / Chugoku / Shikoku / Kyushu,10.1,451.7999999999993,2041.800000000001,451.7999999999993,5.0,Scarcity stack
2026-09-28,5,System Price,11.21,3283.5,4504.399999999994,3283.5,5.0,Balanced stack
2026-09-28,5,Tohoku / Tokyo / Chubu,15.0,715.7999999999993,3732.9999999999964,715.7999999999993,5.0,Thin stack
2026-09-28,6,Hokuriku / Kansai / Chugoku / Shikoku / Kyushu,9.99,476.10000000000036,2405.5999999999985,476.10000000000036,5.0,Scarcity stack
2026-09-28,6,System Price,11.25,3307.2999999999956,3927.9000000000087,3307.2999999999956,5.0,Balanced stack
2026-09-28,6,Tohoku / Tokyo / Chubu,15.0,712.7999999999993,3721.5999999999985,712.7999999999993,5.0,Thin stack
2026-09-28,7,Hokuriku / Kansai / Chugoku / Shikoku / Kyushu,11.87,342.3999999999978,2001.1000000000004,342.3999999999978,5.0,Scarcity stack
2026-09-28,7,System Price,11.4,2839.5,4265.000000000007,2839.5,5.0,Balanced stack
2026-09-28,7,Tohoku / Tokyo / Chubu,19.61,4434.0,290.5,290.5,5.0,Solar compression stack
2026-09-28,8,Hokuriku / Kansai / Chugoku / Shikoku / Kyushu,14.16,1584.699999999999,634.3999999999996,634.3999999999996,5.0,Thin stack
2026-09-28,8,System Price,12.08,2685.0999999999985,4617.199999999997,2685.0999999999985,5.0,Balanced stack
2026-09-28,8,Tohoku / Tokyo / Chubu,22.0,6474.5999999999985,951.4000000000015,951.4000000000015,5.0,Thin stack
2026-09-28,9,Hokuriku / Kansai / Chugoku / Shikoku / Kyushu,8.55,786.0,1901.3999999999996,786.0,5.0,Thin stack
2026-09-28,9,System Price,12.1,2385.699999999997,4652.9000000000015,2385.699999999997,5.0,Balanced stack
2026-09-28,9,Tohoku / Tokyo / Chubu,22.34,6394.0,1129.1000000000022,1129.1000000000022,5.0,Thin stack
2026-09-28,10,Hokuriku / Kansai / Chugoku / Shikoku / Kyushu,8.26,1232.699999999999,1519.7000000000007,1232.699999999999,5.0,Thin stack
2026-09-28,10,System Price,12.61,2095.5000000000073,5279.9000000000015,2095.5000000000073,5.0,Balanced stack
2026-09-28,10,Tohoku / Tokyo / Chubu,22.39,6405.299999999999,1047.5999999999985,1047.5999999999985,5.0,Thin stack
2026-09-28,11,Hokkaido / Tohoku / Tokyo / Chubu,22.5,4491.200000000001,2507.2999999999993,2507.2999999999993,5.0,Balanced stack
2026-09-28,11,Hokuriku / Kansai / Chugoku / Kyushu,12.6,1016.8999999999978,1320.2000000000007,1016.8999999999978,5.0,Thin stack
2026-09-28,11,System Price,17.34,2342.9000000000015,2055.100000000006,2055.100000000006,5.0,Balanced stack
2026-09-28,12,Hokuriku / Kansai / Chugoku / Kyushu,15.24,1778.7999999999993,343.40000000000146,343.40000000000146,5.0,Solar compression stack
2026-09-28,12,System Price,19.22,6483.9000000000015,2055.5999999999985,2055.5999999999985,5.0,Balanced stack
2026-09-28,12,Tohoku / Tokyo / Chubu,22.5,5085.300000000003,3111.199999999997,3111.199999999997,5.0,Balanced stack
2026-09-28,13,Hokuriku / Kansai / Chugoku / Kyushu,15.2,1701.3999999999996,324.90000000000146,324.90000000000146,5.0,Solar compression stack
2026-09-28,13,System Price,19.5,5933.999999999993,1925.9000000000087,1925.9000000000087,5.0,Balanced stack
2026-09-28,13,Tohoku / Tokyo / Chubu,23.71,6036.100000000002,3192.4000000000015,3192.4000000000015,5.0,Balanced stack
2026-09-28,14,Hokuriku / Kansai / Chugoku / Kyushu,10.5,425.29999999999745,1721.6000000000022,425.29999999999745,5.0,Scarcity stack
2026-09-28,14,System Price,17.54,4062.4000000000015,2395.100000000006,2395.100000000006,5.0,Balanced stack
2026-09-28,14,Tohoku / Tokyo / Chubu,23.9,5755.699999999997,3455.600000000002,3455.600000000002,5.0,Balanced stack
2026-09-28,15,Hokuriku / Kansai / Chugoku / Shikoku / Kyushu,8.37,1552.0999999999985,1606.5000000000036,1552.0999999999985,5.0,Balanced stack
2026-09-28,15,System Price,15.01,2269.300000000003,4839.4000000000015,2269.300000000003,5.0,Balanced stack
2026-09-28,15,Tohoku / Tokyo / Chubu,24.5,4785.000000000004,3775.699999999997,3775.699999999997,5.0,Balanced stack
2026-09-28,16,Hokuriku / Kansai / Chugoku / Shikoku / Kyushu,13.0,1215.199999999999,2081.800000000003,1215.199999999999,5.0,Thin stack
2026-09-28,16,System Price,19.55,4646.600000000006,2469.19999999999,2469.19999999999,5.0,Balanced stack
2026-09-28,16,Tohoku / Tokyo / Chubu,25.23,4271.799999999999,4297.700000000001,4271.799999999999,5.0,Balanced stack
2026-09-28,17,Hokkaido / Tohoku,14.71,180.3000000000011,481.0,180.3000000000011,5.0,Scarcity stack
2026-09-28,17,Hokuriku / Kansai / Chugoku / Kyushu,17.68,1324.6000000000004,1156.1000000000004,1156.1000000000004,5.0,Thin stack
2026-09-28,17,System Price,24.5,5010.4000000000015,4131.4000000000015,4131.4000000000015,5.0,Balanced stack
2026-09-28,17,Tokyo / Chubu,27.26,3083.5999999999985,5690.899999999998,3083.5999999999985,5.0,Balanced stack
2026-09-28,18,Hokkaido / Tohoku,13.46,196.5,1156.199999999999,196.5,5.0,Scarcity stack
2026-09-28,18,Hokuriku / Kansai / Chugoku / Kyushu,23.57,632.8999999999996,1313.2000000000025,632.8999999999996,5.0,Thin stack
2026-09-28,18,System Price,27.18,3815.5999999999985,6502.300000000003,3815.5999999999985,5.0,Balanced stack
2026-09-28,18,Tokyo / Chubu,30.59,1600.6000000000022,3315.4999999999964,1600.6000000000022,5.0,Balanced stack
2026-09-28,19,Chugoku / Kyushu,25.24,413.7999999999993,632.0,413.7999999999993,5.0,Scarcity stack
2026-09-28,19,Hokkaido / Tohoku,13.0,187.20000000000073,1234.7999999999993,187.20000000000073,5.0,Scarcity stack
2026-09-28,19,System Price,30.06,2895.0,4252.199999999997,2895.0,5.0,Balanced stack
2026-09-28,19,Tokyo / Chubu / Hokuriku / Kansai,35.73,2217.5,1248.9000000000015,1248.9000000000015,5.0,Thin stack
2026-09-28,20,Chugoku / Kyushu,25.23,608.6999999999989,520.8999999999996,520.8999999999996,5.0,Thin stack
2026-09-28,20,Hokkaido / Tohoku,10.58,329.7000000000007,1219.7000000000007,329.7000000000007,5.0,Scarcity stack
2026-09-28,20,System Price,30.31,2628.699999999997,4340.999999999993,2628.699999999997,5.0,Balanced stack
2026-09-28,20,Tokyo / Chubu / Hokuriku / Kansai,35.73,3298.2000000000044,1161.699999999997,1161.699999999997,5.0,Thin stack
2026-09-28,21,Chugoku / Shikoku / Kyushu,30.1,429.60000000000036,721.2000000000007,429.60000000000036,5.0,Scarcity stack
2026-09-28,21,Hokkaido / Tohoku,10.45,332.0,1200.2000000000007,332.0,5.0,Scarcity stack
2026-09-28,21,System Price,30.0,3850.0000000000073,4280.999999999993,3850.0000000000073,5.0,Balanced stack
2026-09-28,21,Tokyo / Chubu / Hokuriku / Kansai,32.11,2234.5,3893.9000000000015,2234.5,5.0,Balanced stack
2026-09-28,22,Chugoku / Shikoku / Kyushu,30.0,617.3999999999978,541.2000000000007,541.2000000000007,5.0,Thin stack
2026-09-28,22,Hokkaido / Tohoku,10.0,381.40000000000146,1091.699999999999,381.40000000000146,5.0,Scarcity stack
2026-09-28,22,System Price,29.5,3794.9000000000015,4844.5999999999985,3794.9000000000015,5.0,Balanced stack
2026-09-28,22,Tokyo / Chubu / Hokuriku / Kansai,32.11,2145.899999999994,3898.100000000006,2145.899999999994,5.0,Balanced stack
2026-09-28,23,Chugoku / Shikoku / Kyushu,27.49,569.5,446.40000000000146,446.40000000000146,5.0,Solar compression stack
2026-09-28,23,Hokkaido / Tohoku,9.92,362.1999999999989,1119.800000000001,362.1999999999989,5.0,Scarcity stack
2026-09-28,23,System Price,28.89,4062.300000000003,6026.199999999997,4062.300000000003,5.0,Balanced stack
2026-09-28,23,Tokyo / Chubu / Hokuriku / Kansai,32.11,2174.5,3892.0,2174.5,5.0,Balanced stack
2026-09-28,24,Chugoku / Shikoku / Kyushu,27.17,600.5999999999985,430.8000000000011,430.8000000000011,5.0,Solar compression stack
2026-09-28,24,Hokkaido / Tohoku,9.68,398.1999999999989,1092.4000000000015,398.1999999999989,5.0,Scarcity stack
2026-09-28,24,System Price,27.5,4367.399999999994,6529.500000000007,4367.399999999994,5.0,Balanced stack
2026-09-28,24,Tokyo / Chubu / Hokuriku / Kansai,32.11,2171.0,3890.0,2171.0,5.0,Balanced stack
2026-09-28,25,Hokkaido / Tohoku,9.68,545.2000000000007,1021.0,545.2000000000007,5.0,Thin stack
2026-09-28,25,System Price,25.36,4494.699999999997,4476.799999999996,4476.799999999996,5.0,Balanced stack
2026-09-28,25,Tokyo / Chubu / Hokuriku / Kansai / Chugoku / Shikoku / Kyushu,29.9,3587.9000000000015,4178.299999999996,3587.9000000000015,5.0,Balanced stack
2026-09-28,26,Hokkaido / Tohoku,9.67,636.8999999999996,922.3999999999996,636.8999999999996,5.0,Thin stack
2026-09-28,26,Hokuriku / Kansai / Chugoku / Shikoku / Kyushu,29.9,869.6000000000022,557.0,557.0,5.0,Thin stack
2026-09-28,26,System Price,25.43,4539.19999999999,4469.600000000006,4469.600000000006,5.0,Balanced stack
2026-09-28,26,Tokyo / Chubu,29.9,2728.600000000002,3620.5,2728.600000000002,5.0,Balanced stack
2026-09-28,27,Chugoku / Shikoku / Kyushu,27.49,565.7000000000007,459.89999999999964,459.89999999999964,5.0,Solar compression stack
2026-09-28,27,Hokkaido / Tohoku,10.0,362.39999999999964,1216.5999999999985,362.39999999999964,5.0,Scarcity stack
2026-09-28,27,System Price,27.16,4842.300000000003,5963.399999999994,4842.300000000003,5.0,Balanced stack
2026-09-28,27,Tokyo / Chubu / Hokuriku / Kansai,30.59,1987.0,3604.5,1987.0,5.0,Balanced stack
2026-09-28,28,Chugoku / Shikoku / Kyushu,28.0,456.39999999999964,510.6999999999989,456.39999999999964,5.0,Scarcity stack
2026-09-28,28,Hokkaido / Tohoku,13.0,224.39999999999964,1140.6000000000004,224.39999999999964,5.0,Scarcity stack
2026-09-28,28,Hokuriku / Kansai,35.73,1647.000000000001,30.100000000000364,30.100000000000364,5.0,Solar compression stack
2026-09-28,28,System Price,31.29,5234.5999999999985,3347.5,3347.5,5.0,Balanced stack
2026-09-28,28,Tokyo / Chubu,36.0,2841.9999999999964,2692.600000000002,2692.600000000002,5.0,Balanced stack
2026-09-28,29,Chugoku / Shikoku / Kyushu,27.9,494.2999999999993,462.2000000000007,462.2000000000007,5.0,Scarcity stack
2026-09-28,29,Hokkaido / Tohoku,15.5,210.20000000000073,402.8000000000011,210.20000000000073,5.0,Scarcity stack
2026-09-28,29,Hokuriku / Kansai,35.73,1749.5999999999995,30.50000000000182,30.50000000000182,5.0,Solar compression stack
2026-09-28,29,System Price,32.39,3868.2000000000044,3936.2000000000044,3868.2000000000044,5.0,Balanced stack
2026-09-28,29,Tokyo / Chubu,37.17,1445.2999999999993,1789.7000000000007,1445.2999999999993,5.0,Thin stack
2026-09-28,30,Chugoku / Shikoku / Kyushu,29.9,695.5999999999985,346.2000000000007,346.2000000000007,5.0,Solar compression stack
2026-09-28,30,Hokkaido / Tohoku,23.9,238.1999999999989,369.0000000000018,238.1999999999989,5.0,Scarcity stack
2026-09-28,30,Hokuriku / Kansai,35.73,1393.3999999999996,56.400000000001455,56.400000000001455,5.0,Solar compression stack
2026-09-28,30,System Price,34.67,4173.699999999997,3634.5999999999985,3634.5999999999985,5.0,Balanced stack
2026-09-28,30,Tokyo / Chubu,37.92,1096.199999999997,2051.600000000002,1096.199999999997,5.0,Thin stack
2026-09-28,31,Chugoku / Shikoku / Kyushu,24.0,569.3000000000011,603.1999999999989,569.3000000000011,5.0,Thin stack
2026-09-28,31,Hokuriku / Kansai,35.73,1969.9000000000005,31.100000000000364,31.100000000000364,5.0,Solar compression stack
2026-09-28,31,System Price,32.01,4277.699999999997,3279.7000000000044,3279.7000000000044,5.0,Balanced stack
2026-09-28,31,Tokyo / Chubu,35.83,2827.899999999998,2103.100000000002,2103.100000000002,5.0,Balanced stack
2026-09-28,32,Chugoku / Kyushu,23.61,414.5000000000018,645.6999999999989,414.5000000000018,5.0,Scarcity stack
2026-09-28,32,Hokuriku / Kansai,35.73,1070.3999999999996,31.700000000000728,31.700000000000728,5.0,Solar compression stack
2026-09-28,32,System Price,34.65,4044.0999999999985,3480.5000000000073,3480.5000000000073,5.0,Balanced stack
2026-09-28,32,Tohoku / Tokyo / Chubu,36.45,2129.9000000000015,2408.7999999999993,2129.9000000000015,5.0,Balanced stack
2026-09-28,33,Chugoku / Kyushu,25.23,649.8999999999996,445.7000000000007,445.7000000000007,5.0,Solar compression stack
2026-09-28,33,Hokuriku / Kansai,35.9,170.39999999999964,899.1000000000004,170.39999999999964,5.0,Scarcity stack
2026-09-28,33,System Price,35.5,4540.799999999996,3432.5000000000073,3432.5000000000073,5.0,Balanced stack
2026-09-28,33,Tohoku / Tokyo / Chubu,36.21,2445.300000000003,2949.699999999997,2445.300000000003,5.0,Balanced stack
2026-09-28,34,Chugoku / Kyushu,25.3,543.3999999999996,563.7999999999993,543.3999999999996,5.0,Thin stack
2026-09-28,34,Hokkaido / Tohoku / Tokyo / Chubu,35.95,3082.7999999999956,3065.7000000000007,3065.7000000000007,5.0,Balanced stack
2026-09-28,34,Hokuriku / Kansai,36.0,181.89999999999964,1190.0,181.89999999999964,5.0,Scarcity stack
2026-09-28,34,System Price,35.73,4719.100000000006,3366.0999999999985,3366.0999999999985,5.0,Balanced stack
2026-09-28,35,Chugoku / Kyushu,27.35,406.60000000000036,292.09999999999854,292.09999999999854,5.0,Scarcity stack
2026-09-28,35,System Price,32.11,3649.5,4731.399999999994,3649.5,5.0,Balanced stack
2026-09-28,35,Tohoku / Tokyo / Chubu / Hokuriku / Kansai,34.86,4175.299999999996,3377.300000000003,3377.300000000003,5.0,Balanced stack
2026-09-28,36,Chugoku / Kyushu,27.0,428.8000000000011,334.2000000000007,334.2000000000007,5.0,Scarcity stack
2026-09-28,36,System Price,32.11,3484.7999999999956,5303.300000000003,3484.7999999999956,5.0,Balanced stack
2026-09-28,36,Tohoku / Tokyo / Chubu / Hokuriku / Kansai,35.5,4070.7999999999956,3171.7000000000044,3171.7000000000044,5.0,Balanced stack
2026-09-28,37,Chugoku / Kyushu,23.61,269.40000000000146,697.8999999999987,269.40000000000146,5.0,Scarcity stack
2026-09-28,37,System Price,32.01,3580.4000000000015,3479.0999999999985,3479.0999999999985,5.0,Balanced stack
2026-09-28,37,Tohoku / Tokyo / Chubu / Hokuriku / Kansai,35.73,4055.5000000000073,2379.7999999999956,2379.7999999999956,5.0,Balanced stack
2026-09-28,38,Chugoku / Kyushu,23.61,246.20000000000073,691.6000000000004,246.20000000000073,5.0,Scarcity stack
2026-09-28,38,System Price,32.1,3861.5,2881.5999999999985,2881.5999999999985,5.0,Balanced stack
2026-09-28,38,Tohoku / Tokyo / Chubu / Hokuriku / Kansai,35.73,3770.9000000000015,2396.9000000000015,2396.9000000000015,5.0,Balanced stack
2026-09-28,39,Chugoku / Kyushu,26.49,235.89999999999964,390.7999999999993,235.89999999999964,5.0,Scarcity stack
2026-09-28,39,System Price,28.35,3413.5,5412.200000000004,3413.5,5.0,Balanced stack
2026-09-28,39,Tohoku / Tokyo / Chubu / Hokuriku / Kansai,30.0,2530.2000000000044,3665.7999999999956,2530.2000000000044,5.0,Balanced stack
2026-09-28,40,Hokuriku / Kansai / Chugoku / Kyushu,23.0,649.8999999999978,1270.2000000000007,649.8999999999978,5.0,Thin stack
2026-09-28,40,System Price,25.52,4183.899999999994,3991.199999999997,3991.199999999997,5.0,Balanced stack
2026-09-28,40,Tohoku / Tokyo / Chubu,26.18,2836.5,4286.399999999998,2836.5,5.0,Balanced stack
2026-09-28,41,Hokuriku / Kansai / Chugoku / Kyushu,19.5,1216.199999999999,1835.9999999999982,1216.199999999999,5.0,Thin stack
2026-09-28,41,System Price,25.0,3940.4000000000015,4662.899999999994,3940.4000000000015,5.0,Balanced stack
2026-09-28,41,Tohoku / Tokyo / Chubu,26.18,2926.399999999998,4863.100000000002,2926.399999999998,5.0,Balanced stack
2026-09-28,42,Hokuriku / Kansai / Chugoku / Kyushu,18.69,1495.0999999999985,1527.9000000000033,1495.0999999999985,5.0,Thin stack
2026-09-28,42,System Price,24.43,4568.100000000006,4114.299999999996,4114.299999999996,5.0,Balanced stack
2026-09-28,42,Tohoku / Tokyo / Chubu,25.85,3813.0,4617.5,3813.0,5.0,Balanced stack
2026-09-28,43,Hokuriku / Kansai / Chugoku / Kyushu,17.29,1542.6000000000004,1107.5,1107.5,5.0,Thin stack
2026-09-28,43,System Price,23.4,5625.5999999999985,3691.0999999999985,3691.0999999999985,5.0,Balanced stack
2026-09-28,43,Tohoku / Tokyo / Chubu,25.0,3292.2000000000007,4143.200000000001,3292.2000000000007,5.0,Balanced stack
2026-09-28,44,Hokuriku / Kansai / Chugoku / Kyushu,15.52,1912.2999999999993,458.39999999999964,458.39999999999964,5.0,Solar compression stack
2026-09-28,44,System Price,24.0,4876.100000000006,4407.899999999994,4407.899999999994,5.0,Balanced stack
2026-09-28,44,Tohoku / Tokyo / Chubu,27.07,2929.7000000000007,6274.0,2929.7000000000007,5.0,Balanced stack
2026-09-28,45,Hokuriku / Kansai / Chugoku / Kyushu,15.5,1942.0999999999985,425.8000000000011,425.8000000000011,5.0,Solar compression stack
2026-09-28,45,System Price,23.99,5317.0,4251.5,4251.5,5.0,Balanced stack
2026-09-28,45,Tohoku / Tokyo / Chubu,28.73,4631.299999999999,5326.5999999999985,4631.299999999999,5.0,Balanced stack
2026-09-28,46,Hokuriku / Kansai / Chugoku / Kyushu,10.01,454.20000000000255,1373.199999999997,454.20000000000255,5.0,Scarcity stack
2026-09-28,46,System Price,22.5,5272.399999999994,3662.5999999999985,3662.5999999999985,5.0,Balanced stack
2026-09-28,46,Tohoku / Tokyo / Chubu,27.98,2325.5,4443.299999999999,2325.5,5.0,Balanced stack
2026-09-28,47,Hokuriku / Kansai / Chugoku / Kyushu,9.58,818.2000000000025,908.6999999999989,818.2000000000025,5.0,Thin stack
2026-09-28,47,System Price,22.47,5495.0999999999985,3306.5999999999985,3306.5999999999985,5.0,Balanced stack
2026-09-28,47,Tohoku / Tokyo / Chubu,27.96,2082.300000000003,5093.899999999998,2082.300000000003,5.0,Balanced stack
2026-09-28,48,Hokuriku / Kansai / Chugoku / Kyushu,8.77,854.1000000000004,856.8999999999978,854.1000000000004,5.0,Thin stack
2026-09-28,48,System Price,20.35,5926.399999999994,2472.600000000006,2472.600000000006,5.0,Balanced stack
2026-09-28,48,Tohoku / Tokyo / Chubu,25.62,3213.899999999998,5508.5,3213.899999999998,5.0,Balanced stack
2026-09-22,1,Hokuriku / Kansai / Chugoku / Shikoku / Kyushu,8.41,2907.3999999999996,12126.5,2907.3999999999996,10.0,Balanced stack
2026-09-22,1,System Price,21.1,8808.199999999997,6868.5999999999985,6868.5999999999985,10.0,Balanced stack
2026-09-22,1,Tokyo / Chubu,26.06,5261.800000000003,6658.999999999996,5261.800000000003,10.0,Balanced stack
2026-09-22,2,Hokkaido / Tohoku,9.55,855.7000000000007,3886.8,855.7000000000007,10.0,Thin stack
2026-09-22,2,Hokuriku / Kansai / Chugoku / Shikoku / Kyushu,8.41,3004.499999999998,11449.2,3004.499999999998,10.0,Balanced stack
2026-09-22,2,System Price,19.32,9415.5,9449.799999999996,9415.5,10.0,Balanced stack
2026-09-22,2,Tokyo / Chubu,25.76,3920.4000000000015,6043.199999999997,3920.4000000000015,10.0,Balanced stack
2026-09-22,3,Hokkaido / Tohoku,9.54,870.6999999999998,3921.3,870.6999999999998,10.0,Thin stack
2026-09-22,3,Hokuriku / Kansai / Chugoku / Shikoku / Kyushu,10.24,2657.999999999998,2583.3999999999996,2583.3999999999996,10.0,Balanced stack
2026-09-22,3,System Price,19.59,10398.099999999999,8004.300000000003,8004.300000000003,10.0,Balanced stack
2026-09-22,3,Tokyo / Chubu,25.01,5208.4000000000015,5753.399999999998,5208.4000000000015,10.0,Balanced stack
2026-09-22,4,Hokkaido / Tohoku,9.54,875.5000000000009,3931.499999999999,875.5000000000009,10.0,Thin stack
2026-09-22,4,Hokuriku / Kansai / Chugoku / Shikoku / Kyushu,10.1,2708.0999999999985,2581.9000000000015,2581.9000000000015,10.0,Balanced stack
2026-09-22,4,System Price,19.0,10784.0,8119.9000000000015,8119.9000000000015,10.0,Balanced stack
2026-09-22,4,Tokyo / Chubu,24.9,5667.200000000001,5345.899999999998,5345.899999999998,10.0,Balanced stack
2026-09-22,5,Hokuriku / Kansai / Chugoku / Shikoku / Kyushu,9.72,2515.7999999999993,11877.199999999999,2515.7999999999993,10.0,Balanced stack
2026-09-22,5,System Price,15.0,7261.600000000006,9886.299999999996,7261.600000000006,10.0,Balanced stack
2026-09-22,5,Tokyo / Chubu,24.52,6301.600000000002,4608.700000000001,4608.700000000001,10.0,Balanced stack
2026-09-22,6,Hokuriku / Kansai / Chugoku / Shikoku / Kyushu,10.16,2685.1000000000004,2619.800000000001,2619.800000000001,10.0,Balanced stack
2026-09-22,6,System Price,16.88,9353.999999999996,8919.100000000006,8919.100000000006,10.0,Balanced stack
2026-09-22,6,Tokyo / Chubu,24.52,6014.699999999997,4563.9000000000015,4563.9000000000015,10.0,Balanced stack
2026-09-22,7,Hokkaido / Tohoku,9.55,842.5999999999995,3926.5,842.5999999999995,10.0,Thin stack
2026-09-22,7,Hokuriku / Kansai / Chugoku / Shikoku / Kyushu,10.28,2274.3999999999996,2840.2000000000007,2274.3999999999996,10.0,Balanced stack
2026-09-22,7,System Price,19.0,9375.699999999997,8379.300000000003,8379.300000000003,10.0,Balanced stack
2026-09-22,7,Tokyo / Chubu,24.9,6164.200000000001,4938.9000000000015,4938.9000000000015,10.0,Balanced stack
2026-09-22,8,Hokkaido / Tohoku,9.54,856.3999999999996,3933.4999999999995,856.3999999999996,10.0,Thin stack
2026-09-22,8,Hokuriku / Kansai / Chugoku / Shikoku / Kyushu,10.71,2227.7999999999993,2910.699999999999,2227.7999999999993,10.0,Balanced stack
2026-09-22,8,System Price,19.6,9216.8,8040.4000000000015,8040.4000000000015,10.0,Balanced stack
2026-09-22,8,Tokyo / Chubu,24.96,5856.9000000000015,5062.5,5062.5,10.0,Balanced stack
2026-09-22,9,Hokkaido / Tohoku,9.55,831.3999999999996,3946.7,831.3999999999996,10.0,Thin stack
2026-09-22,9,Hokuriku / Kansai / Chugoku / Shikoku / Kyushu,8.72,2179.7999999999993,11375.000000000002,2179.7999999999993,10.0,Balanced stack
2026-09-22,9,System Price,20.03,8745.599999999991,7679.80000000001,7679.80000000001,10.0,Balanced stack
2026-09-22,9,Tokyo / Chubu,24.96,6138.5,5052.100000000002,5052.100000000002,10.0,Balanced stack
2026-09-22,10,Hokuriku / Kansai / Chugoku / Shikoku / Kyushu,10.17,2191.9000000000015,2781.1000000000004,2191.9000000000015,10.0,Balanced stack
2026-09-22,10,System Price,21.74,8299.800000000003,5541.499999999993,5541.499999999993,10.0,Balanced stack
2026-09-22,10,Tokyo / Chubu,25.01,5272.4000000000015,5553.700000000001,5272.4000000000015,10.0,Balanced stack
2026-09-22,11,Hokkaido / Tohoku,9.67,557.3999999999996,4255.900000000001,557.3999999999996,10.0,Thin stack
2026-09-22,11,Hokuriku / Kansai / Chugoku / Shikoku / Kyushu,10.88,2035.1000000000004,2803.899999999998,2035.1000000000004,10.0,Balanced stack
2026-09-22,11,System Price,22.76,8415.799999999996,5065.0999999999985,5065.0999999999985,10.0,Balanced stack
2026-09-22,11,Tokyo / Chubu,25.18,4501.5,5633.4000000000015,4501.5,10.0,Balanced stack
2026-09-22,12,Hokkaido / Tohoku,9.67,676.2000000000007,4184.9,676.2000000000007,10.0,Thin stack
2026-09-22,12,Hokuriku / Kansai / Chugoku / Shikoku / Kyushu,10.03,2038.3999999999996,2861.699999999999,2038.3999999999996,10.0,Balanced stack
2026-09-22,12,System Price,21.35,9164.099999999999,5752.5999999999985,5752.5999999999985,10.0,Balanced stack
2026-09-22,12,Tokyo / Chubu,25.18,4123.0999999999985,5428.600000000002,4123.0999999999985,10.0,Balanced stack
2026-09-22,13,Hokkaido / Tohoku,9.67,753.1000000000013,4379.699999999999,753.1000000000013,10.0,Thin stack
2026-09-22,13,Hokuriku / Kansai / Chugoku / Shikoku / Kyushu,16.91,1943.699999999999,2788.2000000000007,1943.699999999999,10.0,Balanced stack
2026-09-22,13,System Price,19.32,9927.800000000003,8870.5,8870.5,10.0,Balanced stack
2026-09-22,13,Tokyo / Chubu,24.84,5741.799999999999,4839.799999999999,4839.799999999999,10.0,Balanced stack
2026-09-22,14,Hokuriku / Kansai / Chugoku / Shikoku / Kyushu,10.38,2572.0,3565.2999999999993,2572.0,10.0,Balanced stack
2026-09-22,14,System Price,13.76,6807.0999999999985,8973.399999999994,6807.0999999999985,10.0,Balanced stack
2026-09-22,14,Tokyo / Chubu,23.0,5761.899999999998,4682.9000000000015,4682.9000000000015,10.0,Balanced stack
2026-09-22,15,Hokkaido / Tohoku,6.6,1507.6000000000013,4070.1,1507.6000000000013,10.0,Balanced stack
2026-09-22,15,Hokuriku / Kansai / Chugoku / Shikoku / Kyushu,9.53,3404.3999999999996,12096.3,3404.3999999999996,10.0,Balanced stack
2026-09-22,15,System Price,11.1,7446.4000000000015,7622.0999999999985,7446.4000000000015,10.0,Balanced stack
2026-09-22,16,Hokkaido / Tohoku,1.0,1727.1000000000004,3692.5999999999995,1727.1000000000004,10.0,Balanced stack
2026-09-22,16,Kansai / Chugoku / Shikoku / Kyushu,3.54,3058.500000000002,11103.8,3058.500000000002,10.0,Balanced stack
2026-09-22,16,System Price,9.01,9074.800000000003,24406.699999999997,9074.800000000003,10.0,Balanced stack
2026-09-22,17,Hokkaido / Tohoku,0.03,1864.4000000000005,3578.800000000001,1864.4000000000005,10.0,Balanced stack
2026-09-22,17,Kansai / Chugoku / Shikoku / Kyushu,2.24,3938.9000000000015,11355.400000000001,3938.9000000000015,10.0,Balanced stack
2026-09-22,17,System Price,10.22,8932.299999999996,7381.4000000000015,7381.4000000000015,10.0,Balanced stack
2026-09-22,18,Hokkaido / Tohoku,0.01,1819.0,3721.7,1819.0,10.0,Balanced stack
2026-09-22,18,Kansai / Chugoku / Shikoku,1.75,1877.1000000000004,9465.500000000002,1877.1000000000004,10.0,Balanced stack
2026-09-22,18,System Price,9.63,9984.799999999996,28125.9,9984.799999999996,10.0,Balanced stack
2026-09-22,19,Hokkaido / Tohoku,0.01,1874.3999999999996,3822.500000000001,1874.3999999999996,10.0,Balanced stack
2026-09-22,19,Kansai / Chugoku / Shikoku,2.51,1640.800000000001,10103.3,1640.800000000001,10.0,Balanced stack
2026-09-22,19,System Price,9.5,10330.999999999993,28044.900000000005,10330.999999999993,10.0,Balanced stack
2026-09-22,20,Hokkaido / Tohoku,0.01,2012.6000000000004,3915.499999999999,2012.6000000000004,10.0,Balanced stack
2026-09-22,20,Kansai / Chugoku / Shikoku,2.0,1850.2000000000007,9896.2,1850.2000000000007,10.0,Balanced stack
2026-09-22,20,System Price,6.97,10520.000000000007,27032.699999999997,10520.000000000007,10.0,Balanced stack
2026-09-22,21,Hokkaido / Tohoku,0.01,2012.8999999999996,3979.1000000000004,2012.8999999999996,10.0,Balanced stack
2026-09-22,21,Hokuriku / Kansai / Chugoku / Shikoku,2.51,1892.300000000001,10767.9,1892.300000000001,10.0,Balanced stack
2026-09-22,21,System Price,2.5,10599.399999999994,25359.400000000005,10599.399999999994,10.0,Balanced stack
2026-09-22,21,Tokyo / Chubu,12.01,4055.300000000003,3903.9000000000015,3903.9000000000015,10.0,Balanced stack
2026-09-22,22,Hokkaido / Tohoku,0.01,2079.7000000000016,4006.7999999999993,2079.7000000000016,10.0,Balanced stack
2026-09-22,22,Hokuriku / Kansai / Chugoku / Shikoku,2.6,1923.699999999999,10824.8,1923.699999999999,10.0,Balanced stack
2026-09-22,22,System Price,1.5,9965.599999999999,25207.800000000007,9965.599999999999,10.0,Balanced stack
2026-09-22,22,Tokyo / Chubu,11.72,4200.700000000001,3652.199999999997,3652.199999999997,10.0,Balanced stack
2026-09-22,23,Hokkaido / Tohoku,0.01,2062.0999999999985,4065.7000000000007,2062.0999999999985,10.0,Balanced stack
2026-09-22,23,Kansai / Chugoku / Shikoku,2.0,1924.0000000000018,10228.499999999998,1924.0000000000018,10.0,Balanced stack
2026-09-22,23,System Price,1.0,9207.400000000001,24878.7,9207.400000000001,10.0,Balanced stack
2026-09-22,23,Tokyo / Chubu,12.16,4055.600000000002,4013.0999999999985,4013.0999999999985,10.0,Balanced stack
2026-09-22,24,Hokkaido / Tohoku,0.01,2231.3999999999996,4082.7000000000007,2231.3999999999996,10.0,Balanced stack
2026-09-22,24,Kansai / Chugoku / Shikoku,0.03,1952.5,9674.7,1952.5,10.0,Balanced stack
2026-09-22,24,System Price,0.7,9756.5,24389.000000000004,9756.5,10.0,Balanced stack
2026-09-22,24,Tokyo / Chubu,13.06,4172.4000000000015,3518.2999999999993,3518.2999999999993,10.0,Balanced stack
2026-09-22,25,Hokkaido / Tohoku,0.0,6312.2,0.0,0.0,10.0,Solar compression stack
2026-09-22,25,Kansai / Chugoku / Shikoku / Kyushu,0.01,3719.899999999998,13006.5,3719.899999999998,10.0,Balanced stack
2026-09-22,25,System Price,0.05,8006.0999999999985,24096.8,8006.0999999999985,10.0,Balanced stack
2026-09-22,26,Hokkaido / Tohoku,0.01,2264.7,4067.5,2264.7,10.0,Balanced stack
2026-09-22,26,Kansai / Chugoku / Shikoku / Kyushu,0.01,3724.7000000000007,12825.3,3724.7000000000007,10.0,Balanced stack
2026-09-22,26,System Price,1.0,9244.400000000001,24819.399999999998,9244.400000000001,10.0,Balanced stack
2026-09-22,27,Hokkaido / Tohoku,0.01,2157.499999999999,4014.8,2157.499999999999,10.0,Balanced stack
2026-09-22,27,Kansai / Chugoku / Shikoku / Kyushu,0.01,3776.5999999999967,12459.600000000002,3776.5999999999967,10.0,Balanced stack
2026-09-22,27,System Price,2.5,9618.999999999993,25819.1,9618.999999999993,10.0,Balanced stack
2026-09-22,27,Tokyo / Chubu,22.44,8019.399999999998,2581.5000000000036,2581.5000000000036,10.0,Balanced stack
2026-09-22,28,Hokkaido / Tohoku,0.01,2115.7,3984.9000000000005,2115.7,10.0,Balanced stack
2026-09-22,28,Kansai / Chugoku / Shikoku / Kyushu,0.01,3635.5,11958.2,3635.5,10.0,Balanced stack
2026-09-22,28,System Price,5.45,9442.799999999996,27086.399999999998,9442.799999999996,10.0,Balanced stack
2026-09-22,28,Tokyo / Chubu,24.0,7936.200000000001,3331.399999999998,3331.399999999998,10.0,Balanced stack
2026-09-22,29,Chugoku / Shikoku / Kyushu,0.01,2680.199999999999,6663.199999999999,2680.199999999999,10.0,Balanced stack
2026-09-22,29,Hokkaido / Tohoku,0.01,2022.500000000001,3820.699999999999,2022.500000000001,10.0,Balanced stack
2026-09-22,29,System Price,3.01,7500.600000000006,25311.0,7500.600000000006,10.0,Balanced stack
2026-09-22,29,Tokyo / Chubu,24.76,6399.300000000003,4090.699999999997,4090.699999999997,10.0,Balanced stack
2026-09-22,30,Chugoku / Shikoku / Kyushu,0.01,2672.499999999998,6389.200000000001,2672.499999999998,10.0,Balanced stack
2026-09-22,30,Hokkaido / Tohoku,0.01,1997.8000000000002,3703.499999999999,1997.8000000000002,10.0,Balanced stack
2026-09-22,30,System Price,10.28,7460.600000000006,7608.699999999997,7460.600000000006,10.0,Balanced stack
2026-09-22,30,Tokyo / Chubu,26.01,5094.799999999999,5645.5999999999985,5094.799999999999,10.0,Balanced stack
2026-09-22,31,Hokkaido / Tohoku,0.01,1750.5,3551.300000000001,1750.5,10.0,Balanced stack
2026-09-22,31,Kansai / Chugoku / Shikoku / Kyushu,4.8,3436.800000000001,11733.099999999997,3436.800000000001,10.0,Balanced stack
2026-09-22,31,System Price,12.01,4792.000000000007,9351.099999999991,4792.000000000007,10.0,Balanced stack
2026-09-22,31,Tokyo / Chubu,28.21,5270.4000000000015,7138.299999999999,5270.4000000000015,10.0,Balanced stack
2026-09-22,32,Hokkaido / Tohoku,0.01,1550.1000000000004,3441.6000000000004,1550.1000000000004,10.0,Balanced stack
2026-09-22,32,Kansai / Chugoku / Shikoku / Kyushu,8.0,4202.500000000002,12442.799999999997,4202.500000000002,10.0,Balanced stack
2026-09-22,32,System Price,16.83,8391.5,10796.0,8391.5,10.0,Balanced stack
2026-09-22,33,Hokkaido / Tohoku,0.7,1526.8999999999996,3623.2999999999993,1526.8999999999996,10.0,Balanced stack
2026-09-22,33,Hokuriku / Kansai / Chugoku / Shikoku / Kyushu,8.06,4880.200000000001,12869.5,4880.200000000001,10.0,Balanced stack
2026-09-22,33,System Price,22.48,9388.299999999996,5534.699999999997,5534.699999999997,10.0,Balanced stack
2026-09-22,34,Hokkaido / Tohoku,9.5,987.6000000000004,4198.900000000001,987.6000000000004,10.0,Thin stack
2026-09-22,34,Hokuriku / Kansai / Chugoku / Shikoku / Kyushu,10.08,4182.4000000000015,3015.2999999999993,3015.2999999999993,10.0,Balanced stack
2026-09-22,34,System Price,25.71,9147.399999999994,7716.5,7716.5,10.0,Balanced stack
2026-09-22,35,Hokkaido / Tohoku,9.67,503.40000000000055,4596.9,503.40000000000055,10.0,Thin stack
2026-09-22,35,Hokuriku / Kansai / Chugoku / Shikoku / Kyushu,11.85,3606.0999999999967,2845.2000000000007,2845.2000000000007,10.0,Balanced stack
2026-09-22,35,System Price,26.5,8510.199999999997,8525.400000000001,8510.199999999997,10.0,Balanced stack
2026-09-22,36,Hokkaido / Tohoku,9.67,521.7999999999993,4564.6,521.7999999999993,10.0,Thin stack
2026-09-22,36,Hokuriku / Kansai / Chugoku / Shikoku / Kyushu,16.0,3387.7999999999993,3522.2000000000007,3387.7999999999993,10.0,Balanced stack
2026-09-22,36,System Price,28.54,6496.9000000000015,9548.999999999993,6496.9000000000015,10.0,Balanced stack
2026-09-22,37,Hokkaido / Tohoku,9.7,319.89999999999964,4706.6,319.89999999999964,10.0,Scarcity stack
2026-09-22,37,Hokuriku / Kansai / Chugoku / Shikoku / Kyushu,16.02,2943.899999999998,3705.2000000000007,2943.899999999998,10.0,Balanced stack
2026-09-22,37,System Price,28.3,7583.399999999994,9578.900000000001,7583.399999999994,10.0,Balanced stack
2026-09-22,38,Hokkaido / Tohoku,10.68,335.8000000000002,1304.8999999999996,335.8000000000002,10.0,Scarcity stack
2026-09-22,38,Hokuriku / Kansai / Chugoku / Shikoku / Kyushu,14.96,3116.9000000000015,3747.199999999997,3116.9000000000015,10.0,Balanced stack
2026-09-22,38,System Price,28.29,7151.299999999996,9494.5,7151.299999999996,10.0,Balanced stack
2026-09-22,39,Hokkaido / Tohoku,17.5,387.9999999999991,1057.8000000000002,387.9999999999991,10.0,Scarcity stack
2026-09-22,39,Hokuriku / Kansai / Chugoku / Shikoku / Kyushu,12.74,3342.999999999998,3087.600000000002,3087.600000000002,10.0,Balanced stack
2026-09-22,39,System Price,27.92,6406.799999999996,8396.900000000009,6406.799999999996,10.0,Balanced stack
2026-09-22,40,Hokkaido / Tohoku,19.95,468.39999999999964,259.7000000000007,259.7000000000007,10.0,Scarcity stack
2026-09-22,40,Hokuriku / Kansai / Chugoku / Shikoku / Kyushu,9.92,3396.300000000003,12856.199999999999,3396.300000000003,10.0,Balanced stack
2026-09-22,40,System Price,26.05,7122.5,7907.0,7122.5,10.0,Balanced stack
2026-09-22,41,Hokkaido / Tohoku,20.19,621.5,193.19999999999982,193.19999999999982,10.0,Solar compression stack
2026-09-22,41,Hokuriku / Kansai / Chugoku / Shikoku / Kyushu,9.63,3539.4000000000015,12617.699999999999,3539.4000000000015,10.0,Balanced stack
2026-09-22,41,System Price,24.9,8234.499999999993,7567.400000000009,7567.400000000009,10.0,Balanced stack
2026-09-22,41,Tokyo / Chubu,33.95,2130.0999999999985,7671.200000000001,2130.0999999999985,10.0,Balanced stack
2026-09-22,42,Hokkaido / Tohoku,20.01,719.3000000000002,238.5,238.5,10.0,Solar compression stack
2026-09-22,42,Hokuriku / Kansai / Chugoku / Shikoku / Kyushu,9.17,4001.800000000001,12178.500000000002,4001.800000000001,10.0,Balanced stack
2026-09-22,42,System Price,24.45,9233.300000000003,7268.199999999997,7268.199999999997,10.0,Balanced stack
2026-09-22,42,Tokyo / Chubu,33.31,1620.7999999999993,8465.800000000003,1620.7999999999993,10.0,Balanced stack
2026-09-22,43,Hokkaido / Tohoku,25.9,664.3999999999996,284.8000000000002,284.8000000000002,10.0,Solar compression stack
2026-09-22,43,Hokuriku / Kansai / Chugoku / Shikoku / Kyushu,10.5,3439.8999999999996,3159.7999999999993,3159.7999999999993,10.0,Balanced stack
2026-09-22,43,System Price,24.49,8438.900000000001,7244.500000000007,7244.500000000007,10.0,Balanced stack
2026-09-22,43,Tokyo / Chubu,32.52,2395.9000000000015,7787.200000000001,2395.9000000000015,10.0,Balanced stack
2026-09-22,44,Hokkaido / Tohoku,29.0,774.6000000000004,424.89999999999964,424.89999999999964,10.0,Solar compression stack
2026-09-22,44,Hokuriku / Kansai / Chugoku / Shikoku / Kyushu,9.92,3471.7000000000007,12881.700000000003,3471.7000000000007,10.0,Balanced stack
2026-09-22,44,System Price,24.32,8608.299999999996,6473.500000000007,6473.500000000007,10.0,Balanced stack
2026-09-22,44,Tokyo / Chubu,32.52,2209.7999999999956,7883.5,2209.7999999999956,10.0,Balanced stack
2026-09-22,45,Hokkaido / Tohoku,19.0,739.1999999999998,1112.1000000000004,739.1999999999998,10.0,Thin stack
2026-09-22,45,Hokuriku / Kansai / Chugoku / Shikoku / Kyushu,10.95,3738.0,3011.6000000000004,3011.6000000000004,10.0,Balanced stack
2026-09-22,45,System Price,23.56,9631.400000000001,6997.199999999997,6997.199999999997,10.0,Balanced stack
2026-09-22,45,Tokyo / Chubu,32.52,4930.9000000000015,7020.300000000003,4930.9000000000015,10.0,Balanced stack
2026-09-22,46,Hokkaido / Tohoku,20.22,948.8999999999996,245.39999999999964,245.39999999999964,10.0,Solar compression stack
2026-09-22,46,Hokuriku / Kansai / Chugoku / Shikoku / Kyushu,10.01,3855.5999999999985,3331.5999999999985,3331.5999999999985,10.0,Balanced stack
2026-09-22,46,System Price,22.76,9212.699999999997,6623.200000000004,6623.200000000004,10.0,Balanced stack
2026-09-22,46,Tokyo / Chubu,32.52,4738.500000000004,8061.0999999999985,4738.500000000004,10.0,Balanced stack
2026-09-22,47,Hokkaido / Tohoku,13.22,528.2000000000007,1633.5999999999995,528.2000000000007,10.0,Thin stack
2026-09-22,47,Hokuriku / Kansai / Chugoku / Shikoku / Kyushu,9.87,3365.0,12611.999999999998,3365.0,10.0,Balanced stack
2026-09-22,47,System Price,22.5,9000.400000000001,6578.699999999997,6578.699999999997,10.0,Balanced stack
2026-09-22,47,Tokyo / Chubu,32.0,5508.0,7750.200000000001,5508.0,10.0,Balanced stack
2026-09-22,48,Hokkaido / Tohoku,10.68,565.5000000000009,1696.8999999999987,565.5000000000009,10.0,Thin stack
2026-09-22,48,Hokuriku / Kansai / Chugoku / Shikoku / Kyushu,8.0,3209.2000000000007,11250.9,3209.2000000000007,10.0,Balanced stack
2026-09-22,48,System Price,20.0,9288.299999999996,7221.700000000004,7221.700000000004,10.0,Balanced stack
2026-09-22,48,Tokyo / Chubu,28.02,5612.299999999999,7237.0,5612.299999999999,10.0,Balanced stack
2026-09-23,1,Hokuriku / Kansai / Chugoku / Shikoku / Kyushu,8.06,3028.499999999998,11543.3,3028.499999999998,10.0,Balanced stack
2026-09-23,1,System Price,22.19,8571.799999999996,6200.5,6200.5,10.0,Balanced stack
2026-09-23,1,Tohoku / Tokyo / Chubu,27.22,4738.0,7169.5,4738.0,10.0,Balanced stack
2026-09-23,2,Hokuriku / Kansai / Chugoku / Shikoku / Kyushu,8.78,2899.100000000002,11664.499999999998,2899.100000000002,10.0,Balanced stack
2026-09-23,2,System Price,21.01,9175.200000000004,6533.0,6533.0,10.0,Balanced stack
2026-09-23,2,Tokyo / Chubu,26.71,5475.299999999999,5993.799999999996,5475.299999999999,10.0,Balanced stack
2026-09-23,3,Hokuriku / Kansai / Chugoku / Shikoku / Kyushu,9.87,2193.1000000000004,11792.8,2193.1000000000004,10.0,Balanced stack
2026-09-23,3,System Price,20.0,9378.099999999991,7350.200000000004,7350.200000000004,10.0,Balanced stack
2026-09-23,3,Tokyo / Chubu,26.04,5918.0999999999985,5915.799999999999,5915.799999999999,10.0,Balanced stack
2026-09-23,4,Hokuriku / Kansai / Chugoku / Shikoku / Kyushu,9.87,2292.5,11797.3,2292.5,10.0,Balanced stack
2026-09-23,4,System Price,17.4,9065.900000000001,8440.699999999997,8440.699999999997,10.0,Balanced stack
2026-09-23,4,Tokyo / Chubu,25.01,5481.299999999999,5025.0999999999985,5025.0999999999985,10.0,Balanced stack
2026-09-23,5,Hokuriku / Kansai / Chugoku / Shikoku / Kyushu,9.76,2531.1000000000004,11700.099999999999,2531.1000000000004,10.0,Balanced stack
2026-09-23,5,System Price,16.11,8321.499999999993,8028.200000000004,8028.200000000004,10.0,Balanced stack
2026-09-23,5,Tokyo / Chubu,25.0,5886.200000000001,4713.299999999999,4713.299999999999,10.0,Balanced stack
2026-09-23,6,Hokkaido / Tohoku,16.2,328.1999999999998,1673.2000000000007,328.1999999999998,10.0,Scarcity stack
2026-09-23,6,Hokuriku / Kansai / Chugoku / Shikoku / Kyushu,10.28,2320.699999999999,2758.1000000000004,2320.699999999999,10.0,Balanced stack
2026-09-23,6,System Price,17.1,8808.699999999997,7951.300000000003,7951.300000000003,10.0,Balanced stack
2026-09-23,6,Tokyo / Chubu,24.8,5386.5,4267.299999999999,4267.299999999999,10.0,Balanced stack
2026-09-23,7,Hokkaido / Tohoku,20.33,448.10000000000036,456.3000000000002,448.10000000000036,10.0,Scarcity stack
2026-09-23,7,Hokuriku / Kansai / Chugoku / Shikoku / Kyushu,10.38,2182.600000000002,3120.7000000000007,2182.600000000002,10.0,Balanced stack
2026-09-23,7,System Price,19.61,9542.099999999999,7239.0,7239.0,10.0,Balanced stack
2026-09-23,7,Tokyo / Chubu,25.0,5078.5,5012.0,5012.0,10.0,Balanced stack
2026-09-23,8,Hokkaido / Tohoku,21.01,375.1999999999998,441.40000000000055,375.1999999999998,10.0,Scarcity stack
2026-09-23,8,Hokuriku / Kansai / Chugoku / Shikoku / Kyushu,11.7,1800.7999999999993,3189.800000000001,1800.7999999999993,10.0,Balanced stack
2026-09-23,8,System Price,21.1,8059.000000000007,5912.199999999997,5912.199999999997,10.0,Balanced stack
2026-09-23,8,Tokyo / Chubu,26.08,5868.100000000002,5943.399999999998,5868.100000000002,10.0,Balanced stack
2026-09-23,9,Hokkaido / Tohoku,25.0,342.5,528.6999999999998,342.5,10.0,Scarcity stack
2026-09-23,9,Hokuriku / Kansai / Chugoku / Shikoku / Kyushu,8.62,1858.3999999999996,11776.9,1858.3999999999996,10.0,Balanced stack
2026-09-23,9,System Price,22.01,8151.9000000000015,5672.799999999996,5672.799999999996,10.0,Balanced stack
2026-09-23,9,Tokyo / Chubu,26.1,6173.200000000001,5917.299999999999,5917.299999999999,10.0,Balanced stack
2026-09-23,10,Hokkaido / Tohoku,26.23,211.29999999999927,751.3000000000002,211.29999999999927,10.0,Scarcity stack
2026-09-23,10,Hokuriku / Kansai / Chugoku / Shikoku / Kyushu,10.95,1982.699999999999,2862.800000000003,1982.699999999999,10.0,Balanced stack
2026-09-23,10,System Price,24.24,8232.300000000003,5685.0,5685.0,10.0,Balanced stack
2026-09-23,10,Tokyo / Chubu,26.41,5080.899999999998,6291.5999999999985,5080.899999999998,10.0,Balanced stack
2026-09-23,11,Hokuriku / Kansai / Chugoku / Shikoku / Kyushu,12.1,1739.800000000001,3024.3999999999996,1739.800000000001,10.0,Balanced stack
2026-09-23,11,System Price,23.5,8525.300000000003,5496.4000000000015,5496.4000000000015,10.0,Balanced stack
2026-09-23,11,Tohoku / Tokyo / Chubu,25.35,6390.299999999999,6138.600000000002,6138.600000000002,10.0,Balanced stack
2026-09-23,12,Hokuriku / Kansai / Chugoku / Shikoku / Kyushu,10.95,1957.0,2919.2999999999993,1957.0,10.0,Balanced stack
2026-09-23,12,System Price,21.1,8365.700000000004,6773.199999999997,6773.199999999997,10.0,Balanced stack
2026-09-23,12,Tokyo / Chubu,25.12,6160.4000000000015,5177.5999999999985,5177.5999999999985,10.0,Balanced stack
2026-09-23,13,Hokuriku / Kansai / Chugoku / Shikoku / Kyushu,12.4,2160.1000000000004,3243.5,2160.1000000000004,10.0,Balanced stack
2026-09-23,13,System Price,18.45,9814.399999999994,6582.5999999999985,6582.5999999999985,10.0,Balanced stack
2026-09-23,13,Tokyo / Chubu,24.73,5478.000000000004,4641.5,4641.5,10.0,Balanced stack
2026-09-23,14,Hokuriku / Kansai / Chugoku / Shikoku / Kyushu,9.83,2977.300000000001,11747.7,2977.300000000001,10.0,Balanced stack
2026-09-23,14,System Price,13.57,5978.800000000003,7102.9000000000015,5978.800000000003,10.0,Balanced stack
2026-09-23,14,Tokyo / Chubu,24.44,5912.999999999996,4082.2000000000007,4082.2000000000007,10.0,Balanced stack
2026-09-23,15,Hokkaido / Tohoku,9.19,1037.499999999999,4351.4000000000015,1037.499999999999,10.0,Thin stack
2026-09-23,15,Hokuriku / Kansai / Chugoku / Shikoku / Kyushu,8.16,4044.499999999998,11216.4,4044.499999999998,10.0,Balanced stack
2026-09-23,15,System Price,10.4,6702.9000000000015,7290.899999999994,6702.9000000000015,10.0,Balanced stack
2026-09-23,15,Tokyo / Chubu,24.41,5431.0999999999985,4287.4000000000015,4287.4000000000015,10.0,Balanced stack
2026-09-23,16,Kansai / Chugoku / Shikoku / Kyushu,5.89,3522.7999999999975,10780.300000000001,3522.7999999999975,10.0,Balanced stack
2026-09-23,16,System Price,10.39,7818.5999999999985,7123.5999999999985,7123.5999999999985,10.0,Balanced stack
2026-09-23,16,Tokyo / Chubu,24.41,5427.5999999999985,4393.300000000003,4393.300000000003,10.0,Balanced stack
2026-09-23,17,Kansai / Chugoku / Shikoku / Kyushu,3.0,3778.3999999999996,11116.6,3778.3999999999996,10.0,Balanced stack
2026-09-23,17,System Price,10.01,8519.400000000001,8022.499999999993,8022.499999999993,10.0,Balanced stack
2026-09-23,17,Tokyo / Chubu,24.35,5747.0999999999985,4178.799999999999,4178.799999999999,10.0,Balanced stack
2026-09-23,18,Kansai / Chugoku / Shikoku / Kyushu,2.9,3530.7999999999975,11700.3,3530.7999999999975,10.0,Balanced stack
2026-09-23,18,System Price,10.29,7863.0,7236.100000000006,7236.100000000006,10.0,Balanced stack
2026-09-23,18,Tokyo / Chubu,25.06,4864.700000000001,5134.0,4864.700000000001,10.0,Balanced stack
2026-09-23,19,Chugoku / Shikoku / Kyushu,1.0,3079.699999999999,6627.200000000002,3079.699999999999,10.0,Balanced stack
2026-09-23,19,System Price,9.6,9022.500000000007,28657.999999999993,9022.500000000007,10.0,Balanced stack
2026-09-23,19,Tokyo / Chubu,24.5,5706.999999999996,4806.299999999999,4806.299999999999,10.0,Balanced stack
2026-09-23,20,Chugoku / Shikoku / Kyushu,0.03,2525.2000000000007,6620.199999999999,2525.2000000000007,10.0,Balanced stack
2026-09-23,20,System Price,10.0,8623.199999999997,29617.700000000004,8623.199999999997,10.0,Balanced stack
2026-09-23,20,Tokyo / Chubu,26.06,4617.299999999999,5711.0,4617.299999999999,10.0,Balanced stack
2026-09-23,21,Chugoku / Shikoku / Kyushu,0.01,2786.7000000000007,6930.9,2786.7000000000007,10.0,Balanced stack
2026-09-23,21,System Price,9.99,8492.300000000003,30322.099999999995,8492.300000000003,10.0,Balanced stack
2026-09-23,21,Tokyo / Chubu,24.63,5612.299999999999,5027.500000000004,5027.500000000004,10.0,Balanced stack
2026-09-23,22,Chugoku / Shikoku / Kyushu,0.01,2875.0,7166.299999999999,2875.0,10.0,Balanced stack
2026-09-23,22,Hokuriku / Kansai,8.88,1489.4000000000015,6041.700000000001,1489.4000000000015,10.0,Thin stack
2026-09-23,22,System Price,9.63,8529.199999999997,30457.200000000004,8529.199999999997,10.0,Balanced stack
2026-09-23,22,Tokyo / Chubu,24.63,5555.0999999999985,5004.0,5004.0,10.0,Balanced stack
2026-09-23,23,Chugoku / Shikoku / Kyushu,0.01,2835.1000000000004,7140.8,2835.1000000000004,10.0,Balanced stack
2026-09-23,23,Hokuriku / Kansai,8.29,1419.6000000000004,6026.700000000001,1419.6000000000004,10.0,Thin stack
2026-09-23,23,System Price,8.79,9490.200000000004,28947.699999999997,9490.200000000004,10.0,Balanced stack
2026-09-23,23,Tokyo / Chubu,22.61,7028.200000000001,4641.5999999999985,4641.5999999999985,10.0,Balanced stack
2026-09-23,24,Chugoku / Shikoku / Kyushu,0.01,2814.800000000001,7244.0,2814.800000000001,10.0,Balanced stack
2026-09-23,24,Hokuriku / Kansai,8.68,1507.2000000000007,6053.900000000001,1507.2000000000007,10.0,Balanced stack
2026-09-23,24,System Price,7.85,9765.099999999999,27776.200000000004,9765.099999999999,10.0,Balanced stack
2026-09-23,24,Tokyo / Chubu,21.74,7164.100000000002,5012.699999999997,5012.699999999997,10.0,Balanced stack
2026-09-23,25,Chugoku / Shikoku / Kyushu,0.01,2785.7000000000025,6986.9,2785.7000000000025,10.0,Balanced stack
2026-09-23,25,Hokuriku / Kansai,9.9,1422.699999999999,6104.200000000002,1422.699999999999,10.0,Thin stack
2026-09-23,25,System Price,6.44,9198.799999999996,27329.300000000003,9198.799999999996,10.0,Balanced stack
2026-09-23,26,Chugoku / Shikoku / Kyushu,0.01,2821.8999999999996,6721.0,2821.8999999999996,10.0,Balanced stack
2026-09-23,26,Hokuriku / Kansai,9.9,1214.4000000000015,6314.699999999999,1214.4000000000015,10.0,Thin stack
2026-09-23,26,System Price,9.62,9415.899999999994,29216.0,9415.899999999994,10.0,Balanced stack
2026-09-23,27,Chugoku / Shikoku / Kyushu,0.01,2738.2999999999993,6766.4,2738.2999999999993,10.0,Balanced stack
2026-09-23,27,Hokuriku / Kansai,12.9,1020.0999999999985,783.7000000000007,783.7000000000007,10.0,Thin stack
2026-09-23,27,System Price,10.1,8422.699999999997,7059.799999999996,7059.799999999996,10.0,Balanced stack
2026-09-23,27,Tokyo / Chubu,23.9,7597.0,4144.799999999999,4144.799999999999,10.0,Balanced stack
2026-09-23,28,Chugoku / Shikoku / Kyushu,1.0,2877.5999999999985,6706.1,2877.5999999999985,10.0,Balanced stack
2026-09-23,28,Hokuriku / Kansai,17.1,669.7000000000007,1007.2999999999993,669.7000000000007,10.0,Thin stack
2026-09-23,28,System Price,11.24,7155.9000000000015,7272.699999999997,7155.9000000000015,10.0,Balanced stack
2026-09-23,28,Tokyo / Chubu,23.9,7253.0999999999985,5201.300000000003,5201.300000000003,10.0,Balanced stack
2026-09-23,29,Chugoku / Shikoku / Kyushu,2.88,2732.0,6547.5999999999985,2732.0,10.0,Balanced stack
2026-09-23,29,Hokuriku / Kansai,17.1,664.0,1014.0,664.0,10.0,Thin stack
2026-09-23,29,System Price,10.94,7021.9000000000015,7924.099999999991,7021.9000000000015,10.0,Balanced stack
2026-09-23,29,Tokyo / Chubu,24.74,6216.9000000000015,4278.5999999999985,4278.5999999999985,10.0,Balanced stack
2026-09-23,30,Chugoku / Shikoku / Kyushu,2.6,2705.500000000002,6090.199999999999,2705.500000000002,10.0,Balanced stack
2026-09-23,30,Hokuriku / Kansai,20.0,346.40000000000146,1236.2999999999993,346.40000000000146,10.0,Scarcity stack
2026-09-23,30,System Price,12.3,5914.800000000003,8325.5,5914.800000000003,10.0,Balanced stack
2026-09-23,30,Tokyo / Chubu,25.77,4955.200000000001,5275.9000000000015,4955.200000000001,10.0,Balanced stack
2026-09-23,31,Chugoku / Shikoku / Kyushu,8.09,2829.4000000000015,6854.5999999999985,2829.4000000000015,10.0,Balanced stack
2026-09-23,31,Hokuriku / Kansai,14.32,1057.2999999999993,900.3000000000011,900.3000000000011,10.0,Thin stack
2026-09-23,31,System Price,13.71,6220.300000000003,7986.200000000004,6220.300000000003,10.0,Balanced stack
2026-09-23,31,Tokyo / Chubu,27.36,5586.799999999996,4996.200000000001,4996.200000000001,10.0,Balanced stack
2026-09-23,32,Hokuriku / Kansai / Chugoku / Shikoku / Kyushu,8.16,4160.000000000002,12825.0,4160.000000000002,10.0,Balanced stack
2026-09-23,32,System Price,17.47,7388.9000000000015,10378.0,7388.9000000000015,10.0,Balanced stack
2026-09-23,32,Tokyo / Chubu,28.29,6291.0,7062.999999999996,6291.0,10.0,Balanced stack
2026-09-23,33,Hokuriku / Kansai / Chugoku / Shikoku / Kyushu,8.0,4846.799999999999,11776.400000000001,4846.799999999999,10.0,Balanced stack
2026-09-23,33,System Price,23.5,11067.200000000004,7939.299999999996,7939.299999999996,10.0,Balanced stack
2026-09-23,33,Tokyo / Chubu,30.11,4229.600000000002,9417.8,4229.600000000002,10.0,Balanced stack
2026-09-23,34,Hokuriku / Kansai / Chugoku / Shikoku / Kyushu,10.25,4055.0,2974.5999999999985,2974.5999999999985,10.0,Balanced stack
2026-09-23,34,System Price,26.48,9654.0,8176.900000000009,8176.900000000009,10.0,Balanced stack
2026-09-23,34,Tohoku / Tokyo / Chubu,34.9,3342.0,8231.800000000003,3342.0,10.0,Balanced stack
2026-09-23,35,Hokuriku / Kansai / Chugoku / Shikoku / Kyushu,10.95,3711.999999999998,2813.100000000002,2813.100000000002,10.0,Balanced stack
2026-09-23,35,System Price,26.35,9802.400000000009,8187.0,8187.0,10.0,Balanced stack
2026-09-23,35,Tohoku / Tokyo / Chubu,34.28,3950.100000000002,8510.899999999998,3950.100000000002,10.0,Balanced stack
2026-09-23,36,Hokuriku / Kansai / Chugoku / Shikoku / Kyushu,16.51,3648.2999999999993,3249.5999999999985,3249.5999999999985,10.0,Balanced stack
2026-09-23,36,System Price,27.56,8077.5,7829.799999999996,7829.799999999996,10.0,Balanced stack
2026-09-23,36,Tohoku / Tokyo / Chubu,34.31,3927.7999999999956,8392.2,3927.7999999999956,10.0,Balanced stack
2026-09-23,37,Hokuriku / Kansai / Chugoku / Shikoku / Kyushu,16.66,3501.3999999999996,3161.699999999997,3161.699999999997,10.0,Balanced stack
2026-09-23,37,System Price,27.91,7981.200000000004,7485.5999999999985,7485.5999999999985,10.0,Balanced stack
2026-09-23,37,Tohoku / Tokyo / Chubu,34.5,3383.7000000000007,7776.5999999999985,3383.7000000000007,10.0,Balanced stack
2026-09-23,38,Hokuriku / Kansai / Chugoku / Shikoku / Kyushu,15.9,3486.0000000000036,3158.7999999999956,3158.7999999999956,10.0,Balanced stack
2026-09-23,38,System Price,27.92,7436.100000000006,7489.300000000003,7436.100000000006,10.0,Balanced stack
2026-09-23,38,Tohoku / Tokyo / Chubu,34.5,3369.899999999998,7307.5999999999985,3369.899999999998,10.0,Balanced stack
2026-09-23,39,Hokuriku / Kansai / Chugoku / Shikoku / Kyushu,14.61,3730.5,3269.0,3269.0,10.0,Balanced stack
2026-09-23,39,System Price,26.7,7788.5,7983.299999999996,7788.5,10.0,Balanced stack
2026-09-23,39,Tohoku / Tokyo / Chubu,34.6,2914.100000000006,6938.399999999994,2914.100000000006,10.0,Balanced stack
2026-09-23,40,Hokuriku / Kansai / Chugoku / Shikoku / Kyushu,12.09,3777.2000000000007,2701.7000000000007,2701.7000000000007,10.0,Balanced stack
2026-09-23,40,System Price,25.0,8301.099999999999,8286.5,8286.5,10.0,Balanced stack
2026-09-23,40,Tohoku / Tokyo / Chubu,33.5,2391.2999999999956,8651.200000000004,2391.2999999999956,10.0,Balanced stack
2026-09-23,41,Hokuriku / Kansai / Chugoku / Shikoku / Kyushu,13.47,3964.999999999998,2759.300000000003,2759.300000000003,10.0,Balanced stack
2026-09-23,41,System Price,25.0,8441.19999999999,8354.80000000001,8354.80000000001,10.0,Balanced stack
2026-09-23,41,Tohoku / Tokyo / Chubu,33.28,2584.399999999998,8877.200000000004,2584.399999999998,10.0,Balanced stack
2026-09-23,42,Hokuriku / Kansai / Chugoku / Shikoku / Kyushu,10.4,3836.3999999999996,2729.600000000002,2729.600000000002,10.0,Balanced stack
2026-09-23,42,System Price,24.41,10089.900000000001,7596.600000000006,7596.600000000006,10.0,Balanced stack
2026-09-23,42,Tohoku / Tokyo / Chubu,31.5,3094.7000000000007,9629.099999999999,3094.7000000000007,10.0,Balanced stack
2026-09-23,43,Hokuriku / Kansai / Chugoku / Shikoku / Kyushu,12.61,3997.199999999999,3022.6000000000004,3022.6000000000004,10.0,Balanced stack
2026-09-23,43,System Price,24.38,9584.5,7640.300000000003,7640.300000000003,10.0,Balanced stack
2026-09-23,43,Tohoku / Tokyo / Chubu,30.11,2930.4000000000015,9712.999999999996,2930.4000000000015,10.0,Balanced stack
2026-09-23,44,Hokuriku / Kansai / Chugoku / Shikoku / Kyushu,10.01,3909.3999999999996,2934.7000000000007,2934.7000000000007,10.0,Balanced stack
2026-09-23,44,System Price,23.82,10914.399999999994,6856.600000000006,6856.600000000006,10.0,Balanced stack
2026-09-23,44,Tohoku / Tokyo / Chubu,30.01,3410.7000000000044,9033.399999999998,3410.7000000000044,10.0,Balanced stack
2026-09-23,45,Hokuriku / Kansai / Chugoku / Shikoku / Kyushu,12.09,3734.199999999999,3008.4000000000015,3008.4000000000015,10.0,Balanced stack
2026-09-23,45,System Price,23.0,8214.799999999996,6507.900000000009,6507.900000000009,10.0,Balanced stack
2026-09-23,45,Tohoku / Tokyo / Chubu,32.0,5421.4000000000015,8320.399999999998,5421.4000000000015,10.0,Balanced stack
2026-09-23,46,Hokuriku / Kansai / Chugoku / Shikoku / Kyushu,10.95,3364.800000000001,3042.2000000000025,3042.2000000000025,10.0,Balanced stack
2026-09-23,46,System Price,22.5,8323.400000000001,6169.9000000000015,6169.9000000000015,10.0,Balanced stack
2026-09-23,46,Tohoku / Tokyo / Chubu,30.11,5194.0,8559.099999999999,5194.0,10.0,Balanced stack
2026-09-23,47,Hokuriku / Kansai / Chugoku / Shikoku / Kyushu,10.95,3400.4000000000015,2898.2999999999993,2898.2999999999993,10.0,Balanced stack
2026-09-23,47,System Price,21.93,8589.599999999999,6809.4000000000015,6809.4000000000015,10.0,Balanced stack
2026-09-23,47,Tohoku / Tokyo / Chubu,30.32,5362.799999999999,8842.5,5362.799999999999,10.0,Balanced stack
2026-09-23,48,Hokuriku / Kansai / Chugoku / Shikoku / Kyushu,9.99,3733.199999999999,12637.900000000001,3733.199999999999,10.0,Balanced stack
2026-09-23,48,System Price,20.01,9867.5,7810.4000000000015,7810.4000000000015,10.0,Balanced stack
2026-09-23,48,Tohoku / Tokyo / Chubu,28.01,5521.5,7967.799999999999,5521.5,10.0,Balanced stack
2026-09-24,1,Hokuriku / Kansai / Chugoku / Shikoku / Kyushu,10.59,2605.600000000002,3141.7999999999993,2605.600000000002,10.0,Balanced stack
2026-09-24,1,System Price,22.67,10130.0,5394.699999999997,5394.699999999997,10.0,Balanced stack
2026-09-24,1,Tohoku / Tokyo / Chubu,25.75,7376.100000000002,5813.5999999999985,5813.5999999999985,10.0,Balanced stack
2026-09-24,2,Hokuriku / Kansai / Chugoku / Shikoku / Kyushu,9.63,3193.2999999999993,11393.0,3193.2999999999993,10.0,Balanced stack
2026-09-24,2,System Price,19.01,9691.699999999997,8709.900000000009,8709.900000000009,10.0,Balanced stack
2026-09-24,2,Tohoku / Tokyo / Chubu,25.63,7088.4000000000015,5235.5999999999985,5235.5999999999985,10.0,Balanced stack
2026-09-24,3,Hokuriku / Kansai / Chugoku / Shikoku / Kyushu,10.0,2687.3999999999996,11722.200000000003,2687.3999999999996,10.0,Balanced stack
2026-09-24,3,System Price,18.36,10582.199999999997,7793.400000000009,7793.400000000009,10.0,Balanced stack
2026-09-24,3,Tohoku / Tokyo / Chubu,25.49,6984.5,6171.9000000000015,6171.9000000000015,10.0,Balanced stack
2026-09-24,4,Hokuriku / Kansai / Chugoku / Shikoku / Kyushu,10.0,2786.7999999999975,11731.599999999999,2786.7999999999975,10.0,Balanced stack
2026-09-24,4,System Price,15.75,8209.399999999994,8859.800000000003,8209.399999999994,10.0,Balanced stack
2026-09-24,4,Tohoku / Tokyo / Chubu,24.89,6154.299999999999,5913.5,5913.5,10.0,Balanced stack
2026-09-24,5,Hokuriku / Kansai / Chugoku / Shikoku / Kyushu,9.98,2931.699999999999,11792.999999999998,2931.699999999999,10.0,Balanced stack
2026-09-24,5,System Price,15.43,7774.700000000004,8498.599999999991,7774.700000000004,10.0,Balanced stack
2026-09-24,5,Tohoku / Tokyo / Chubu,24.58,6542.299999999999,5642.0999999999985,5642.0999999999985,10.0,Balanced stack
2026-09-24,6,Hokuriku / Kansai / Chugoku / Shikoku / Kyushu,10.14,2742.0,2809.300000000001,2742.0,10.0,Balanced stack
2026-09-24,6,System Price,16.8,8941.400000000001,8338.199999999997,8338.199999999997,10.0,Balanced stack
2026-09-24,6,Tohoku / Tokyo / Chubu,25.14,6897.699999999997,5960.4000000000015,5960.4000000000015,10.0,Balanced stack
2026-09-24,7,Hokuriku / Kansai / Chugoku / Shikoku / Kyushu,10.23,2671.2000000000025,2819.399999999998,2671.2000000000025,10.0,Balanced stack
2026-09-24,7,System Price,16.89,8442.799999999996,8452.900000000001,8442.799999999996,10.0,Balanced stack
2026-09-24,7,Tohoku / Tokyo / Chubu,25.5,6960.200000000001,5619.5,5619.5,10.0,Balanced stack
2026-09-24,8,Hokuriku / Kansai / Chugoku / Shikoku / Kyushu,10.31,2141.1000000000004,3096.500000000002,2141.1000000000004,10.0,Balanced stack
2026-09-24,8,System Price,21.02,11158.100000000006,4825.399999999994,4825.399999999994,10.0,Balanced stack
2026-09-24,8,Tohoku / Tokyo / Chubu,25.5,7454.9000000000015,5661.200000000001,5661.200000000001,10.0,Balanced stack
2026-09-24,9,Hokuriku / Kansai / Chugoku / Shikoku / Kyushu,10.6,2026.8999999999996,2973.1000000000004,2026.8999999999996,10.0,Balanced stack
2026-09-24,9,System Price,22.51,10728.099999999999,4257.4000000000015,4257.4000000000015,10.0,Balanced stack
2026-09-24,9,Tohoku / Tokyo / Chubu,25.9,5330.100000000002,5986.0,5330.100000000002,10.0,Balanced stack
2026-09-24,10,Hokuriku / Kansai / Chugoku / Shikoku / Kyushu,12.16,1662.3999999999996,3410.0999999999985,1662.3999999999996,10.0,Balanced stack
2026-09-24,10,System Price,23.48,10953.200000000004,4382.199999999997,4382.199999999997,10.0,Balanced stack
2026-09-24,10,Tohoku / Tokyo / Chubu,26.22,6647.800000000003,6312.499999999996,6312.499999999996,10.0,Balanced stack
2026-09-24,11,Hokuriku / Kansai / Chugoku / Shikoku / Kyushu,14.5,1646.1000000000004,3302.5999999999985,1646.1000000000004,10.0,Balanced stack
2026-09-24,11,System Price,23.78,11240.900000000001,5429.800000000003,5429.800000000003,10.0,Balanced stack
2026-09-24,11,Tohoku / Tokyo / Chubu,26.6,6220.799999999999,6803.4000000000015,6220.799999999999,10.0,Balanced stack
2026-09-24,12,Hokuriku / Kansai / Chugoku / Shikoku / Kyushu,13.81,1397.1000000000004,3434.1000000000004,1397.1000000000004,10.0,Thin stack
2026-09-24,12,System Price,23.78,9826.899999999994,5767.800000000003,5767.800000000003,10.0,Balanced stack
2026-09-24,12,Tohoku / Tokyo / Chubu,26.34,5836.499999999996,6827.799999999999,5836.499999999996,10.0,Balanced stack
2026-09-24,13,Hokuriku / Kansai / Chugoku / Shikoku / Kyushu,14.63,1830.5000000000018,3683.0,1830.5000000000018,10.0,Balanced stack
2026-09-24,13,System Price,23.53,10570.399999999994,5554.800000000003,5554.800000000003,10.0,Balanced stack
2026-09-24,13,Tohoku / Tokyo / Chubu,26.04,5734.899999999998,6830.800000000003,5734.899999999998,10.0,Balanced stack
2026-09-24,14,Hokuriku / Kansai / Chugoku / Shikoku / Kyushu,10.28,2685.8999999999996,3068.4000000000015,2685.8999999999996,10.0,Balanced stack
2026-09-24,14,System Price,21.0,10761.200000000004,5624.800000000003,5624.800000000003,10.0,Balanced stack
2026-09-24,14,Tohoku / Tokyo / Chubu,25.74,5639.9000000000015,6642.0,5639.9000000000015,10.0,Balanced stack
2026-09-24,15,Hokuriku / Kansai / Chugoku / Shikoku / Kyushu,9.98,3742.0,12470.8,3742.0,10.0,Balanced stack
2026-09-24,15,System Price,17.03,9597.200000000004,9478.299999999996,9478.299999999996,10.0,Balanced stack
2026-09-24,15,Tohoku / Tokyo / Chubu,25.72,5266.5999999999985,6182.299999999999,5266.5999999999985,10.0,Balanced stack
2026-09-24,16,Hokuriku / Kansai / Chugoku / Shikoku / Kyushu,9.87,3777.399999999998,12463.2,3777.399999999998,10.0,Balanced stack
2026-09-24,16,System Price,16.24,9144.699999999997,9151.300000000003,9144.699999999997,10.0,Balanced stack
2026-09-24,16,Tokyo / Chubu,25.71,4525.399999999998,5900.100000000002,4525.399999999998,10.0,Balanced stack
2026-09-24,17,Hokuriku / Kansai / Chugoku / Shikoku / Kyushu,9.86,4098.399999999998,13227.900000000001,4098.399999999998,10.0,Balanced stack
2026-09-24,17,System Price,16.85,9291.799999999996,9890.0,9291.799999999996,10.0,Balanced stack
2026-09-24,17,Tokyo / Chubu,27.03,3287.100000000002,7329.5999999999985,3287.100000000002,10.0,Balanced stack
2026-09-24,18,Hokkaido / Tohoku,9.74,499.39999999999964,5556.0,499.39999999999964,10.0,Scarcity stack
2026-09-24,18,Hokuriku / Kansai / Chugoku / Shikoku / Kyushu,10.07,3707.2000000000007,4050.7999999999993,3707.2000000000007,10.0,Balanced stack
2026-09-24,18,System Price,18.43,10576.5,9783.900000000001,9783.900000000001,10.0,Balanced stack
2026-09-24,18,Tokyo / Chubu,27.81,2610.4000000000015,8016.700000000001,2610.4000000000015,10.0,Balanced stack
2026-09-24,19,Chugoku / Shikoku / Kyushu,9.9,1748.7999999999993,8009.099999999999,1748.7999999999993,10.0,Balanced stack
2026-09-24,19,Hokkaido / Tohoku,9.5,821.4999999999982,5354.400000000001,821.4999999999982,10.0,Thin stack
2026-09-24,19,Hokuriku / Kansai,14.9,1811.3999999999996,754.6999999999989,754.6999999999989,10.0,Thin stack
2026-09-24,19,System Price,16.79,10214.700000000004,9406.199999999997,9406.199999999997,10.0,Balanced stack
2026-09-24,19,Tokyo / Chubu,26.91,3610.0999999999985,7319.0,3610.0999999999985,10.0,Balanced stack
2026-09-24,20,Chugoku / Shikoku / Kyushu,9.63,2127.800000000001,7484.5999999999985,2127.800000000001,10.0,Balanced stack
2026-09-24,20,Hokkaido / Tohoku,9.0,1073.9000000000015,5183.799999999999,1073.9000000000015,10.0,Thin stack
2026-09-24,20,Hokuriku / Kansai,17.9,968.1000000000004,1499.8999999999996,968.1000000000004,10.0,Thin stack
2026-09-24,20,System Price,15.1,8946.900000000001,8629.800000000003,8629.800000000003,10.0,Balanced stack
2026-09-24,21,Chugoku / Kyushu,9.28,2318.7999999999993,5933.299999999999,2318.7999999999993,10.0,Balanced stack
2026-09-24,21,Hokkaido / Tohoku,6.23,1397.8999999999978,4949.1,1397.8999999999978,10.0,Thin stack
2026-09-24,21,Hokuriku / Kansai,17.34,1114.7999999999993,1374.5,1114.7999999999993,10.0,Thin stack
2026-09-24,21,System Price,12.13,6197.800000000003,8674.499999999993,6197.800000000003,10.0,Balanced stack
2026-09-24,22,Chugoku / Kyushu,9.25,2239.199999999999,5895.400000000001,2239.199999999999,10.0,Balanced stack
2026-09-24,22,Hokkaido / Tohoku,6.01,1521.0999999999985,4906.500000000002,1521.0999999999985,10.0,Balanced stack
2026-09-24,22,Hokuriku / Kansai,17.34,1070.3999999999978,1368.9000000000015,1070.3999999999978,10.0,Thin stack
2026-09-24,22,System Price,11.1,6631.199999999997,8208.300000000003,6631.199999999997,10.0,Balanced stack
2026-09-24,23,Chugoku / Kyushu,8.77,2395.5999999999985,5890.4000000000015,2395.5999999999985,10.0,Balanced stack
2026-09-24,23,Hokkaido / Tohoku,4.65,1581.7999999999993,4947.400000000001,1581.7999999999993,10.0,Balanced stack
2026-09-24,23,Hokuriku / Kansai,16.8,1688.1000000000004,1164.0,1164.0,10.0,Thin stack
2026-09-24,23,System Price,10.41,7766.0999999999985,8376.199999999997,7766.0999999999985,10.0,Balanced stack
2026-09-24,24,Chugoku / Kyushu,8.02,2595.1000000000004,5974.2,2595.1000000000004,10.0,Balanced stack
2026-09-24,24,Hokkaido / Tohoku,4.5,1661.7000000000007,4971.299999999998,1661.7000000000007,10.0,Balanced stack
2026-09-24,24,Hokuriku / Kansai,16.81,1785.0999999999985,1077.6000000000004,1077.6000000000004,10.0,Thin stack
2026-09-24,24,System Price,10.12,7996.300000000003,7884.0999999999985,7884.0999999999985,10.0,Balanced stack
2026-09-24,25,Chugoku / Shikoku / Kyushu,7.75,2930.800000000001,7335.499999999998,2930.800000000001,10.0,Balanced stack
2026-09-24,25,Hokkaido / Tohoku,3.01,1692.6000000000004,4834.199999999999,1692.6000000000004,10.0,Balanced stack
2026-09-24,25,Hokuriku / Kansai,12.48,1735.1000000000004,1487.5999999999985,1487.5999999999985,10.0,Thin stack
2026-09-24,25,System Price,8.48,9119.799999999996,28014.199999999997,9119.799999999996,10.0,Balanced stack
2026-09-24,26,Chugoku / Shikoku / Kyushu,8.09,2677.1000000000004,7353.900000000001,2677.1000000000004,10.0,Balanced stack
2026-09-24,26,Hokkaido / Tohoku,3.69,1580.4000000000015,4993.399999999999,1580.4000000000015,10.0,Balanced stack
2026-09-24,26,Hokuriku / Kansai,16.48,1718.2000000000007,1117.4000000000015,1117.4000000000015,10.0,Thin stack
2026-09-24,26,System Price,9.58,8822.600000000006,28747.5,8822.600000000006,10.0,Balanced stack
2026-09-24,27,Chugoku / Shikoku / Kyushu,8.15,2844.300000000001,7461.1,2844.300000000001,10.0,Balanced stack
2026-09-24,27,Hokkaido / Tohoku,5.51,1570.2000000000007,5034.900000000001,1570.2000000000007,10.0,Balanced stack
2026-09-24,27,Hokuriku / Kansai,17.59,968.1999999999989,1843.5,968.1999999999989,10.0,Thin stack
2026-09-24,27,System Price,12.1,5972.0999999999985,9703.400000000001,5972.0999999999985,10.0,Balanced stack
2026-09-24,28,Chugoku / Shikoku / Kyushu,7.87,3770.199999999999,6923.800000000001,3770.199999999999,10.0,Balanced stack
2026-09-24,28,Hokkaido / Tohoku,5.29,1621.7999999999993,4926.9,1621.7999999999993,10.0,Balanced stack
2026-09-24,28,Hokuriku / Kansai,18.71,908.3999999999996,1556.5,908.3999999999996,10.0,Thin stack
2026-09-24,28,System Price,15.0,8461.300000000003,9178.700000000004,8461.300000000003,10.0,Balanced stack
2026-09-24,28,Tokyo / Chubu,28.0,3441.2000000000007,7763.899999999998,3441.2000000000007,10.0,Balanced stack
2026-09-24,29,Chugoku / Kyushu,7.77,3318.8999999999996,5464.9,3318.8999999999996,10.0,Balanced stack
2026-09-24,29,Hokuriku / Kansai,16.85,1493.0999999999985,1521.300000000001,1493.0999999999985,10.0,Thin stack
2026-09-24,29,System Price,16.0,7470.5,9275.5,7470.5,10.0,Balanced stack
2026-09-24,30,Chugoku / Kyushu,8.01,2640.4000000000015,5734.199999999999,2640.4000000000015,10.0,Balanced stack
2026-09-24,30,Hokuriku / Kansai,17.38,1191.4999999999982,1958.6000000000004,1191.4999999999982,10.0,Thin stack
2026-09-24,30,System Price,22.4,10048.69999999999,5689.300000000003,5689.300000000003,10.0,Balanced stack
2026-09-24,31,Chugoku / Kyushu,10.01,1838.300000000003,1665.3999999999996,1665.3999999999996,10.0,Balanced stack
2026-09-24,31,Hokuriku / Kansai,18.78,877.0000000000018,1712.9999999999982,877.0000000000018,10.0,Thin stack
2026-09-24,31,System Price,24.33,12092.499999999993,6021.300000000003,6021.300000000003,10.0,Balanced stack
2026-09-24,31,Tokyo / Chubu,29.31,3053.9000000000015,8290.599999999995,3053.9000000000015,10.0,Balanced stack
2026-09-24,32,Chugoku / Kyushu,13.47,629.1999999999989,1856.2000000000007,629.1999999999989,10.0,Thin stack
2026-09-24,32,Hokuriku / Kansai,20.25,604.7999999999993,1941.3999999999996,604.7999999999993,10.0,Thin stack
2026-09-24,32,System Price,28.38,7522.9000000000015,9943.799999999996,7522.9000000000015,10.0,Balanced stack
2026-09-24,33,Chugoku / Kyushu,14.49,1036.9000000000015,1771.8999999999978,1036.9000000000015,10.0,Thin stack
2026-09-24,33,Hokkaido / Tohoku,31.99,292.90000000000146,448.4999999999982,292.90000000000146,10.0,Scarcity stack
2026-09-24,33,Hokuriku / Kansai,25.18,2036.6000000000004,1944.0999999999985,1944.0999999999985,10.0,Balanced stack
2026-09-24,33,System Price,32.93,4741.5999999999985,10773.5,4741.5999999999985,10.0,Balanced stack
2026-09-24,34,Chugoku / Kyushu,17.68,449.60000000000036,2381.7999999999984,449.60000000000036,10.0,Scarcity stack
2026-09-24,34,Hokuriku / Kansai,26.77,2021.0999999999995,1882.2000000000007,1882.2000000000007,10.0,Balanced stack
2026-09-24,34,System Price,34.2,1627.5999999999985,12610.800000000003,1627.5999999999985,10.0,Balanced stack
2026-09-24,34,Tohoku / Tokyo,50.01,9574.399999999998,764.7000000000007,764.7000000000007,10.0,Thin stack
2026-09-24,35,Hokuriku / Kansai / Chugoku / Kyushu,22.98,978.9999999999982,3152.7000000000007,978.9999999999982,10.0,Thin stack
2026-09-24,35,System Price,35.9,1331.2000000000044,10638.699999999997,1331.2000000000044,10.0,Thin stack
2026-09-24,35,Tohoku / Tokyo,50.01,8830.400000000001,761.7999999999993,761.7999999999993,10.0,Thin stack
2026-09-24,36,Hokuriku / Kansai / Chugoku / Kyushu,29.9,2254.999999999998,1068.800000000001,1068.800000000001,10.0,Thin stack
2026-09-24,36,System Price,40.01,5144.199999999997,5999.300000000003,5144.199999999997,10.0,Balanced stack
2026-09-24,36,Tohoku / Tokyo,50.01,8926.5,791.2999999999993,791.2999999999993,10.0,Thin stack
2026-09-24,37,Hokkaido / Tohoku / Tokyo,50.01,9070.5,837.6000000000022,837.6000000000022,10.0,Thin stack
2026-09-24,37,Hokuriku / Kansai / Chugoku / Kyushu,21.0,1017.7999999999993,3124.4000000000015,1017.7999999999993,10.0,Thin stack
2026-09-24,37,System Price,40.01,4870.799999999996,4835.199999999997,4835.199999999997,10.0,Balanced stack
2026-09-24,38,Hokkaido / Tohoku / Tokyo,50.01,9560.099999999999,789.2000000000044,789.2000000000044,10.0,Thin stack
2026-09-24,38,Hokuriku / Kansai / Chugoku / Kyushu,20.82,1173.5,2973.7999999999993,1173.5,10.0,Thin stack
2026-09-24,38,System Price,35.9,1477.800000000003,9901.799999999996,1477.800000000003,10.0,Thin stack
2026-09-24,39,Hokuriku / Kansai / Chugoku / Kyushu,18.84,1559.0,3769.5,1559.0,10.0,Balanced stack
2026-09-24,39,System Price,33.5,2716.9000000000087,10806.099999999999,2716.9000000000087,10.0,Balanced stack
2026-09-24,39,Tohoku / Tokyo,50.0,8690.599999999999,701.1000000000022,701.1000000000022,10.0,Thin stack
2026-09-24,40,Hokkaido / Tohoku / Tokyo / Chubu,38.18,3165.7999999999956,4081.600000000002,3165.7999999999956,10.0,Balanced stack
2026-09-24,40,Hokuriku / Kansai / Chugoku / Kyushu,17.7,1921.6000000000004,3948.6000000000004,1921.6000000000004,10.0,Balanced stack
2026-09-24,40,System Price,33.16,4922.4000000000015,9766.5,4922.4000000000015,10.0,Balanced stack
2026-09-24,41,Hokkaido / Tohoku / Tokyo / Chubu,33.59,3441.2999999999993,8851.499999999996,3441.2999999999993,10.0,Balanced stack
2026-09-24,41,Hokuriku / Kansai / Chugoku / Kyushu,18.64,1769.3999999999996,3245.699999999999,1769.3999999999996,10.0,Balanced stack
2026-09-24,41,System Price,28.52,3654.2000000000044,10790.5,3654.2000000000044,10.0,Balanced stack
2026-09-24,42,Hokkaido / Tohoku / Tokyo / Chubu,33.43,3776.100000000002,8615.899999999998,3776.100000000002,10.0,Balanced stack
2026-09-24,42,Hokuriku / Kansai / Chugoku / Kyushu,17.51,2292.0,3360.2999999999993,2292.0,10.0,Balanced stack
2026-09-24,42,System Price,28.0,3918.0999999999985,9880.400000000009,3918.0999999999985,10.0,Balanced stack
2026-09-24,43,Hokkaido / Tohoku / Tokyo / Chubu,28.37,2950.300000000003,8705.3,2950.300000000003,10.0,Balanced stack
2026-09-24,43,Hokuriku / Kansai / Chugoku / Kyushu,17.34,2475.2000000000007,3242.3999999999996,2475.2000000000007,10.0,Balanced stack
2026-09-24,43,System Price,26.17,6363.800000000003,9386.899999999994,6363.800000000003,10.0,Balanced stack
2026-09-24,44,Hokkaido / Tohoku / Tokyo / Chubu,33.59,1383.0,9620.699999999997,1383.0,10.0,Thin stack
2026-09-24,44,Hokuriku / Kansai / Chugoku / Kyushu,16.85,2786.0999999999985,2928.100000000002,2786.0999999999985,10.0,Balanced stack
2026-09-24,44,System Price,26.19,6274.0999999999985,9428.800000000003,6274.0999999999985,10.0,Balanced stack
2026-09-24,45,Hokkaido / Tohoku,32.11,49.69999999999982,937.8000000000002,49.69999999999982,10.0,Scarcity stack
2026-09-24,45,Hokuriku / Kansai / Chugoku / Kyushu,16.27,2750.5,2208.2000000000007,2208.2000000000007,10.0,Balanced stack
2026-09-24,45,System Price,26.28,7621.500000000007,9155.899999999994,7621.500000000007,10.0,Balanced stack
2026-09-24,46,Hokkaido / Tohoku,31.17,60.600000000000364,929.6000000000004,60.600000000000364,10.0,Scarcity stack
2026-09-24,46,Hokuriku / Kansai / Chugoku / Kyushu,14.5,2838.5,2398.199999999999,2398.199999999999,10.0,Balanced stack
2026-09-24,46,System Price,25.4,10096.900000000001,8150.4000000000015,8150.4000000000015,10.0,Balanced stack
2026-09-24,47,Hokkaido / Tohoku / Tokyo / Chubu,33.31,4470.200000000001,9570.600000000002,4470.200000000001,10.0,Balanced stack
2026-09-24,47,Hokuriku / Kansai / Chugoku / Kyushu,10.05,3286.4000000000015,2421.0999999999985,2421.0999999999985,10.0,Balanced stack
2026-09-24,47,System Price,24.78,8502.5,7822.5999999999985,7822.5999999999985,10.0,Balanced stack
2026-09-24,48,Hokkaido / Tohoku / Tokyo / Chubu,30.0,5377.0999999999985,8778.299999999996,5377.0999999999985,10.0,Balanced stack
2026-09-24,48,Hokuriku / Kansai / Chugoku / Kyushu,8.41,2900.6000000000004,10372.500000000002,2900.6000000000004,10.0,Balanced stack
2026-09-24,48,System Price,24.33,9343.599999999999,6323.0,6323.0,10.0,Balanced stack
2026-09-25,1,Kansai / Chugoku / Kyushu,9.45,2495.3999999999996,10785.2,2495.3999999999996,10.0,Balanced stack
2026-09-25,1,System Price,22.67,11063.599999999999,5166.0,5166.0,10.0,Balanced stack
2026-09-25,1,Tohoku / Tokyo / Chubu,25.77,8245.900000000001,6813.099999999995,6813.099999999995,10.0,Balanced stack
2026-09-25,2,Hokuriku / Kansai / Chugoku / Kyushu,10.0,2945.9000000000015,10961.2,2945.9000000000015,10.0,Balanced stack
2026-09-25,2,System Price,21.42,12375.900000000001,4822.100000000006,4822.100000000006,10.0,Balanced stack
2026-09-25,2,Tohoku / Tokyo / Chubu,25.34,6895.100000000002,6529.5999999999985,6529.5999999999985,10.0,Balanced stack
2026-09-25,3,Hokuriku / Kansai / Chugoku / Shikoku / Kyushu,10.18,2690.3999999999996,3325.0999999999985,2690.3999999999996,10.0,Balanced stack
2026-09-25,3,System Price,17.6,11290.700000000004,8192.599999999999,8192.599999999999,10.0,Balanced stack
2026-09-25,3,Tohoku / Tokyo / Chubu,25.12,7304.700000000001,6476.999999999996,6476.999999999996,10.0,Balanced stack
2026-09-25,4,Hokuriku / Kansai / Chugoku / Shikoku / Kyushu,10.18,2764.6000000000004,3348.699999999999,2764.6000000000004,10.0,Balanced stack
2026-09-25,4,System Price,15.75,9811.899999999994,9524.400000000009,9524.400000000009,10.0,Balanced stack
2026-09-25,4,Tohoku / Tokyo / Chubu,25.01,8125.4000000000015,6151.0999999999985,6151.0999999999985,10.0,Balanced stack
2026-09-25,5,Hokkaido / Tohoku / Tokyo / Chubu,25.01,8602.699999999997,5948.600000000002,5948.600000000002,10.0,Balanced stack
2026-09-25,5,Hokuriku / Kansai / Chugoku / Shikoku / Kyushu,10.25,2799.8999999999996,3299.6000000000004,2799.8999999999996,10.0,Balanced stack
2026-09-25,5,System Price,15.89,9858.099999999999,9134.500000000007,9134.500000000007,10.0,Balanced stack
2026-09-25,6,Hokkaido / Tohoku / Tokyo / Chubu,25.01,7933.399999999998,5917.200000000004,5917.200000000004,10.0,Balanced stack
2026-09-25,6,Hokuriku / Kansai / Chugoku / Shikoku / Kyushu,10.14,2956.399999999998,3137.6000000000004,2956.399999999998,10.0,Balanced stack
2026-09-25,6,System Price,16.44,10320.69999999999,9104.700000000004,9104.700000000004,10.0,Balanced stack
2026-09-25,7,Hokkaido / Tohoku / Tokyo / Chubu,25.01,8152.799999999999,5839.200000000001,5839.200000000001,10.0,Balanced stack
2026-09-25,7,Kansai / Chugoku / Kyushu,10.14,2690.5,2444.699999999999,2444.699999999999,10.0,Balanced stack
2026-09-25,7,System Price,16.85,10101.400000000001,9553.800000000003,9553.800000000003,10.0,Balanced stack
2026-09-25,8,Hokkaido / Tohoku / Tokyo / Chubu,25.01,8926.099999999999,5824.200000000001,5824.200000000001,10.0,Balanced stack
2026-09-25,8,Hokuriku / Kansai / Chugoku / Kyushu,10.19,3086.2999999999993,2547.199999999999,2547.199999999999,10.0,Balanced stack
2026-09-25,8,System Price,17.1,10101.699999999997,9509.5,9509.5,10.0,Balanced stack
2026-09-25,9,Hokkaido / Tohoku / Tokyo / Chubu,25.01,9413.600000000002,5617.4000000000015,5617.4000000000015,10.0,Balanced stack
2026-09-25,9,Hokuriku / Kansai / Chugoku / Kyushu,10.21,3235.699999999999,2434.2000000000007,2434.2000000000007,10.0,Balanced stack
2026-09-25,9,System Price,17.03,9538.300000000003,9383.299999999996,9383.299999999996,10.0,Balanced stack
2026-09-25,10,Hokkaido / Tohoku / Tokyo / Chubu,25.01,9088.199999999997,5284.800000000003,5284.800000000003,10.0,Balanced stack
2026-09-25,10,Hokuriku / Kansai / Chugoku / Kyushu,10.31,3021.3999999999996,2738.600000000002,2738.600000000002,10.0,Balanced stack
2026-09-25,10,System Price,17.86,10504.200000000004,9447.200000000004,9447.200000000004,10.0,Balanced stack
2026-09-25,11,Hokuriku / Kansai / Chugoku / Kyushu,10.31,3267.7999999999975,2749.0,2749.0,10.0,Balanced stack
2026-09-25,11,System Price,21.1,12188.900000000001,5837.5999999999985,5837.5999999999985,10.0,Balanced stack
2026-09-25,11,Tohoku / Tokyo / Chubu,25.12,7768.100000000002,6442.0999999999985,6442.0999999999985,10.0,Balanced stack
2026-09-25,12,Kansai / Chugoku / Kyushu,9.87,2817.7999999999975,10572.100000000002,2817.7999999999975,10.0,Balanced stack
2026-09-25,12,System Price,21.53,12730.400000000001,5130.4000000000015,5130.4000000000015,10.0,Balanced stack
2026-09-25,12,Tohoku / Tokyo / Chubu,25.12,7870.999999999996,6572.900000000005,6572.900000000005,10.0,Balanced stack
2026-09-25,13,Hokuriku / Kansai / Chugoku / Kyushu,10.31,2661.1000000000004,3134.5,2661.1000000000004,10.0,Balanced stack
2026-09-25,13,System Price,20.2,13246.400000000001,7103.4000000000015,7103.4000000000015,10.0,Balanced stack
2026-09-25,13,Tohoku / Tokyo / Chubu,25.01,8894.800000000003,6030.199999999997,6030.199999999997,10.0,Balanced stack
2026-09-25,14,Kansai / Chugoku / Kyushu,9.0,2717.8999999999996,10623.199999999999,2717.8999999999996,10.0,Balanced stack
2026-09-25,14,System Price,17.67,12275.299999999996,9536.300000000003,9536.300000000003,10.0,Balanced stack
2026-09-25,14,Tokyo / Chubu,25.01,8548.399999999998,5621.299999999999,5621.299999999999,10.0,Balanced stack
2026-09-25,15,Hokuriku / Kansai / Chugoku / Shikoku / Kyushu,8.55,4620.0,12172.399999999998,4620.0,10.0,Balanced stack
2026-09-25,15,System Price,15.0,8150.0,10262.199999999997,8150.0,10.0,Balanced stack
2026-09-25,15,Tokyo / Chubu,25.01,6413.899999999998,5256.700000000001,5256.700000000001,10.0,Balanced stack
2026-09-25,16,Hokkaido / Tohoku,9.67,814.8999999999987,4762.800000000001,814.8999999999987,10.0,Thin stack
2026-09-25,16,Hokuriku / Kansai / Chugoku / Shikoku / Kyushu,9.98,4080.7999999999993,13117.600000000002,4080.7999999999993,10.0,Balanced stack
2026-09-25,16,System Price,14.1,7460.899999999994,9824.300000000003,7460.899999999994,10.0,Balanced stack
2026-09-25,16,Tokyo / Chubu,25.12,5045.600000000002,6551.200000000001,5045.600000000002,10.0,Balanced stack
2026-09-25,17,Hokuriku / Kansai / Chugoku / Shikoku / Kyushu,9.86,4658.699999999999,13447.400000000001,4658.699999999999,10.0,Balanced stack
2026-09-25,17,System Price,14.37,7198.400000000009,10391.899999999994,7198.400000000009,10.0,Balanced stack
2026-09-25,17,Tokyo / Chubu,25.7,4428.799999999999,6623.700000000001,4428.799999999999,10.0,Balanced stack
2026-09-25,18,Hokuriku / Kansai / Chugoku / Shikoku / Kyushu,9.98,4518.199999999999,14179.7,4518.199999999999,10.0,Balanced stack
2026-09-25,18,System Price,15.18,9389.400000000001,11366.699999999997,9389.400000000001,10.0,Balanced stack
2026-09-25,18,Tokyo / Chubu,27.0,3032.899999999998,7947.400000000005,3032.899999999998,10.0,Balanced stack
2026-09-25,19,Chugoku / Shikoku / Kyushu,10.14,2069.2000000000025,3435.399999999998,2069.2000000000025,10.0,Balanced stack
2026-09-25,19,Hokkaido / Tohoku,4.37,1757.7999999999993,4538.900000000001,1757.7999999999993,10.0,Balanced stack
2026-09-25,19,Hokuriku / Kansai,12.63,1887.6000000000004,1200.699999999999,1200.699999999999,10.0,Thin stack
2026-09-25,19,System Price,16.85,11165.600000000006,11102.0,11102.0,10.0,Balanced stack
2026-09-25,19,Tokyo / Chubu,26.99,2929.300000000003,8187.200000000001,2929.300000000003,10.0,Balanced stack
2026-09-25,20,Chugoku / Shikoku / Kyushu,9.98,2213.2999999999993,8218.6,2213.2999999999993,10.0,Balanced stack
2026-09-25,20,Hokkaido / Tohoku,4.42,1751.9999999999982,4616.4000000000015,1751.9999999999982,10.0,Balanced stack
2026-09-25,20,Hokuriku / Kansai,17.0,1259.1000000000004,1607.4999999999982,1259.1000000000004,10.0,Thin stack
2026-09-25,20,System Price,16.8,11483.599999999999,10547.199999999997,10547.199999999997,10.0,Balanced stack
2026-09-25,20,Tokyo / Chubu,26.54,3306.399999999998,7889.4000000000015,3306.399999999998,10.0,Balanced stack
2026-09-25,21,Chugoku / Shikoku / Kyushu,10.0,2390.4000000000015,8417.0,2390.4000000000015,10.0,Balanced stack
2026-09-25,21,Hokkaido / Tohoku,4.94,1755.3999999999996,4670.4000000000015,1755.3999999999996,10.0,Balanced stack
2026-09-25,21,Hokuriku / Kansai,16.85,1403.5,1456.4999999999982,1403.5,10.0,Thin stack
2026-09-25,21,System Price,14.5,8760.0,9745.599999999999,8760.0,10.0,Balanced stack
2026-09-25,21,Tokyo / Chubu,26.02,3791.7999999999993,7378.9000000000015,3791.7999999999993,10.0,Balanced stack
2026-09-25,22,Chugoku / Shikoku / Kyushu,9.98,2380.2999999999993,8661.5,2380.2999999999993,10.0,Balanced stack
2026-09-25,22,Hokkaido / Tohoku,3.01,1805.7000000000007,4613.0999999999985,1805.7000000000007,10.0,Balanced stack
2026-09-25,22,Hokuriku / Kansai,16.85,1405.800000000001,1456.7000000000007,1405.800000000001,10.0,Thin stack
2026-09-25,22,System Price,14.02,8069.300000000003,9128.399999999994,8069.300000000003,10.0,Balanced stack
2026-09-25,22,Tokyo / Chubu,26.02,3783.2999999999956,7435.500000000004,3783.2999999999956,10.0,Balanced stack
2026-09-25,23,Chugoku / Shikoku / Kyushu,9.76,2953.3999999999996,8062.900000000001,2953.3999999999996,10.0,Balanced stack
2026-09-25,23,Hokkaido / Tohoku,2.09,1997.1000000000004,4508.799999999997,1997.1000000000004,10.0,Balanced stack
2026-09-25,23,Hokuriku / Kansai,16.85,1404.0,1486.6000000000004,1404.0,10.0,Thin stack
2026-09-25,23,System Price,12.05,6229.5999999999985,10346.100000000006,6229.5999999999985,10.0,Balanced stack
2026-09-25,23,Tokyo / Chubu,25.41,4496.799999999999,6854.700000000001,4496.799999999999,10.0,Balanced stack
2026-09-25,24,Chugoku / Shikoku / Kyushu,9.63,2972.300000000001,7986.5,2972.300000000001,10.0,Balanced stack
2026-09-25,24,Hokkaido / Tohoku,1.0,2031.699999999999,4435.3,2031.699999999999,10.0,Balanced stack
2026-09-25,24,Hokuriku / Kansai,16.85,1404.6000000000004,1488.4999999999982,1404.6000000000004,10.0,Thin stack
2026-09-25,24,System Price,11.06,6543.4000000000015,9334.0,6543.4000000000015,10.0,Balanced stack
2026-09-25,24,Tokyo / Chubu,25.18,4786.000000000004,6553.999999999996,4786.000000000004,10.0,Balanced stack
2026-09-25,25,Chugoku / Shikoku / Kyushu,9.58,3355.8999999999996,7636.699999999999,3355.8999999999996,10.0,Balanced stack
2026-09-25,25,Hokkaido / Tohoku,0.5,2133.2000000000007,4335.299999999999,2133.2000000000007,10.0,Balanced stack
2026-09-25,25,Hokuriku / Kansai,14.23,1829.3999999999996,1260.3999999999996,1260.3999999999996,10.0,Thin stack
2026-09-25,25,System Price,10.12,9370.5,8492.900000000001,8492.900000000001,10.0,Balanced stack
2026-09-25,25,Tokyo / Chubu,24.41,6905.700000000001,5050.400000000005,5050.400000000005,10.0,Balanced stack
2026-09-25,26,Chugoku / Shikoku / Kyushu,9.63,2960.999999999998,7925.700000000003,2960.999999999998,10.0,Balanced stack
2026-09-25,26,Hokkaido / Tohoku,0.05,2012.1000000000004,4308.600000000001,2012.1000000000004,10.0,Balanced stack
2026-09-25,26,Hokuriku / Kansai,16.8,1705.4999999999982,1199.9000000000015,1199.9000000000015,10.0,Thin stack
2026-09-25,26,System Price,10.3,8841.699999999997,8603.400000000001,8603.400000000001,10.0,Balanced stack
2026-09-25,26,Tokyo / Chubu,24.41,6857.899999999998,4930.700000000001,4930.700000000001,10.0,Balanced stack
2026-09-25,27,Chugoku / Shikoku / Kyushu,10.01,2209.999999999998,3495.8999999999996,2209.999999999998,10.0,Balanced stack
2026-09-25,27,Hokkaido / Tohoku,0.04,2027.800000000001,4176.399999999999,2027.800000000001,10.0,Balanced stack
2026-09-25,27,Hokuriku / Kansai,17.12,1077.0,1812.9999999999982,1077.0,10.0,Thin stack
2026-09-25,27,System Price,11.0,6895.300000000003,11032.5,6895.300000000003,10.0,Balanced stack
2026-09-25,27,Tokyo / Chubu,24.8,6507.799999999999,5242.500000000004,5242.500000000004,10.0,Balanced stack
2026-09-25,28,Chugoku / Shikoku / Kyushu,10.31,1495.2000000000007,3942.3999999999996,1495.2000000000007,10.0,Thin stack
2026-09-25,28,Hokuriku / Kansai,18.03,893.8000000000011,2019.9999999999982,893.8000000000011,10.0,Thin stack
2026-09-25,28,System Price,14.14,6700.0,8932.600000000006,6700.0,10.0,Balanced stack
2026-09-25,28,Tokyo / Chubu,25.37,6184.9000000000015,5370.799999999999,5370.799999999999,10.0,Balanced stack
2026-09-25,29,Chugoku / Shikoku / Kyushu,10.14,2629.7999999999993,3342.800000000001,2629.7999999999993,10.0,Balanced stack
2026-09-25,29,Hokuriku / Kansai,16.85,1657.4000000000005,1341.4000000000015,1341.4000000000015,10.0,Thin stack
2026-09-25,29,System Price,14.27,7012.0,8976.299999999996,7012.0,10.0,Balanced stack
2026-09-25,30,Chugoku / Shikoku / Kyushu,10.14,2648.800000000001,2841.199999999999,2648.800000000001,10.0,Balanced stack
2026-09-25,30,Hokuriku / Kansai,17.38,1238.0000000000018,1771.8999999999996,1238.0000000000018,10.0,Thin stack
2026-09-25,30,System Price,17.04,8770.399999999994,9510.900000000001,8770.399999999994,10.0,Balanced stack
2026-09-25,30,Tokyo / Chubu,28.32,3892.800000000003,7304.299999999999,3892.800000000003,10.0,Balanced stack
2026-09-25,31,Chugoku / Shikoku / Kyushu,10.31,2169.300000000001,3585.0,2169.300000000001,10.0,Balanced stack
2026-09-25,31,Hokuriku / Kansai,18.42,1205.8999999999978,1551.7000000000007,1205.8999999999978,10.0,Thin stack
2026-09-25,31,System Price,18.43,9658.599999999999,10394.099999999999,9658.599999999999,10.0,Balanced stack
2026-09-25,31,Tokyo / Chubu,28.38,3898.0999999999985,7073.700000000001,3898.0999999999985,10.0,Balanced stack
2026-09-25,32,Chugoku / Shikoku / Kyushu,10.88,1712.1000000000004,3185.7999999999993,1712.1000000000004,10.0,Balanced stack
2026-09-25,32,Hokuriku / Kansai,19.12,856.6999999999989,1880.7999999999993,856.6999999999989,10.0,Thin stack
2026-09-25,32,System Price,24.61,11049.0,7251.100000000006,7251.100000000006,10.0,Balanced stack
2026-09-25,32,Tokyo / Chubu,30.0,2097.4000000000015,9194.899999999998,2097.4000000000015,10.0,Balanced stack
2026-09-25,33,Chugoku / Kyushu,12.37,1736.7000000000007,2104.5999999999985,1736.7000000000007,10.0,Balanced stack
2026-09-25,33,Hokkaido / Tohoku,24.97,1032.9000000000015,354.7999999999993,354.7999999999993,10.0,Solar compression stack
2026-09-25,33,Hokuriku / Kansai,18.71,1050.199999999999,1681.4000000000005,1050.199999999999,10.0,Thin stack
2026-09-25,33,System Price,26.64,8890.300000000003,9150.100000000006,8890.300000000003,10.0,Balanced stack
2026-09-25,33,Tokyo / Chubu,35.72,1016.0999999999985,6519.899999999998,1016.0999999999985,10.0,Thin stack
2026-09-25,34,Chugoku / Kyushu,17.86,1136.1000000000004,2354.3999999999987,1136.1000000000004,10.0,Thin stack
2026-09-25,34,Hokuriku / Kansai,18.78,930.5,1788.8999999999996,930.5,10.0,Thin stack
2026-09-25,34,System Price,28.8,5249.600000000006,9064.399999999994,5249.600000000006,10.0,Balanced stack
2026-09-25,34,Tokyo / Chubu,46.09,8849.600000000002,1249.699999999997,1249.699999999997,10.0,Thin stack
2026-09-25,35,Hokkaido / Tohoku / Tokyo / Chubu,32.5,2926.9000000000015,9678.199999999997,2926.9000000000015,10.0,Balanced stack
2026-09-25,35,Hokuriku / Kansai / Chugoku / Kyushu,18.64,2141.4000000000015,3679.5999999999985,2141.4000000000015,10.0,Balanced stack
2026-09-25,35,System Price,27.32,7068.0,9364.699999999997,7068.0,10.0,Balanced stack
2026-09-25,36,Hokkaido / Tohoku / Tokyo / Chubu,32.32,2955.7999999999993,9891.3,2955.7999999999993,10.0,Balanced stack
2026-09-25,36,Hokuriku / Kansai / Chugoku / Kyushu,18.83,1808.8999999999996,3992.4000000000015,1808.8999999999996,10.0,Balanced stack
2026-09-25,36,System Price,27.6,6821.100000000006,9529.899999999994,6821.100000000006,10.0,Balanced stack
2026-09-25,37,Hokkaido / Tohoku / Tokyo / Chubu,29.62,3536.300000000003,9504.3,3536.300000000003,10.0,Balanced stack
2026-09-25,37,Hokuriku / Kansai / Chugoku / Kyushu,18.71,2091.999999999998,3809.800000000001,2091.999999999998,10.0,Balanced stack
2026-09-25,37,System Price,26.9,7460.799999999996,8746.0,7460.799999999996,10.0,Balanced stack
2026-09-25,38,Hokkaido / Tohoku / Tokyo / Chubu,29.62,3543.0000000000036,8921.199999999997,3543.0000000000036,10.0,Balanced stack
2026-09-25,38,Hokuriku / Kansai / Chugoku / Kyushu,18.5,2322.7999999999993,3453.2000000000007,2322.7999999999993,10.0,Balanced stack
2026-09-25,38,System Price,26.6,7666.9000000000015,8567.69999999999,7666.9000000000015,10.0,Balanced stack
2026-09-25,39,Hokkaido / Tohoku / Tokyo / Chubu,29.0,3763.9999999999964,8539.3,3763.9999999999964,10.0,Balanced stack
2026-09-25,39,Hokuriku / Kansai / Chugoku / Kyushu,18.5,2708.3999999999996,3269.100000000002,2708.3999999999996,10.0,Balanced stack
2026-09-25,39,System Price,25.62,8569.200000000012,8083.499999999993,8083.499999999993,10.0,Balanced stack
2026-09-25,40,Hokkaido / Tohoku / Tokyo / Chubu,28.61,3557.2999999999993,8133.4000000000015,3557.2999999999993,10.0,Balanced stack
2026-09-25,40,Hokuriku / Kansai / Chugoku / Kyushu,17.5,3471.499999999998,3028.9000000000015,3028.9000000000015,10.0,Balanced stack
2026-09-25,40,System Price,24.41,7906.500000000007,8022.0999999999985,7906.500000000007,10.0,Balanced stack
2026-09-25,41,Hokkaido / Tohoku / Tokyo / Chubu,27.37,4695.299999999999,6199.0999999999985,4695.299999999999,10.0,Balanced stack
2026-09-25,41,Hokuriku / Kansai / Chugoku / Kyushu,17.6,2782.699999999999,3024.9000000000015,2782.699999999999,10.0,Balanced stack
2026-09-25,41,System Price,23.01,9446.000000000007,6696.699999999997,6696.699999999997,10.0,Balanced stack
2026-09-25,42,Hokkaido / Tohoku / Tokyo / Chubu,26.71,4955.799999999999,5018.5,4955.799999999999,10.0,Balanced stack
2026-09-25,42,Hokuriku / Kansai / Chugoku / Kyushu,17.1,2976.2999999999993,2836.1000000000004,2836.1000000000004,10.0,Balanced stack
2026-09-25,42,System Price,21.99,9557.800000000003,6225.899999999994,6225.899999999994,10.0,Balanced stack
2026-09-25,43,Hokkaido / Tohoku / Tokyo / Chubu,25.57,5571.999999999996,4488.4000000000015,4488.4000000000015,10.0,Balanced stack
2026-09-25,43,Hokuriku / Kansai / Chugoku / Kyushu,17.01,2458.6000000000004,3103.499999999998,2458.6000000000004,10.0,Balanced stack
2026-09-25,43,System Price,20.0,9452.900000000001,8179.9000000000015,8179.9000000000015,10.0,Balanced stack
2026-09-25,44,Hokkaido / Tohoku / Tokyo / Chubu,28.37,3283.899999999998,7045.200000000001,3283.899999999998,10.0,Balanced stack
2026-09-25,44,Hokuriku / Kansai / Chugoku / Kyushu,16.48,3127.8999999999996,2850.9000000000015,2850.9000000000015,10.0,Balanced stack
2026-09-25,44,System Price,24.0,8642.900000000001,6599.5,6599.5,10.0,Balanced stack
2026-09-25,45,Hokkaido / Tohoku / Tokyo / Chubu,29.5,7154.299999999996,7001.100000000002,7001.100000000002,10.0,Balanced stack
2026-09-25,45,Hokuriku / Kansai / Chugoku / Kyushu,16.81,3066.1000000000004,2854.1000000000004,2854.1000000000004,10.0,Balanced stack
2026-09-25,45,System Price,24.3,10438.900000000001,6206.800000000003,6206.800000000003,10.0,Balanced stack
2026-09-25,46,Hokkaido / Tohoku / Tokyo / Chubu,28.01,7315.999999999996,6331.500000000004,6331.500000000004,10.0,Balanced stack
2026-09-25,46,Hokuriku / Kansai / Chugoku / Kyushu,16.63,2742.8999999999996,2936.699999999999,2742.8999999999996,10.0,Balanced stack
2026-09-25,46,System Price,23.65,10432.19999999999,6158.4000000000015,6158.4000000000015,10.0,Balanced stack
2026-09-25,47,Hokkaido / Tohoku / Tokyo / Chubu,27.5,6611.399999999998,6006.000000000004,6006.000000000004,10.0,Balanced stack
2026-09-25,47,Hokuriku / Kansai / Chugoku / Kyushu,16.05,2880.000000000002,2614.699999999999,2614.699999999999,10.0,Balanced stack
2026-09-25,47,System Price,23.06,8211.700000000004,5914.5,5914.5,10.0,Balanced stack
2026-09-25,48,Hokkaido / Tohoku / Tokyo / Chubu,25.93,7497.400000000005,4628.599999999995,4628.599999999995,10.0,Balanced stack
2026-09-25,48,Hokuriku / Kansai / Chugoku / Kyushu,14.5,3026.199999999999,2423.4000000000015,2423.4000000000015,10.0,Balanced stack
2026-09-25,48,System Price,19.5,8338.900000000009,7902.0,7902.0,10.0,Balanced stack
2026-09-26,1,Hokkaido / Tohoku / Tokyo / Chubu,24.3,7926.9000000000015,5147.5,5147.5,10.0,Balanced stack
2026-09-26,1,Hokuriku / Kansai / Chugoku / Shikoku / Kyushu,8.77,3272.2000000000007,12410.500000000002,3272.2000000000007,10.0,Balanced stack
2026-09-26,1,System Price,18.63,9278.599999999991,8945.100000000006,8945.100000000006,10.0,Balanced stack
2026-09-26,2,Hokkaido / Tohoku / Tokyo / Chubu,24.15,7278.699999999997,4784.300000000003,4784.300000000003,10.0,Balanced stack
2026-09-26,2,Hokuriku / Kansai / Chugoku / Shikoku / Kyushu,10.76,2859.399999999998,2972.4000000000015,2859.399999999998,10.0,Balanced stack
2026-09-26,2,System Price,17.86,8356.5,9357.0,8356.5,10.0,Balanced stack
2026-09-26,3,Hokkaido / Tohoku / Tokyo / Chubu,23.81,7765.700000000004,4649.899999999998,4649.899999999998,10.0,Balanced stack
2026-09-26,3,Hokuriku / Kansai / Chugoku / Shikoku / Kyushu,12.17,1855.199999999999,3646.1000000000004,1855.199999999999,10.0,Balanced stack
2026-09-26,3,System Price,16.48,7964.5,8935.0,7964.5,10.0,Balanced stack
2026-09-26,4,Hokkaido / Tohoku / Tokyo / Chubu,22.79,7307.799999999999,4198.5,4198.5,10.0,Balanced stack
2026-09-26,4,Hokuriku / Kansai / Chugoku / Shikoku / Kyushu,12.2,1852.5000000000018,3742.000000000002,1852.5000000000018,10.0,Balanced stack
2026-09-26,4,System Price,15.0,7323.100000000006,9170.799999999996,7323.100000000006,10.0,Balanced stack
2026-09-26,5,Hokkaido / Tohoku / Tokyo / Chubu,22.0,7981.200000000001,4437.800000000003,4437.800000000003,10.0,Balanced stack
2026-09-26,5,Hokuriku / Kansai / Chugoku / Shikoku / Kyushu,12.19,2048.499999999998,3576.2999999999993,2048.499999999998,10.0,Balanced stack
2026-09-26,5,System Price,14.63,7860.9000000000015,8594.800000000003,7860.9000000000015,10.0,Balanced stack
2026-09-26,6,Hokkaido / Tohoku,16.1,289.40000000000055,1111.1999999999998,289.40000000000055,10.0,Scarcity stack
2026-09-26,6,Hokuriku / Kansai / Chugoku / Shikoku / Kyushu,12.43,1813.300000000001,3797.7999999999993,1813.300000000001,10.0,Balanced stack
2026-09-26,6,System Price,14.63,7584.399999999994,8874.099999999999,7584.399999999994,10.0,Balanced stack
2026-09-26,6,Tokyo / Chubu,21.74,8301.0,4526.600000000002,4526.600000000002,10.0,Balanced stack
2026-09-26,7,Hokkaido / Tohoku,20.01,567.5999999999995,252.30000000000018,252.30000000000018,10.0,Solar compression stack
2026-09-26,7,Hokuriku / Kansai / Chugoku / Shikoku / Kyushu,12.1,2062.0999999999967,3497.699999999999,2062.0999999999967,10.0,Balanced stack
2026-09-26,7,System Price,14.69,7382.299999999996,9321.900000000009,7382.299999999996,10.0,Balanced stack
2026-09-26,7,Tokyo / Chubu,22.01,8150.699999999997,4305.299999999999,4305.299999999999,10.0,Balanced stack
2026-09-26,8,Hokkaido / Tohoku,20.26,551.8000000000002,250.89999999999964,250.89999999999964,10.0,Solar compression stack
2026-09-26,8,Hokuriku / Kansai / Chugoku / Shikoku / Kyushu,10.75,2499.3999999999996,3157.7000000000007,2499.3999999999996,10.0,Balanced stack
2026-09-26,8,System Price,15.5,8074.69999999999,8423.000000000007,8074.69999999999,10.0,Balanced stack
2026-09-26,8,Tokyo / Chubu,22.01,8684.499999999996,4321.200000000001,4321.200000000001,10.0,Balanced stack
2026-09-26,9,Hokkaido / Tohoku,12.22,193.69999999999982,1337.7000000000007,193.69999999999982,10.0,Scarcity stack
2026-09-26,9,Hokuriku / Kansai / Chugoku / Kyushu,13.25,1525.9000000000015,2749.8999999999996,1525.9000000000015,10.0,Balanced stack
2026-09-26,9,System Price,17.12,8968.899999999994,8810.800000000003,8810.800000000003,10.0,Balanced stack
2026-09-26,9,Tokyo / Chubu,22.01,7211.200000000001,4355.5999999999985,4355.5999999999985,10.0,Balanced stack
2026-09-26,10,Hokkaido / Tohoku,10.71,196.69999999999982,1335.3000000000002,196.69999999999982,10.0,Scarcity stack
2026-09-26,10,Hokuriku / Kansai / Chugoku / Kyushu,16.72,2170.5,2184.8999999999996,2170.5,10.0,Balanced stack
2026-09-26,10,System Price,18.01,9533.300000000003,8416.900000000001,8416.900000000001,10.0,Balanced stack
2026-09-26,10,Tokyo / Chubu,22.01,8616.099999999999,4326.700000000004,4326.700000000004,10.0,Balanced stack
2026-09-26,11,Hokkaido / Tohoku,10.61,228.30000000000018,1303.1000000000004,228.30000000000018,10.0,Scarcity stack
2026-09-26,11,Hokuriku / Kansai / Chugoku / Shikoku / Kyushu,15.52,1990.5999999999985,2690.2000000000044,1990.5999999999985,10.0,Balanced stack
2026-09-26,11,System Price,18.23,9687.100000000006,7931.399999999994,7931.399999999994,10.0,Balanced stack
2026-09-26,11,Tokyo / Chubu,22.1,7029.899999999998,4291.200000000001,4291.200000000001,10.0,Balanced stack
2026-09-26,12,Hokkaido / Tohoku,10.48,228.70000000000073,1485.2999999999993,228.70000000000073,10.0,Scarcity stack
2026-09-26,12,Hokuriku / Kansai / Chugoku / Kyushu,14.63,1673.199999999999,2523.6000000000004,1673.199999999999,10.0,Balanced stack
2026-09-26,12,System Price,17.12,9097.899999999994,8187.300000000003,8187.300000000003,10.0,Balanced stack
2026-09-26,12,Tokyo / Chubu,22.03,7141.600000000002,3956.7999999999993,3956.7999999999993,10.0,Balanced stack
2026-09-26,13,Hokkaido / Tohoku,9.63,502.3000000000011,4371.9,502.3000000000011,10.0,Thin stack
2026-09-26,13,Hokuriku / Kansai / Chugoku / Shikoku / Kyushu,12.1,2404.2999999999993,3085.2999999999993,2404.2999999999993,10.0,Balanced stack
2026-09-26,13,System Price,14.11,7104.9000000000015,8791.499999999993,7104.9000000000015,10.0,Balanced stack
2026-09-26,13,Tokyo / Chubu,22.1,8235.099999999997,4838.100000000002,4838.100000000002,10.0,Balanced stack
2026-09-26,14,Hokkaido / Tohoku,9.64,535.3999999999996,4433.8,535.3999999999996,10.0,Thin stack
2026-09-26,14,Hokuriku / Kansai / Chugoku / Shikoku / Kyushu,12.1,2407.3999999999996,3138.2000000000007,2407.3999999999996,10.0,Balanced stack
2026-09-26,14,System Price,14.07,7136.700000000004,8529.400000000001,7136.700000000004,10.0,Balanced stack
2026-09-26,14,Tokyo / Chubu,22.01,7138.0999999999985,4670.300000000003,4670.300000000003,10.0,Balanced stack
2026-09-26,15,Hokkaido / Tohoku,9.56,576.0999999999995,4611.1,576.0999999999995,10.0,Thin stack
2026-09-26,15,Hokuriku / Kansai / Chugoku / Shikoku / Kyushu,12.2,2269.999999999998,3459.300000000001,2269.999999999998,10.0,Balanced stack
2026-09-26,15,System Price,14.06,7116.600000000006,8335.699999999997,7116.600000000006,10.0,Balanced stack
2026-09-26,15,Tokyo / Chubu,22.96,6798.399999999998,4481.0,4481.0,10.0,Balanced stack
2026-09-26,16,Hokkaido / Tohoku,9.54,1094.2000000000007,4394.0,1094.2000000000007,10.0,Thin stack
2026-09-26,16,Hokuriku / Kansai / Chugoku / Shikoku / Kyushu,10.95,2606.300000000001,3268.2999999999993,2606.300000000001,10.0,Balanced stack
2026-09-26,16,System Price,14.01,8654.300000000003,7117.199999999997,7117.199999999997,10.0,Balanced stack
2026-09-26,16,Tokyo / Chubu,22.95,6510.100000000002,4840.5999999999985,4840.5999999999985,10.0,Balanced stack
2026-09-26,17,Hokkaido / Tohoku,10.23,497.90000000000055,1633.9000000000005,497.90000000000055,10.0,Scarcity stack
2026-09-26,17,Hokuriku / Kansai / Chugoku / Shikoku / Kyushu,10.82,2804.199999999999,3135.0,2804.199999999999,10.0,Balanced stack
2026-09-26,17,System Price,14.31,7344.299999999996,8844.400000000001,7344.299999999996,10.0,Balanced stack
2026-09-26,17,Tokyo / Chubu,23.71,6029.100000000002,5374.300000000003,5374.300000000003,10.0,Balanced stack
2026-09-26,18,Hokkaido / Tohoku,9.9,626.3999999999996,5098.9,626.3999999999996,10.0,Thin stack
2026-09-26,18,Hokuriku / Kansai / Chugoku / Shikoku / Kyushu,13.21,2240.5,2896.399999999998,2240.5,10.0,Balanced stack
2026-09-26,18,System Price,15.0,6863.299999999996,9853.300000000003,6863.299999999996,10.0,Balanced stack
2026-09-26,18,Tokyo / Chubu,24.06,5291.999999999996,6100.100000000002,5291.999999999996,10.0,Balanced stack
2026-09-26,19,Hokuriku / Kansai / Chugoku / Shikoku,17.29,1264.8999999999978,2352.100000000002,1264.8999999999978,10.0,Thin stack
2026-09-26,19,System Price,17.77,9393.800000000003,10777.599999999999,9393.800000000003,10.0,Balanced stack
2026-09-26,19,Tokyo / Chubu,24.08,5226.100000000002,4944.799999999999,4944.799999999999,10.0,Balanced stack
2026-09-26,20,Hokuriku / Kansai / Chugoku / Shikoku / Kyushu,17.8,1508.0000000000036,4006.7999999999993,1508.0000000000036,10.0,Balanced stack
2026-09-26,20,System Price,17.9,9073.000000000007,10674.099999999999,9073.000000000007,10.0,Balanced stack
2026-09-26,20,Tokyo / Chubu,24.17,4889.200000000004,4277.499999999996,4277.499999999996,10.0,Balanced stack
2026-09-26,21,Hokuriku / Kansai / Chugoku / Shikoku / Kyushu,17.8,1508.9999999999964,4024.9000000000015,1508.9999999999964,10.0,Balanced stack
2026-09-26,21,System Price,17.9,9095.400000000001,11057.700000000004,9095.400000000001,10.0,Balanced stack
2026-09-26,21,Tokyo / Chubu,24.28,4893.5999999999985,4069.800000000003,4069.800000000003,10.0,Balanced stack
2026-09-26,22,Hokuriku / Kansai / Chugoku / Shikoku,17.8,820.6000000000004,2982.1000000000004,820.6000000000004,10.0,Thin stack
2026-09-26,22,System Price,17.5,9240.5,11219.900000000001,9240.5,10.0,Balanced stack
2026-09-26,22,Tokyo / Chubu,24.11,4919.200000000001,5352.700000000001,4919.200000000001,10.0,Balanced stack
2026-09-26,23,Hokuriku / Kansai / Chugoku / Shikoku,18.59,706.3999999999996,2361.3999999999996,706.3999999999996,10.0,Thin stack
2026-09-26,23,System Price,17.0,9266.099999999999,11021.900000000001,9266.099999999999,10.0,Balanced stack
2026-09-26,23,Tokyo / Chubu,24.08,5103.600000000002,5183.499999999996,5103.600000000002,10.0,Balanced stack
2026-09-26,24,Hokuriku / Kansai / Chugoku / Shikoku,18.74,625.6000000000004,2501.8999999999996,625.6000000000004,10.0,Thin stack
2026-09-26,24,System Price,16.17,8064.200000000004,10750.69999999999,8064.200000000004,10.0,Balanced stack
2026-09-26,24,Tokyo / Chubu,24.08,5100.399999999998,5070.9000000000015,5070.9000000000015,10.0,Balanced stack
2026-09-26,25,Hokuriku / Kansai / Chugoku / Shikoku / Kyushu,17.6,1490.8999999999978,4161.9000000000015,1490.8999999999978,10.0,Thin stack
2026-09-26,25,System Price,15.02,7672.099999999991,10524.000000000007,7672.099999999991,10.0,Balanced stack
2026-09-26,25,Tokyo / Chubu,23.6,6060.0,6151.899999999998,6060.0,10.0,Balanced stack
2026-09-26,26,Hokuriku / Kansai / Chugoku / Shikoku / Kyushu,17.8,1487.3999999999978,4126.200000000004,1487.3999999999978,10.0,Thin stack
2026-09-26,26,System Price,15.19,7798.700000000004,10702.199999999997,7798.700000000004,10.0,Balanced stack
2026-09-26,26,Tokyo / Chubu,23.24,6170.800000000003,5889.399999999998,5889.399999999998,10.0,Balanced stack
2026-09-26,27,Hokuriku / Kansai / Chugoku / Shikoku,21.82,856.0,1923.5,856.0,10.0,Thin stack
2026-09-26,27,System Price,17.5,10233.799999999988,9812.400000000009,9812.400000000009,10.0,Balanced stack
2026-09-26,27,Tokyo / Chubu,23.24,6410.499999999996,5014.0,5014.0,10.0,Balanced stack
2026-09-26,28,System Price,18.01,9984.599999999999,9363.699999999997,9363.699999999997,10.0,Balanced stack
2026-09-26,28,Tokyo / Chubu / Hokuriku / Kansai / Chugoku / Shikoku,23.46,6929.699999999997,6335.600000000006,6335.600000000006,10.0,Balanced stack
2026-09-26,29,System Price,19.9,10385.500000000007,7091.300000000003,7091.300000000003,10.0,Balanced stack
2026-09-26,29,Tokyo / Chubu / Hokuriku / Kansai / Chugoku / Shikoku,23.71,8631.199999999997,5608.199999999997,5608.199999999997,10.0,Balanced stack
2026-09-26,30,System Price,20.33,10127.799999999996,7480.000000000007,7480.000000000007,10.0,Balanced stack
2026-09-26,30,Tokyo / Chubu / Hokuriku / Kansai / Chugoku / Shikoku,23.71,8708.399999999994,6100.0999999999985,6100.0999999999985,10.0,Balanced stack
2026-09-26,31,System Price,20.36,9877.0,7788.299999999996,7788.299999999996,10.0,Balanced stack
2026-09-26,31,Tokyo / Chubu / Hokuriku / Kansai / Chugoku / Shikoku / Kyushu,23.81,8861.699999999997,7187.5999999999985,7187.5999999999985,10.0,Balanced stack
2026-09-26,32,Hokkaido / Tohoku,20.35,265.1999999999998,1226.500000000001,265.1999999999998,10.0,Scarcity stack
2026-09-26,32,System Price,21.72,8917.699999999997,8559.5,8559.5,10.0,Balanced stack
2026-09-26,32,Tokyo / Chubu / Hokuriku / Kansai / Chugoku / Shikoku / Kyushu,24.08,8397.299999999996,7931.000000000007,7931.000000000007,10.0,Balanced stack
2026-09-26,33,Hokkaido / Tohoku / Tokyo / Chubu,23.37,5551.899999999998,6030.0999999999985,5551.899999999998,10.0,Balanced stack
2026-09-26,33,Hokuriku / Kansai / Chugoku / Shikoku / Kyushu,18.64,1310.2000000000007,2990.7000000000007,1310.2000000000007,10.0,Thin stack
2026-09-26,33,System Price,20.86,8357.700000000004,8900.999999999993,8357.700000000004,10.0,Balanced stack
2026-09-26,34,Hokuriku / Kansai / Chugoku / Shikoku / Kyushu,17.2,2186.0,3323.7000000000007,2186.0,10.0,Balanced stack
2026-09-26,34,System Price,21.74,8561.0,8025.700000000004,8025.700000000004,10.0,Balanced stack
2026-09-26,34,Tohoku / Tokyo / Chubu,24.06,5197.299999999999,6339.200000000004,5197.299999999999,10.0,Balanced stack
2026-09-26,35,Hokuriku / Kansai / Chugoku / Kyushu,17.04,2768.5,2523.1000000000004,2523.1000000000004,10.0,Balanced stack
2026-09-26,35,System Price,20.35,10031.0,8983.599999999999,8983.599999999999,10.0,Balanced stack
2026-09-26,35,Tohoku / Tokyo / Chubu,23.5,6133.0,5654.700000000001,5654.700000000001,10.0,Balanced stack
2026-09-26,36,Hokuriku / Kansai / Chugoku / Kyushu,16.5,3051.500000000002,2090.5,2090.5,10.0,Balanced stack
2026-09-26,36,System Price,20.4,8595.699999999997,9871.400000000009,8595.699999999997,10.0,Balanced stack
2026-09-26,36,Tohoku / Tokyo / Chubu,24.17,5168.9000000000015,5799.0999999999985,5168.9000000000015,10.0,Balanced stack
2026-09-26,37,Hokkaido / Tohoku / Tokyo / Chubu,24.22,5391.100000000002,5763.800000000003,5391.100000000002,10.0,Balanced stack
2026-09-26,37,Hokuriku / Kansai / Chugoku / Kyushu,17.1,2426.000000000002,2713.0999999999985,2426.000000000002,10.0,Balanced stack
2026-09-26,37,System Price,20.4,8709.0,9915.599999999999,8709.0,10.0,Balanced stack
2026-09-26,38,Hokkaido / Tohoku / Tokyo / Chubu,24.4,4856.0,6130.0,4856.0,10.0,Balanced stack
2026-09-26,38,Hokuriku / Kansai / Chugoku / Kyushu,17.1,2480.600000000002,2628.0999999999985,2480.600000000002,10.0,Balanced stack
2026-09-26,38,System Price,20.83,8788.400000000001,9425.5,8788.400000000001,10.0,Balanced stack
2026-09-26,39,Hokkaido / Tohoku / Tokyo / Chubu,24.01,5222.700000000001,6270.4000000000015,5222.700000000001,10.0,Balanced stack
2026-09-26,39,Hokuriku / Kansai / Chugoku / Kyushu,17.0,3151.7000000000007,2222.8999999999996,2222.8999999999996,10.0,Balanced stack
2026-09-26,39,System Price,20.38,9675.599999999999,9014.0,9014.0,10.0,Balanced stack
2026-09-26,40,Hokkaido / Tohoku / Tokyo / Chubu,23.0,5907.5,5514.600000000002,5514.600000000002,10.0,Balanced stack
2026-09-26,40,Hokuriku / Kansai / Chugoku / Kyushu,15.92,3107.4000000000015,1891.2000000000007,1891.2000000000007,10.0,Balanced stack
2026-09-26,40,System Price,19.0,10351.699999999997,9071.599999999999,9071.599999999999,10.0,Balanced stack
2026-09-26,41,Hokkaido / Tohoku / Tokyo / Chubu,21.66,6948.100000000006,4960.0,4960.0,10.0,Balanced stack
2026-09-26,41,Hokuriku / Kansai / Chugoku / Kyushu,17.0,3025.5,1791.0999999999985,1791.0999999999985,10.0,Balanced stack
2026-09-26,41,System Price,17.54,9824.0,9372.699999999997,9372.699999999997,10.0,Balanced stack
2026-09-26,42,Hokkaido / Tohoku / Tokyo / Chubu,20.4,7497.4000000000015,6091.499999999996,6091.499999999996,10.0,Balanced stack
2026-09-26,42,Hokuriku / Kansai / Chugoku / Kyushu,14.5,2999.7000000000007,1888.6000000000022,1888.6000000000022,10.0,Balanced stack
2026-09-26,42,System Price,17.0,10638.599999999999,8193.599999999999,8193.599999999999,10.0,Balanced stack
2026-09-26,43,Hokuriku / Kansai / Chugoku / Kyushu,13.41,2865.0999999999985,1907.6000000000022,1907.6000000000022,10.0,Balanced stack
2026-09-26,43,System Price,17.01,10298.800000000003,8885.700000000004,8885.700000000004,10.0,Balanced stack
2026-09-26,43,Tohoku / Tokyo / Chubu,22.0,7139.699999999997,4738.0999999999985,4738.0999999999985,10.0,Balanced stack
2026-09-26,44,Hokuriku / Kansai / Chugoku / Kyushu,12.01,3336.7000000000007,1593.800000000001,1593.800000000001,10.0,Balanced stack
2026-09-26,44,System Price,14.69,8736.699999999997,8786.100000000006,8736.699999999997,10.0,Balanced stack
2026-09-26,44,Tohoku / Tokyo,20.35,5633.700000000001,1513.8999999999996,1513.8999999999996,10.0,Balanced stack
2026-09-26,45,Hokkaido / Tohoku,10.01,260.09999999999945,1534.0,260.09999999999945,10.0,Scarcity stack
2026-09-26,45,Hokuriku / Kansai / Chugoku / Shikoku / Kyushu,13.41,3014.7000000000025,2549.0,2549.0,10.0,Balanced stack
2026-09-26,45,System Price,15.04,9049.800000000003,7182.200000000004,7182.200000000004,10.0,Balanced stack
2026-09-26,46,Hokkaido / Tohoku,9.73,288.3000000000002,4349.9,288.3000000000002,10.0,Scarcity stack
2026-09-26,46,Hokuriku / Kansai / Chugoku / Shikoku / Kyushu,12.18,3450.0,2289.5999999999985,2289.5999999999985,10.0,Balanced stack
2026-09-26,46,System Price,14.16,9236.499999999993,7011.600000000006,7011.600000000006,10.0,Balanced stack
2026-09-26,47,Hokkaido / Tohoku,10.66,254.89999999999964,1550.8999999999996,254.89999999999964,10.0,Scarcity stack
2026-09-26,47,Hokuriku / Kansai / Chugoku / Shikoku / Kyushu,10.01,3360.5999999999967,2579.0000000000036,2579.0000000000036,10.0,Balanced stack
2026-09-26,47,System Price,14.12,8508.599999999999,7462.799999999996,7462.799999999996,10.0,Balanced stack
2026-09-26,47,Tokyo / Chubu,22.02,8532.3,4106.299999999999,4106.299999999999,10.0,Balanced stack
2026-09-26,48,Hokkaido / Tohoku,10.0,224.0,4332.599999999999,224.0,10.0,Scarcity stack
2026-09-26,48,Hokuriku / Kansai / Chugoku / Shikoku / Kyushu,8.13,3278.7999999999993,11793.500000000004,3278.7999999999993,10.0,Balanced stack
2026-09-26,48,System Price,12.75,7805.800000000003,6514.800000000003,6514.800000000003,10.0,Balanced stack
2026-09-26,48,Tokyo / Chubu,15.96,5229.799999999999,4884.200000000001,4884.200000000001,10.0,Balanced stack
2026-09-27,1,Hokkaido / Tohoku,11.08,254.89999999999964,1435.800000000001,254.89999999999964,10.0,Scarcity stack
2026-09-27,1,Hokuriku / Kansai / Chugoku / Shikoku / Kyushu,9.51,3669.1000000000004,11954.2,3669.1000000000004,10.0,Balanced stack
2026-09-27,1,System Price,16.88,8793.900000000005,8453.699999999997,8453.699999999997,10.0,Balanced stack
2026-09-27,2,Hokkaido / Tohoku,10.72,266.3000000000002,1499.8999999999996,266.3000000000002,10.0,Scarcity stack
2026-09-27,2,Hokuriku / Kansai / Chugoku / Shikoku / Kyushu,9.22,3278.5999999999985,12035.800000000001,3278.5999999999985,10.0,Balanced stack
2026-09-27,2,System Price,14.15,7639.999999999996,8462.5,7639.999999999996,10.0,Balanced stack
2026-09-27,3,Hokkaido / Tohoku,11.91,377.0,1239.6000000000004,377.0,10.0,Scarcity stack
2026-09-27,3,Hokuriku / Kansai / Chugoku / Shikoku / Kyushu,10.93,3594.6000000000004,2897.2000000000007,2897.2000000000007,10.0,Balanced stack
2026-09-27,3,System Price,12.74,5099.300000000003,8565.599999999999,5099.300000000003,10.0,Balanced stack
2026-09-27,4,Hokuriku / Kansai / Chugoku / Shikoku / Kyushu,10.41,3727.0,2857.6000000000004,2857.6000000000004,10.0,Balanced stack
2026-09-27,4,System Price,13.25,5081.699999999997,8700.0,5081.699999999997,10.0,Balanced stack
2026-09-27,5,Hokuriku / Kansai / Chugoku / Shikoku / Kyushu,10.41,3765.300000000001,2867.999999999998,2867.999999999998,10.0,Balanced stack
2026-09-27,5,System Price,12.91,5207.199999999997,8899.5,5207.199999999997,10.0,Balanced stack
2026-09-27,6,Hokuriku / Kansai / Chugoku / Shikoku / Kyushu,10.41,3584.5,2880.699999999999,2880.699999999999,10.0,Balanced stack
2026-09-27,6,System Price,16.51,9862.7,8554.099999999991,8554.099999999991,10.0,Balanced stack
2026-09-27,7,Hokuriku / Kansai / Chugoku / Shikoku / Kyushu,10.7,3578.199999999999,3059.000000000002,3059.000000000002,10.0,Balanced stack
2026-09-27,7,System Price,17.54,10063.5,9250.400000000001,9250.400000000001,10.0,Balanced stack
2026-09-27,8,Hokuriku / Kansai / Chugoku / Shikoku / Kyushu,13.41,3055.1000000000004,3507.399999999998,3055.1000000000004,10.0,Balanced stack
2026-09-27,8,System Price,20.01,9702.599999999999,8545.400000000001,8545.400000000001,10.0,Balanced stack
2026-09-27,9,Hokuriku / Kansai / Chugoku / Shikoku / Kyushu,14.5,3974.699999999999,3428.300000000001,3428.300000000001,10.0,Balanced stack
2026-09-27,9,System Price,20.01,9724.699999999997,9017.599999999999,9017.599999999999,10.0,Balanced stack
2026-09-27,10,Hokuriku / Kansai / Chugoku / Shikoku / Kyushu,16.59,4426.499999999998,3073.7000000000007,3073.7000000000007,10.0,Balanced stack
2026-09-27,10,System Price,20.04,9354.8,9296.299999999996,9296.299999999996,10.0,Balanced stack
2026-09-27,11,Hokkaido / Tohoku,11.0,391.39999999999964,1198.3000000000002,391.39999999999964,10.0,Scarcity stack
2026-09-27,11,Hokuriku / Kansai / Chugoku / Shikoku / Kyushu,16.85,4313.299999999999,2998.3999999999996,2998.3999999999996,10.0,Balanced stack
2026-09-27,11,System Price,19.79,9835.800000000003,8341.600000000006,8341.600000000006,10.0,Balanced stack
2026-09-27,12,Chubu / Hokuriku / Kansai / Chugoku / Shikoku / Kyushu,16.85,5969.300000000003,5893.700000000001,5893.700000000001,10.0,Balanced stack
2026-09-27,12,System Price,18.59,10380.899999999998,8709.400000000001,8709.400000000001,10.0,Balanced stack
2026-09-27,13,Hokkaido / Tohoku,10.69,596.1999999999998,1103.2999999999993,596.1999999999998,10.0,Thin stack
2026-09-27,13,Hokuriku / Kansai / Chugoku / Shikoku / Kyushu,13.11,3909.5,3251.000000000002,3251.000000000002,10.0,Balanced stack
2026-09-27,13,System Price,16.43,10772.400000000001,8593.0,8593.0,10.0,Balanced stack
2026-09-27,14,Hokkaido / Tohoku,10.57,616.8000000000002,1138.6999999999998,616.8000000000002,10.0,Thin stack
2026-09-27,14,Hokuriku / Kansai / Chugoku / Shikoku / Kyushu,10.9,4300.1,3121.0,3121.0,10.0,Balanced stack
2026-09-27,14,System Price,12.16,6707.5,7513.299999999996,6707.5,10.0,Balanced stack
2026-09-27,15,Hokkaido / Tohoku,10.11,924.3000000000002,823.4000000000005,823.4000000000005,10.0,Thin stack
2026-09-27,15,Hokuriku / Kansai / Chugoku / Shikoku / Kyushu,10.4,3457.199999999999,2948.399999999998,2948.399999999998,10.0,Balanced stack
2026-09-27,15,System Price,11.26,6396.499999999993,6723.4000000000015,6396.499999999993,10.0,Balanced stack
2026-09-27,16,Hokkaido / Tohoku,7.87,1461.7000000000007,3938.9999999999995,1461.7000000000007,10.0,Thin stack
2026-09-27,16,Hokuriku / Kansai / Chugoku / Shikoku / Kyushu,10.31,3454.7000000000007,3050.199999999999,3050.199999999999,10.0,Balanced stack
2026-09-27,16,System Price,10.91,8415.200000000004,6377.9000000000015,6377.9000000000015,10.0,Balanced stack
2026-09-27,17,Hokuriku / Kansai / Chugoku / Shikoku / Kyushu,10.0,3210.0999999999985,13402.3,3210.0999999999985,10.0,Balanced stack
2026-09-27,17,System Price,10.4,9073.800000000003,6654.0999999999985,6654.0999999999985,10.0,Balanced stack
2026-09-27,18,Hokkaido / Tohoku,10.43,1156.6999999999998,1138.0,1138.0,10.0,Thin stack
2026-09-27,18,Hokuriku / Kansai / Chugoku / Shikoku / Kyushu,10.4,3655.5,3035.3999999999996,3035.3999999999996,10.0,Balanced stack
2026-09-27,18,System Price,10.4,9597.900000000009,6480.299999999996,6480.299999999996,10.0,Balanced stack
2026-09-27,19,Hokuriku / Kansai / Chugoku / Shikoku / Kyushu,9.6,3964.2000000000007,13290.899999999998,3964.2000000000007,10.0,Balanced stack
2026-09-27,19,System Price,9.9,9811.900000000001,26636.299999999996,9811.900000000001,10.0,Balanced stack
2026-09-27,20,Hokkaido / Tohoku,8.0,1398.6000000000004,4292.299999999999,1398.6000000000004,10.0,Thin stack
2026-09-27,20,Hokuriku / Kansai / Chugoku / Shikoku / Kyushu,8.41,3696.399999999998,13050.600000000002,3696.399999999998,10.0,Balanced stack
2026-09-27,20,System Price,10.06,9903.5,6715.5999999999985,6715.5999999999985,10.0,Balanced stack
2026-09-27,21,Hokkaido / Tohoku,6.6,1528.9999999999982,4187.300000000001,1528.9999999999982,10.0,Balanced stack
2026-09-27,21,Hokuriku / Kansai / Chugoku / Shikoku / Kyushu,9.46,3486.800000000001,13442.200000000003,3486.800000000001,10.0,Balanced stack
2026-09-27,21,System Price,9.59,9522.0,26868.4,9522.0,10.0,Balanced stack
2026-09-27,22,Hokkaido / Tohoku,4.9,1632.6000000000004,4113.5,1632.6000000000004,10.0,Balanced stack
2026-09-27,22,Hokuriku / Kansai / Chugoku / Shikoku / Kyushu,9.46,3843.5,13407.2,3843.5,10.0,Balanced stack
2026-09-27,22,System Price,9.5,9979.400000000001,26605.300000000003,9979.400000000001,10.0,Balanced stack
2026-09-27,23,Chubu / Hokuriku / Kansai / Chugoku / Shikoku / Kyushu,10.41,7435.200000000004,4400.0999999999985,4400.0999999999985,10.0,Balanced stack
2026-09-27,23,Hokkaido / Tohoku,6.07,1635.1000000000004,4167.599999999999,1635.1000000000004,10.0,Balanced stack
2026-09-27,23,System Price,9.59,10055.300000000003,27029.7,10055.300000000003,10.0,Balanced stack
2026-09-27,24,Chubu / Hokuriku / Kansai / Chugoku / Shikoku / Kyushu,10.54,7339.200000000001,4512.299999999996,4512.299999999996,10.0,Balanced stack
2026-09-27,24,Hokkaido / Tohoku,5.0,1567.699999999999,4207.9000000000015,1567.699999999999,10.0,Balanced stack
2026-09-27,24,System Price,10.23,10304.299999999996,6344.300000000003,6344.300000000003,10.0,Balanced stack
2026-09-27,25,Chubu / Hokuriku / Kansai / Chugoku / Shikoku / Kyushu,9.58,7664.0,16749.1,7664.0,10.0,Balanced stack
2026-09-27,25,Hokkaido / Tohoku,9.41,1482.7000000000007,4330.799999999999,1482.7000000000007,10.0,Thin stack
2026-09-27,25,System Price,9.59,10188.699999999997,27032.600000000006,10188.699999999997,10.0,Balanced stack
2026-09-27,26,Chubu / Hokuriku / Kansai / Chugoku / Shikoku / Kyushu,10.28,7378.100000000002,4503.4000000000015,4503.4000000000015,10.0,Balanced stack
2026-09-27,26,Hokkaido / Tohoku,9.53,1207.499999999999,4541.900000000001,1207.499999999999,10.0,Thin stack
2026-09-27,26,System Price,10.6,9624.200000000004,6977.5,6977.5,10.0,Balanced stack
2026-09-27,27,Hokkaido / Tohoku,9.49,1206.2999999999993,4496.5,1206.2999999999993,10.0,Thin stack
2026-09-27,27,System Price,8.13,10492.0,26033.299999999996,10492.0,10.0,Balanced stack
2026-09-27,27,Tokyo / Chubu / Hokuriku / Kansai / Chugoku / Shikoku / Kyushu,10.01,9170.0,6093.700000000004,6093.700000000004,10.0,Balanced stack
2026-09-27,28,System Price,9.23,10175.300000000003,26202.299999999996,10175.300000000003,10.0,Balanced stack
2026-09-27,28,Tokyo / Chubu / Hokuriku / Kansai / Chugoku / Shikoku / Kyushu,10.41,8659.399999999994,5660.700000000004,5660.700000000004,10.0,Balanced stack
2026-09-27,29,Chubu / Hokuriku / Kansai / Chugoku / Shikoku / Kyushu,12.05,6022.199999999997,5007.9000000000015,5007.9000000000015,10.0,Balanced stack
2026-09-27,29,System Price,9.81,9528.599999999999,26802.700000000004,9528.599999999999,10.0,Balanced stack
2026-09-27,30,Chubu / Hokuriku / Kansai / Chugoku / Shikoku / Kyushu,12.13,5547.600000000002,5487.199999999997,5487.199999999997,10.0,Balanced stack
2026-09-27,30,System Price,11.98,8002.200000000004,7287.4000000000015,7287.4000000000015,10.0,Balanced stack
2026-09-27,31,System Price,11.41,8242.399999999994,6977.200000000004,6977.200000000004,10.0,Balanced stack
2026-09-27,31,Tokyo / Chubu / Hokuriku / Kansai / Chugoku / Shikoku / Kyushu,13.21,6529.9000000000015,6184.5999999999985,6184.5999999999985,10.0,Balanced stack
2026-09-27,32,Chubu / Hokuriku / Kansai / Chugoku / Shikoku / Kyushu,16.81,5568.699999999997,5822.200000000001,5568.699999999997,10.0,Balanced stack
2026-09-27,32,System Price,14.9,8667.299999999996,7735.300000000003,7735.300000000003,10.0,Balanced stack
2026-09-27,33,Chubu / Hokuriku / Kansai / Chugoku / Shikoku / Kyushu,15.46,4765.100000000002,6117.699999999997,4765.100000000002,10.0,Balanced stack
2026-09-27,33,Hokkaido / Tohoku,20.28,588.5,453.9999999999991,453.9999999999991,10.0,Solar compression stack
2026-09-27,33,System Price,16.82,8060.699999999997,8077.200000000004,8060.699999999997,10.0,Balanced stack
2026-09-27,34,Hokuriku / Kansai / Chugoku / Shikoku / Kyushu,13.21,4398.800000000001,2520.7999999999993,2520.7999999999993,10.0,Balanced stack
2026-09-27,34,System Price,19.5,8531.099999999999,8509.700000000004,8509.700000000004,10.0,Balanced stack
2026-09-27,34,Tohoku / Tokyo,26.24,2251.7000000000007,3876.8999999999996,2251.7000000000007,10.0,Balanced stack
2026-09-27,35,Hokuriku / Kansai / Chugoku / Kyushu,16.1,3552.8999999999996,1669.300000000003,1669.300000000003,10.0,Balanced stack
2026-09-27,35,System Price,24.05,7925.0,6751.5999999999985,6751.5999999999985,10.0,Balanced stack
2026-09-27,35,Tohoku / Tokyo,28.9,2203.199999999997,4447.5,2203.199999999997,10.0,Balanced stack
2026-09-27,36,Hokuriku / Kansai / Chugoku / Kyushu,16.85,3774.500000000002,1592.7999999999993,1592.7999999999993,10.0,Balanced stack
2026-09-27,36,System Price,24.78,8366.499999999993,6561.900000000009,6561.900000000009,10.0,Balanced stack
2026-09-27,36,Tohoku / Tokyo,33.5,2249.100000000002,3439.699999999999,2249.100000000002,10.0,Balanced stack
2026-09-27,37,Hokuriku / Kansai / Chugoku / Kyushu,17.0,2621.3999999999996,2609.9000000000015,2609.9000000000015,10.0,Balanced stack
2026-09-27,37,System Price,25.05,7773.899999999994,7166.300000000003,7166.300000000003,10.0,Balanced stack
2026-09-27,37,Tohoku / Tokyo,33.68,802.9000000000015,4887.100000000002,802.9000000000015,10.0,Thin stack
2026-09-27,38,Hokuriku / Kansai / Chugoku / Kyushu,17.04,2651.499999999998,2768.7000000000025,2651.499999999998,10.0,Balanced stack
2026-09-27,38,System Price,25.0,7686.399999999994,7028.5999999999985,7028.5999999999985,10.0,Balanced stack
2026-09-27,38,Tohoku / Tokyo,33.5,1921.5,3639.9999999999964,1921.5,10.0,Balanced stack
2026-09-27,39,Hokuriku / Kansai / Chugoku / Kyushu,17.04,2691.7000000000007,2748.2999999999993,2691.7000000000007,10.0,Balanced stack
2026-09-27,39,System Price,24.8,7141.5999999999985,7274.399999999994,7141.5999999999985,10.0,Balanced stack
2026-09-27,39,Tohoku / Tokyo,33.5,1387.9999999999964,3561.800000000003,1387.9999999999964,10.0,Thin stack
2026-09-27,40,Hokuriku / Kansai / Chugoku / Kyushu,17.0,2820.3999999999996,2339.1000000000004,2339.1000000000004,10.0,Balanced stack
2026-09-27,40,System Price,24.02,6946.699999999997,6443.5999999999985,6443.5999999999985,10.0,Balanced stack
2026-09-27,40,Tohoku / Tokyo,29.0,1458.0999999999985,3869.0,1458.0999999999985,10.0,Thin stack
2026-09-27,41,Hokuriku / Kansai / Chugoku / Kyushu,17.01,2866.5999999999985,1965.4999999999982,1965.4999999999982,10.0,Balanced stack
2026-09-27,41,System Price,23.61,5972.9000000000015,6841.5,5972.9000000000015,10.0,Balanced stack
2026-09-27,41,Tohoku / Tokyo / Chubu,28.0,2267.399999999998,6102.600000000002,2267.399999999998,10.0,Balanced stack
2026-09-27,42,Hokuriku / Kansai / Chugoku / Kyushu,17.04,2706.2999999999993,2012.0,2012.0,10.0,Balanced stack
2026-09-27,42,System Price,23.61,6696.700000000004,6833.9000000000015,6696.700000000004,10.0,Balanced stack
2026-09-27,42,Tohoku / Tokyo / Chubu,27.04,2815.400000000005,6276.199999999997,2815.400000000005,10.0,Balanced stack
2026-09-27,43,Hokuriku / Kansai / Chugoku / Kyushu,17.04,2589.5999999999985,2148.000000000002,2148.000000000002,10.0,Balanced stack
2026-09-27,43,System Price,23.61,6676.300000000003,6477.799999999996,6477.799999999996,10.0,Balanced stack
2026-09-27,43,Tohoku / Tokyo / Chubu,25.6,3388.5,5687.300000000003,3388.5,10.0,Balanced stack
2026-09-27,44,Hokuriku / Kansai / Chugoku / Kyushu,13.51,2720.699999999999,1981.2000000000025,1981.2000000000025,10.0,Balanced stack
2026-09-27,44,System Price,23.59,8355.0,4546.800000000003,4546.800000000003,10.0,Balanced stack
2026-09-27,44,Tohoku / Tokyo,25.36,1953.4000000000015,3946.4000000000015,1953.4000000000015,10.0,Balanced stack
2026-09-27,45,Hokuriku / Kansai / Chugoku / Kyushu,13.21,2605.7999999999975,1966.7000000000025,1966.7000000000025,10.0,Balanced stack
2026-09-27,45,System Price,23.0,8637.599999999999,4566.9000000000015,4566.9000000000015,10.0,Balanced stack
2026-09-27,45,Tohoku / Tokyo / Chubu,25.01,3784.5,4992.899999999998,3784.5,10.0,Balanced stack
2026-09-27,46,Hokuriku / Kansai / Chugoku / Kyushu,13.08,2918.7000000000007,1724.199999999999,1724.199999999999,10.0,Balanced stack
2026-09-27,46,System Price,20.46,8974.200000000004,6010.999999999993,6010.999999999993,10.0,Balanced stack
2026-09-27,46,Tohoku / Tokyo / Chubu,24.5,6158.999999999996,4494.0,4494.0,10.0,Balanced stack
2026-09-27,47,Hokuriku / Kansai / Chugoku / Kyushu,10.95,2687.3999999999996,2021.7000000000007,2021.7000000000007,10.0,Balanced stack
2026-09-27,47,System Price,20.0,9874.399999999994,6795.4000000000015,6795.4000000000015,10.0,Balanced stack
2026-09-27,47,Tohoku / Tokyo / Chubu,24.26,6462.700000000001,4554.199999999997,4554.199999999997,10.0,Balanced stack
2026-09-27,48,Hokuriku / Kansai / Chugoku / Shikoku / Kyushu,7.89,2976.199999999997,11763.900000000001,2976.199999999997,10.0,Balanced stack
2026-09-27,48,System Price,17.26,10620.0,7656.699999999997,7656.699999999997,10.0,Balanced stack
2026-09-27,48,Tohoku / Tokyo / Chubu,23.71,6147.0999999999985,4329.100000000002,4329.100000000002,10.0,Balanced stack
2026-09-28,1,Hokuriku / Kansai / Chugoku / Shikoku / Kyushu,7.95,2839.800000000003,11861.999999999998,2839.800000000003,10.0,Balanced stack
2026-09-28,1,System Price,11.43,5497.100000000006,7077.899999999994,5497.100000000006,10.0,Balanced stack
2026-09-28,1,Tohoku / Tokyo / Chubu,19.79,6417.799999999999,4416.299999999999,4416.299999999999,10.0,Balanced stack
2026-09-28,2,Hokuriku / Kansai / Chugoku / Shikoku / Kyushu,9.22,2492.000000000002,12210.700000000003,2492.000000000002,10.0,Balanced stack
2026-09-28,2,System Price,11.0,5434.699999999997,6005.4000000000015,5434.699999999997,10.0,Balanced stack
2026-09-28,2,Tohoku / Tokyo / Chubu,18.1,7107.999999999996,4034.300000000003,4034.300000000003,10.0,Balanced stack
2026-09-28,3,Hokuriku / Kansai / Chugoku / Shikoku / Kyushu,12.33,2093.2000000000007,3213.199999999997,2093.2000000000007,10.0,Balanced stack
2026-09-28,3,System Price,10.47,5644.4000000000015,6151.9000000000015,5644.4000000000015,10.0,Balanced stack
2026-09-28,3,Tohoku / Tokyo / Chubu,14.15,3516.4999999999964,4536.500000000004,3516.4999999999964,10.0,Balanced stack
2026-09-28,4,Hokuriku / Kansai / Chugoku / Shikoku / Kyushu,11.32,2040.0,3347.499999999998,2040.0,10.0,Balanced stack
2026-09-28,4,System Price,11.16,5844.500000000007,6600.799999999996,5844.500000000007,10.0,Balanced stack
2026-09-28,4,Tohoku / Tokyo / Chubu,15.0,4993.500000000004,5365.399999999998,4993.500000000004,10.0,Balanced stack
2026-09-28,5,Hokuriku / Kansai / Chugoku / Shikoku / Kyushu,10.1,2016.8999999999996,2964.0,2016.8999999999996,10.0,Balanced stack
2026-09-28,5,System Price,11.21,5912.0999999999985,6244.0,5912.0999999999985,10.0,Balanced stack
2026-09-28,5,Tohoku / Tokyo / Chubu,15.0,5178.200000000001,5407.0999999999985,5178.200000000001,10.0,Balanced stack
2026-09-28,6,Hokuriku / Kansai / Chugoku / Shikoku / Kyushu,9.99,2002.0,12937.9,2002.0,10.0,Balanced stack
2026-09-28,6,System Price,11.25,5855.399999999994,6178.80000000001,5855.399999999994,10.0,Balanced stack
2026-09-28,6,Tohoku / Tokyo / Chubu,15.0,5202.199999999997,5392.299999999999,5202.199999999997,10.0,Balanced stack
2026-09-28,7,Hokuriku / Kansai / Chugoku / Shikoku / Kyushu,11.87,2085.199999999999,2957.0,2085.199999999999,10.0,Balanced stack
2026-09-28,7,System Price,11.4,5096.899999999994,6525.800000000003,5096.899999999994,10.0,Balanced stack
2026-09-28,7,Tohoku / Tokyo / Chubu,19.61,7944.4000000000015,4233.4000000000015,4233.4000000000015,10.0,Balanced stack
2026-09-28,8,Hokuriku / Kansai / Chugoku / Shikoku / Kyushu,14.16,2150.3999999999996,2688.800000000001,2150.3999999999996,10.0,Balanced stack
2026-09-28,8,System Price,12.08,4980.300000000003,7075.4000000000015,4980.300000000003,10.0,Balanced stack
2026-09-28,8,Tohoku / Tokyo / Chubu,22.0,7792.499999999996,2812.2000000000044,2812.2000000000044,10.0,Balanced stack
2026-09-28,9,Hokuriku / Kansai / Chugoku / Shikoku / Kyushu,8.55,1806.0000000000018,12010.099999999997,1806.0000000000018,10.0,Balanced stack
2026-09-28,9,System Price,12.1,4633.299999999996,7096.9000000000015,4633.299999999996,10.0,Balanced stack
2026-09-28,9,Tohoku / Tokyo / Chubu,22.34,7585.199999999997,2433.900000000005,2433.900000000005,10.0,Balanced stack
2026-09-28,10,Hokuriku / Kansai / Chugoku / Shikoku / Kyushu,8.26,2394.999999999998,11554.7,2394.999999999998,10.0,Balanced stack
2026-09-28,10,System Price,12.61,5693.4000000000015,7531.699999999997,5693.4000000000015,10.0,Balanced stack
2026-09-28,10,Tohoku / Tokyo / Chubu,22.39,7615.800000000003,2245.9000000000015,2245.9000000000015,10.0,Balanced stack
2026-09-28,11,Hokkaido / Tohoku / Tokyo / Chubu,22.5,6356.100000000002,3546.7999999999993,3546.7999999999993,10.0,Balanced stack
2026-09-28,11,Hokuriku / Kansai / Chugoku / Kyushu,12.6,2042.199999999999,2112.0,2042.199999999999,10.0,Balanced stack
2026-09-28,11,System Price,17.34,8667.899999999998,7029.700000000004,7029.700000000004,10.0,Balanced stack
2026-09-28,12,Hokuriku / Kansai / Chugoku / Kyushu,15.24,2546.8999999999996,2226.0,2226.0,10.0,Balanced stack
2026-09-28,12,System Price,19.22,10625.600000000006,6386.4000000000015,6386.4000000000015,10.0,Balanced stack
2026-09-28,12,Tohoku / Tokyo / Chubu,22.5,6361.0,4108.0,4108.0,10.0,Balanced stack
2026-09-28,13,Hokuriku / Kansai / Chugoku / Kyushu,15.2,2592.5,1962.2999999999993,1962.2999999999993,10.0,Balanced stack
2026-09-28,13,System Price,19.5,10928.099999999991,6450.800000000003,6450.800000000003,10.0,Balanced stack
2026-09-28,13,Tohoku / Tokyo / Chubu,23.71,7897.700000000001,4205.799999999999,4205.799999999999,10.0,Balanced stack
2026-09-28,14,Hokuriku / Kansai / Chugoku / Kyushu,10.5,2360.5999999999985,2262.4000000000015,2262.4000000000015,10.0,Balanced stack
2026-09-28,14,System Price,17.54,10718.200000000004,7352.0,7352.0,10.0,Balanced stack
2026-09-28,14,Tohoku / Tokyo / Chubu,23.9,9329.8,4506.700000000004,4506.700000000004,10.0,Balanced stack
2026-09-28,15,Hokuriku / Kansai / Chugoku / Shikoku / Kyushu,8.37,2755.399999999998,12015.600000000002,2755.399999999998,10.0,Balanced stack
2026-09-28,15,System Price,15.01,7507.0,7862.800000000003,7507.0,10.0,Balanced stack
2026-09-28,15,Tohoku / Tokyo / Chubu,24.5,6540.600000000002,4249.5,4249.5,10.0,Balanced stack
2026-09-28,16,Hokuriku / Kansai / Chugoku / Shikoku / Kyushu,13.0,2711.899999999998,3260.8999999999996,2711.899999999998,10.0,Balanced stack
2026-09-28,16,System Price,19.55,9679.100000000006,7076.19999999999,7076.19999999999,10.0,Balanced stack
2026-09-28,16,Tohoku / Tokyo / Chubu,25.23,5498.799999999999,4866.4000000000015,4866.4000000000015,10.0,Balanced stack
2026-09-28,17,Hokkaido / Tohoku,14.71,395.09999999999854,1471.8999999999996,395.09999999999854,10.0,Scarcity stack
2026-09-28,17,Hokuriku / Kansai / Chugoku / Kyushu,17.68,1868.6000000000022,2649.999999999998,1868.6000000000022,10.0,Balanced stack
2026-09-28,17,System Price,24.5,8149.399999999994,6584.200000000004,6584.200000000004,10.0,Balanced stack
2026-09-28,17,Tokyo / Chubu,27.26,3775.300000000003,6291.5,3775.300000000003,10.0,Balanced stack
2026-09-28,18,Hokkaido / Tohoku,13.46,408.1999999999989,1475.300000000001,408.1999999999989,10.0,Scarcity stack
2026-09-28,18,Hokuriku / Kansai / Chugoku / Kyushu,23.57,932.9999999999982,2486.2000000000007,932.9999999999982,10.0,Thin stack
2026-09-28,18,System Price,27.18,6597.799999999996,9043.200000000004,6597.799999999996,10.0,Balanced stack
2026-09-28,18,Tokyo / Chubu,30.59,2982.2000000000044,7805.0999999999985,2982.2000000000044,10.0,Balanced stack
2026-09-28,19,Chugoku / Kyushu,25.24,784.2000000000007,1050.7999999999993,784.2000000000007,10.0,Thin stack
2026-09-28,19,Hokkaido / Tohoku,13.0,530.0,1540.1000000000004,530.0,10.0,Thin stack
2026-09-28,19,System Price,30.06,5310.5999999999985,9329.099999999999,5310.5999999999985,10.0,Balanced stack
2026-09-28,19,Tokyo / Chubu / Hokuriku / Kansai,35.73,3898.699999999997,4832.100000000006,3898.699999999997,10.0,Balanced stack
2026-09-28,20,Chugoku / Kyushu,25.23,985.6999999999989,897.8000000000011,897.8000000000011,10.0,Thin stack
2026-09-28,20,Hokkaido / Tohoku,10.58,517.2999999999993,1845.300000000001,517.2999999999993,10.0,Thin stack
2026-09-28,20,System Price,30.31,6156.700000000004,9731.299999999996,6156.700000000004,10.0,Balanced stack
2026-09-28,20,Tokyo / Chubu / Hokuriku / Kansai,35.73,5283.0,4840.0,4840.0,10.0,Balanced stack
2026-09-28,21,Chugoku / Shikoku / Kyushu,30.1,647.6000000000004,1317.0,647.6000000000004,10.0,Thin stack
2026-09-28,21,Hokkaido / Tohoku,10.45,549.1999999999989,1825.5,549.1999999999989,10.0,Thin stack
2026-09-28,21,System Price,30.0,6974.800000000003,9350.599999999999,6974.800000000003,10.0,Balanced stack
2026-09-28,21,Tokyo / Chubu / Hokuriku / Kansai,32.11,3436.4999999999927,9605.599999999999,3436.4999999999927,10.0,Balanced stack
2026-09-28,22,Chugoku / Shikoku / Kyushu,30.0,807.1999999999989,1278.1000000000022,807.1999999999989,10.0,Thin stack
2026-09-28,22,Hokkaido / Tohoku,10.0,530.3000000000011,5439.799999999999,530.3000000000011,10.0,Thin stack
2026-09-28,22,System Price,29.5,6923.4000000000015,9251.599999999999,6923.4000000000015,10.0,Balanced stack
2026-09-28,22,Tokyo / Chubu / Hokuriku / Kansai,32.11,3350.199999999997,9615.700000000004,3350.199999999997,10.0,Balanced stack
2026-09-28,23,Chugoku / Shikoku / Kyushu,27.49,883.2999999999993,1249.8999999999996,883.2999999999993,10.0,Thin stack
2026-09-28,23,Hokkaido / Tohoku,9.92,608.6999999999989,5370.1,608.6999999999989,10.0,Thin stack
2026-09-28,23,System Price,28.89,7228.4000000000015,9133.599999999999,7228.4000000000015,10.0,Balanced stack
2026-09-28,23,Tokyo / Chubu / Hokuriku / Kansai,32.11,3456.2999999999956,9212.5,3456.2999999999956,10.0,Balanced stack
2026-09-28,24,Chugoku / Shikoku / Kyushu,27.17,927.1000000000004,1218.7999999999993,927.1000000000004,10.0,Thin stack
2026-09-28,24,Hokkaido / Tohoku,9.68,664.1999999999989,5332.100000000002,664.1999999999989,10.0,Thin stack
2026-09-28,24,System Price,27.5,7043.399999999994,9017.100000000006,7043.399999999994,10.0,Balanced stack
2026-09-28,24,Tokyo / Chubu / Hokuriku / Kansai,32.11,3456.7999999999956,9208.300000000003,3456.7999999999956,10.0,Balanced stack
2026-09-28,25,Hokkaido / Tohoku,9.68,778.5,5230.7,778.5,10.0,Thin stack
2026-09-28,25,System Price,25.36,7224.700000000004,7117.199999999997,7117.199999999997,10.0,Balanced stack
2026-09-28,25,Tokyo / Chubu / Hokuriku / Kansai / Chugoku / Shikoku / Kyushu,29.9,6536.600000000006,7877.699999999997,6536.600000000006,10.0,Balanced stack
2026-09-28,26,Hokkaido / Tohoku,9.67,872.0,5137.9,872.0,10.0,Thin stack
2026-09-28,26,Hokuriku / Kansai / Chugoku / Shikoku / Kyushu,29.9,2652.2999999999993,990.7000000000007,990.7000000000007,10.0,Thin stack
2026-09-28,26,System Price,25.43,7289.69999999999,7008.000000000007,7008.000000000007,10.0,Balanced stack
2026-09-28,26,Tokyo / Chubu,29.9,4340.799999999999,6777.9000000000015,4340.799999999999,10.0,Balanced stack
2026-09-28,27,Chugoku / Shikoku / Kyushu,27.49,899.5,1231.5,899.5,10.0,Thin stack
2026-09-28,27,Hokkaido / Tohoku,10.0,522.5,5443.3,522.5,10.0,Thin stack
2026-09-28,27,System Price,27.16,7675.700000000004,8569.899999999994,7675.700000000004,10.0,Balanced stack
2026-09-28,27,Tokyo / Chubu / Hokuriku / Kansai,30.59,5137.0,7716.200000000004,5137.0,10.0,Balanced stack
2026-09-28,28,Chugoku / Shikoku / Kyushu,28.0,781.3999999999996,1287.300000000001,781.3999999999996,10.0,Thin stack
2026-09-28,28,Hokkaido / Tohoku,13.0,423.59999999999854,1619.5,423.59999999999854,10.0,Scarcity stack
2026-09-28,28,Hokuriku / Kansai,35.73,3645.9000000000015,294.79999999999745,294.79999999999745,10.0,Solar compression stack
2026-09-28,28,System Price,31.29,8216.099999999991,8224.300000000003,8216.099999999991,10.0,Balanced stack
2026-09-28,28,Tokyo / Chubu,36.0,3209.699999999997,4680.300000000003,3209.699999999997,10.0,Balanced stack
2026-09-28,29,Chugoku / Shikoku / Kyushu,27.9,831.8999999999996,1235.800000000001,831.8999999999996,10.0,Thin stack
2026-09-28,29,Hokkaido / Tohoku,15.5,548.8999999999996,1629.3999999999996,548.8999999999996,10.0,Thin stack
2026-09-28,29,Hokuriku / Kansai,35.73,3628.7,287.89999999999964,287.89999999999964,10.0,Solar compression stack
2026-09-28,29,System Price,32.39,5936.499999999993,8861.900000000001,5936.499999999993,10.0,Balanced stack
2026-09-28,29,Tokyo / Chubu,37.17,6068.0999999999985,4607.5,4607.5,10.0,Balanced stack
2026-09-28,30,Chugoku / Shikoku / Kyushu,29.9,889.8999999999978,1106.5,889.8999999999978,10.0,Thin stack
2026-09-28,30,Hokkaido / Tohoku,23.9,445.09999999999854,663.2999999999993,445.09999999999854,10.0,Scarcity stack
2026-09-28,30,Hokuriku / Kansai,35.73,3523.2,290.2000000000007,290.2000000000007,10.0,Solar compression stack
2026-09-28,30,System Price,34.67,7213.799999999996,7101.200000000004,7101.200000000004,10.0,Balanced stack
2026-09-28,30,Tokyo / Chubu,37.92,5949.499999999996,4549.100000000002,4549.100000000002,10.0,Balanced stack
2026-09-28,31,Chugoku / Shikoku / Kyushu,24.0,970.5,890.4999999999982,890.4999999999982,10.0,Thin stack
2026-09-28,31,Hokuriku / Kansai,35.73,3399.2000000000007,288.2999999999993,288.2999999999993,10.0,Solar compression stack
2026-09-28,31,System Price,32.01,7095.199999999997,7639.9000000000015,7095.199999999997,10.0,Balanced stack
2026-09-28,31,Tokyo / Chubu,35.83,3109.199999999997,4306.9000000000015,3109.199999999997,10.0,Balanced stack
2026-09-28,32,Chugoku / Kyushu,23.61,712.8000000000011,821.6999999999989,712.8000000000011,10.0,Thin stack
2026-09-28,32,Hokuriku / Kansai,35.73,2209.6000000000004,290.10000000000036,290.10000000000036,10.0,Solar compression stack
2026-09-28,32,System Price,34.65,5709.5999999999985,5505.5,5505.5,10.0,Balanced stack
2026-09-28,32,Tohoku / Tokyo / Chubu,36.45,5757.0,4495.0,4495.0,10.0,Balanced stack
2026-09-28,33,Chugoku / Kyushu,25.23,889.8999999999996,729.3999999999996,729.3999999999996,10.0,Thin stack
2026-09-28,33,Hokuriku / Kansai,35.9,1388.1999999999998,1169.0,1169.0,10.0,Thin stack
2026-09-28,33,System Price,35.5,6154.199999999997,6921.900000000009,6154.199999999997,10.0,Balanced stack
2026-09-28,33,Tohoku / Tokyo / Chubu,36.21,4955.700000000004,5311.799999999996,4955.700000000004,10.0,Balanced stack
2026-09-28,34,Chugoku / Kyushu,25.3,783.2000000000007,924.1000000000004,783.2000000000007,10.0,Thin stack
2026-09-28,34,Hokkaido / Tohoku / Tokyo / Chubu,35.95,3901.4999999999964,5044.0,3901.4999999999964,10.0,Balanced stack
2026-09-28,34,Hokuriku / Kansai,36.0,1361.8999999999996,1384.5,1361.8999999999996,10.0,Thin stack
2026-09-28,34,System Price,35.73,6711.600000000006,6640.099999999991,6640.099999999991,10.0,Balanced stack
2026-09-28,35,Chugoku / Kyushu,27.35,787.2000000000007,861.4000000000005,787.2000000000007,10.0,Thin stack
2026-09-28,35,System Price,32.11,5548.200000000004,8376.0,5548.200000000004,10.0,Balanced stack
2026-09-28,35,Tohoku / Tokyo / Chubu / Hokuriku / Kansai,34.86,5747.0999999999985,6641.0999999999985,5747.0999999999985,10.0,Balanced stack
2026-09-28,36,Chugoku / Kyushu,27.0,805.8999999999996,793.1000000000004,793.1000000000004,10.0,Thin stack
2026-09-28,36,System Price,32.11,5355.499999999993,8218.200000000004,5355.499999999993,10.0,Balanced stack
2026-09-28,36,Tohoku / Tokyo / Chubu / Hokuriku / Kansai,35.5,5499.9000000000015,6303.300000000003,5499.9000000000015,10.0,Balanced stack
2026-09-28,37,Chugoku / Kyushu,23.61,424.7000000000007,1021.2999999999984,424.7000000000007,10.0,Scarcity stack
2026-09-28,37,System Price,32.01,6117.600000000006,7673.200000000004,6117.600000000006,10.0,Balanced stack
2026-09-28,37,Tohoku / Tokyo / Chubu / Hokuriku / Kansai,35.73,5991.800000000003,5377.699999999997,5377.699999999997,10.0,Balanced stack
2026-09-28,38,Chugoku / Kyushu,23.61,401.6999999999989,1064.4000000000015,401.6999999999989,10.0,Scarcity stack
2026-09-28,38,System Price,32.1,5828.300000000003,6980.699999999997,5828.300000000003,10.0,Balanced stack
2026-09-28,38,Tohoku / Tokyo / Chubu / Hokuriku / Kansai,35.73,5840.0999999999985,4836.0999999999985,4836.0999999999985,10.0,Balanced stack
2026-09-28,39,Chugoku / Kyushu,26.49,613.0,840.6000000000004,613.0,10.0,Thin stack
2026-09-28,39,System Price,28.35,6040.9000000000015,7678.5,6040.9000000000015,10.0,Balanced stack
2026-09-28,39,Tohoku / Tokyo / Chubu / Hokuriku / Kansai,30.0,4635.300000000003,6537.4000000000015,4635.300000000003,10.0,Balanced stack
2026-09-28,40,Hokuriku / Kansai / Chugoku / Kyushu,23.0,868.0,2311.0,868.0,10.0,Thin stack
2026-09-28,40,System Price,25.52,6340.0999999999985,6346.9000000000015,6340.0999999999985,10.0,Balanced stack
2026-09-28,40,Tohoku / Tokyo / Chubu,26.18,4276.0,4803.9000000000015,4276.0,10.0,Balanced stack
2026-09-28,41,Hokuriku / Kansai / Chugoku / Kyushu,19.5,1451.2999999999993,2679.5,1451.2999999999993,10.0,Thin stack
2026-09-28,41,System Price,25.0,6386.5999999999985,6922.799999999996,6386.5999999999985,10.0,Balanced stack
2026-09-28,41,Tohoku / Tokyo / Chubu,26.18,3978.399999999998,5375.0,3978.399999999998,10.0,Balanced stack
2026-09-28,42,Hokuriku / Kansai / Chugoku / Kyushu,18.69,1721.8999999999996,2368.000000000002,1721.8999999999996,10.0,Balanced stack
2026-09-28,42,System Price,24.43,6915.700000000004,6481.5999999999985,6481.5999999999985,10.0,Balanced stack
2026-09-28,42,Tohoku / Tokyo / Chubu,25.85,4417.9000000000015,5066.700000000001,4417.9000000000015,10.0,Balanced stack
2026-09-28,43,Hokuriku / Kansai / Chugoku / Kyushu,17.29,2131.6000000000004,2277.0,2131.6000000000004,10.0,Balanced stack
2026-09-28,43,System Price,23.4,8053.299999999996,6221.5999999999985,6221.5999999999985,10.0,Balanced stack
2026-09-28,43,Tohoku / Tokyo / Chubu,25.0,5226.0,4577.799999999999,4577.799999999999,10.0,Balanced stack
2026-09-28,44,Hokuriku / Kansai / Chugoku / Kyushu,15.52,2750.5,1621.7999999999993,1621.7999999999993,10.0,Balanced stack
2026-09-28,44,System Price,24.0,7584.100000000006,7385.0999999999985,7385.0999999999985,10.0,Balanced stack
2026-09-28,44,Tohoku / Tokyo / Chubu,27.07,3693.5999999999985,7090.799999999999,3693.5999999999985,10.0,Balanced stack
2026-09-28,45,Hokuriku / Kansai / Chugoku / Kyushu,15.5,2808.199999999999,1616.6000000000004,1616.6000000000004,10.0,Balanced stack
2026-09-28,45,System Price,23.99,10236.399999999994,6981.5,6981.5,10.0,Balanced stack
2026-09-28,45,Tohoku / Tokyo / Chubu,28.73,7441.299999999999,7830.0,7441.299999999999,10.0,Balanced stack
2026-09-28,46,Hokuriku / Kansai / Chugoku / Kyushu,10.01,2427.300000000001,2247.699999999999,2247.699999999999,10.0,Balanced stack
2026-09-28,46,System Price,22.5,8231.799999999996,5920.100000000006,5920.100000000006,10.0,Balanced stack
2026-09-28,46,Tohoku / Tokyo / Chubu,27.98,7465.699999999997,6772.800000000003,6772.800000000003,10.0,Balanced stack
2026-09-28,47,Hokuriku / Kansai / Chugoku / Kyushu,9.58,2899.9000000000015,10940.3,2899.9000000000015,10.0,Balanced stack
2026-09-28,47,System Price,22.47,8369.5,5539.999999999993,5539.999999999993,10.0,Balanced stack
2026-09-28,47,Tohoku / Tokyo / Chubu,27.96,7783.800000000003,6810.099999999995,6810.099999999995,10.0,Balanced stack
2026-09-28,48,Hokuriku / Kansai / Chugoku / Kyushu,8.77,2525.4000000000015,10821.2,2525.4000000000015,10.0,Balanced stack
2026-09-28,48,System Price,20.35,10301.899999999994,5936.100000000006,5936.100000000006,10.0,Balanced stack
2026-09-28,48,Tohoku / Tokyo / Chubu,25.62,6661.999999999996,6011.700000000001,6011.700000000001,10.0,Balanced stack
2026-09-22,1,Hokuriku / Kansai / Chugoku / Shikoku / Kyushu,8.41,4426.899999999998,12126.5,4426.899999999998,20.0,Balanced stack
2026-09-22,1,System Price,21.1,13268.699999999997,13784.100000000002,13268.699999999997,20.0,Balanced stack
2026-09-22,1,Tokyo / Chubu,26.06,6019.600000000002,11637.899999999998,6019.600000000002,20.0,Balanced stack
2026-09-22,2,Hokkaido / Tohoku,9.55,1550.3999999999996,3886.8,1550.3999999999996,20.0,Balanced stack
2026-09-22,2,Hokuriku / Kansai / Chugoku / Shikoku / Kyushu,8.41,4450.999999999998,11449.2,4450.999999999998,20.0,Balanced stack
2026-09-22,2,System Price,19.32,13901.199999999997,32064.8,13901.199999999997,20.0,Balanced stack
2026-09-22,2,Tokyo / Chubu,25.76,5915.100000000002,10982.8,5915.100000000002,20.0,Balanced stack
2026-09-22,3,Hokkaido / Tohoku,9.54,1678.7999999999993,3921.3,1678.7999999999993,20.0,Balanced stack
2026-09-22,3,Hokuriku / Kansai / Chugoku / Shikoku / Kyushu,10.24,3954.199999999999,11794.2,3954.199999999999,20.0,Balanced stack
2026-09-22,3,System Price,19.59,14618.099999999999,31195.600000000006,14618.099999999999,20.0,Balanced stack
2026-09-22,3,Tokyo / Chubu,25.01,6718.9000000000015,10268.099999999999,6718.9000000000015,20.0,Balanced stack
2026-09-22,4,Hokkaido / Tohoku,9.54,1880.5,3931.499999999999,1880.5,20.0,Balanced stack
2026-09-22,4,Hokuriku / Kansai / Chugoku / Shikoku / Kyushu,10.1,3916.0999999999985,11776.900000000001,3916.0999999999985,20.0,Balanced stack
2026-09-22,4,System Price,19.0,14796.699999999993,30786.100000000006,14796.699999999993,20.0,Balanced stack
2026-09-22,4,Tokyo / Chubu,24.9,6968.1,9856.5,6968.1,20.0,Balanced stack
2026-09-22,5,Hokuriku / Kansai / Chugoku / Shikoku / Kyushu,9.72,3813.0,11877.199999999999,3813.0,20.0,Balanced stack
2026-09-22,5,System Price,15.0,14301.500000000004,30397.499999999996,14301.500000000004,20.0,Balanced stack
2026-09-22,5,Tokyo / Chubu,24.52,7232.1,9314.2,7232.1,20.0,Balanced stack
2026-09-22,6,Hokuriku / Kansai / Chugoku / Shikoku / Kyushu,10.16,3806.0999999999985,11897.400000000001,3806.0999999999985,20.0,Balanced stack
2026-09-22,6,System Price,16.88,14043.799999999992,30678.000000000007,14043.799999999992,20.0,Balanced stack
2026-09-22,6,Tokyo / Chubu,24.52,7322.499999999998,9282.600000000002,7322.499999999998,20.0,Balanced stack
2026-09-22,7,Hokkaido / Tohoku,9.55,1419.8000000000002,3926.5,1419.8000000000002,20.0,Thin stack
2026-09-22,7,Hokuriku / Kansai / Chugoku / Shikoku / Kyushu,10.28,3180.3999999999996,12114.300000000001,3180.3999999999996,20.0,Balanced stack
2026-09-22,7,System Price,19.0,13873.399999999994,31183.300000000003,13873.399999999994,20.0,Balanced stack
2026-09-22,7,Tokyo / Chubu,24.9,6999.700000000001,9701.599999999999,6999.700000000001,20.0,Balanced stack
2026-09-22,8,Hokkaido / Tohoku,9.54,1360.1999999999998,3933.4999999999995,1360.1999999999998,20.0,Thin stack
2026-09-22,8,Hokuriku / Kansai / Chugoku / Shikoku / Kyushu,10.71,2919.2999999999993,12188.8,2919.2999999999993,20.0,Balanced stack
2026-09-22,8,System Price,19.6,13764.400000000001,31368.399999999998,13764.400000000001,20.0,Balanced stack
2026-09-22,8,Tokyo / Chubu,24.96,6919.799999999999,9837.2,6919.799999999999,20.0,Balanced stack
2026-09-22,9,Hokkaido / Tohoku,9.55,1235.9000000000005,3946.7,1235.9000000000005,20.0,Thin stack
2026-09-22,9,Hokuriku / Kansai / Chugoku / Shikoku / Kyushu,8.72,3393.199999999997,11375.000000000002,3393.199999999997,20.0,Balanced stack
2026-09-22,9,System Price,20.03,13523.999999999993,13013.900000000009,13013.900000000009,20.0,Balanced stack
2026-09-22,9,Tokyo / Chubu,24.96,6993.5,9838.500000000004,6993.5,20.0,Balanced stack
2026-09-22,10,Hokuriku / Kansai / Chugoku / Shikoku / Kyushu,10.17,2957.2000000000025,11870.3,2957.2000000000025,20.0,Balanced stack
2026-09-22,10,System Price,21.74,13029.800000000003,12418.399999999998,12418.399999999998,20.0,Balanced stack
2026-09-22,10,Tokyo / Chubu,25.01,6779.800000000003,10129.3,6779.800000000003,20.0,Balanced stack
2026-09-22,11,Hokkaido / Tohoku,9.67,1101.2999999999993,4255.900000000001,1101.2999999999993,20.0,Thin stack
2026-09-22,11,Hokuriku / Kansai / Chugoku / Shikoku / Kyushu,10.88,3100.9000000000033,12207.3,3100.9000000000033,20.0,Balanced stack
2026-09-22,11,System Price,22.76,12969.5,12936.500000000004,12936.500000000004,20.0,Balanced stack
2026-09-22,11,Tokyo / Chubu,25.18,6741.699999999999,10247.899999999998,6741.699999999999,20.0,Balanced stack
2026-09-22,12,Hokkaido / Tohoku,9.67,1438.5,4184.9,1438.5,20.0,Thin stack
2026-09-22,12,Hokuriku / Kansai / Chugoku / Shikoku / Kyushu,10.03,3396.399999999998,11962.4,3396.399999999998,20.0,Balanced stack
2026-09-22,12,System Price,21.35,13654.7,12639.899999999994,12639.899999999994,20.0,Balanced stack
2026-09-22,12,Tokyo / Chubu,25.18,6843.699999999997,10248.500000000004,6843.699999999997,20.0,Balanced stack
2026-09-22,13,Hokkaido / Tohoku,9.67,1800.9000000000005,4379.699999999999,1800.9000000000005,20.0,Balanced stack
2026-09-22,13,Hokuriku / Kansai / Chugoku / Shikoku / Kyushu,16.91,2582.199999999999,13516.599999999999,2582.199999999999,20.0,Balanced stack
2026-09-22,13,System Price,19.32,14587.100000000006,31482.1,14587.100000000006,20.0,Balanced stack
2026-09-22,13,Tokyo / Chubu,24.84,7556.9000000000015,9655.599999999999,7556.9000000000015,20.0,Balanced stack
2026-09-22,14,Hokuriku / Kansai / Chugoku / Shikoku / Kyushu,10.38,3502.499999999998,12852.1,3502.499999999998,20.0,Balanced stack
2026-09-22,14,System Price,13.76,15152.600000000002,29270.5,15152.600000000002,20.0,Balanced stack
2026-09-22,14,Tokyo / Chubu,23.0,8846.1,8170.200000000001,8170.200000000001,20.0,Balanced stack
2026-09-22,15,Hokkaido / Tohoku,6.6,1852.3000000000002,4070.1,1852.3000000000002,20.0,Balanced stack
2026-09-22,15,Hokuriku / Kansai / Chugoku / Shikoku / Kyushu,9.53,4345.499999999998,12096.3,4345.499999999998,20.0,Balanced stack
2026-09-22,15,System Price,11.1,16670.8,27648.600000000002,16670.8,20.0,Balanced stack
2026-09-22,16,Hokkaido / Tohoku,1.0,2367.4000000000005,3692.5999999999995,2367.4000000000005,20.0,Balanced stack
2026-09-22,16,Kansai / Chugoku / Shikoku / Kyushu,3.54,4501.200000000001,11103.8,4501.200000000001,20.0,Balanced stack
2026-09-22,16,System Price,9.01,18768.2,24406.699999999997,18768.2,20.0,Balanced stack
2026-09-22,17,Hokkaido / Tohoku,0.03,2477.8999999999996,3578.800000000001,2477.8999999999996,20.0,Balanced stack
2026-09-22,17,Kansai / Chugoku / Shikoku / Kyushu,2.24,5382.1,11355.400000000001,5382.1,20.0,Balanced stack
2026-09-22,17,System Price,10.22,18224.4,28123.100000000002,18224.4,20.0,Balanced stack
2026-09-22,18,Hokkaido / Tohoku,0.01,2674.2999999999993,3721.7,2674.2999999999993,20.0,Balanced stack
2026-09-22,18,Kansai / Chugoku / Shikoku,1.75,3524.1000000000004,9465.500000000002,3524.1000000000004,20.0,Balanced stack
2026-09-22,18,System Price,9.63,19488.0,28125.9,19488.0,20.0,Balanced stack
2026-09-22,19,Hokkaido / Tohoku,0.01,2738.2999999999993,3822.500000000001,2738.2999999999993,20.0,Balanced stack
2026-09-22,19,Kansai / Chugoku / Shikoku,2.51,2833.6000000000004,10103.3,2833.6000000000004,20.0,Balanced stack
2026-09-22,19,System Price,9.5,20128.4,28044.900000000005,20128.4,20.0,Balanced stack
2026-09-22,20,Hokkaido / Tohoku,0.01,3207.6000000000004,3915.499999999999,3207.6000000000004,20.0,Balanced stack
2026-09-22,20,Kansai / Chugoku / Shikoku,2.0,2952.999999999998,9896.2,2952.999999999998,20.0,Balanced stack
2026-09-22,20,System Price,6.97,19865.4,27032.699999999997,19865.4,20.0,Balanced stack
2026-09-22,21,Hokkaido / Tohoku,0.01,3218.2999999999993,3979.1000000000004,3218.2999999999993,20.0,Balanced stack
2026-09-22,21,Hokuriku / Kansai / Chugoku / Shikoku,2.51,2983.600000000002,10767.9,2983.600000000002,20.0,Balanced stack
2026-09-22,21,System Price,2.5,16369.699999999997,25359.400000000005,16369.699999999997,20.0,Balanced stack
2026-09-22,21,Tokyo / Chubu,12.01,10217.700000000004,10818.499999999996,10217.700000000004,20.0,Balanced stack
2026-09-22,22,Hokkaido / Tohoku,0.01,3259.000000000002,4006.7999999999993,3259.000000000002,20.0,Balanced stack
2026-09-22,22,Hokuriku / Kansai / Chugoku / Shikoku,2.6,2993.899999999998,10824.8,2993.899999999998,20.0,Balanced stack
2026-09-22,22,System Price,1.5,16576.0,25207.800000000007,16576.0,20.0,Balanced stack
2026-09-22,22,Tokyo / Chubu,11.72,10474.599999999999,10545.699999999997,10474.599999999999,20.0,Balanced stack
2026-09-22,23,Hokkaido / Tohoku,0.01,3269.7999999999993,4065.7000000000007,3269.7999999999993,20.0,Balanced stack
2026-09-22,23,Kansai / Chugoku / Shikoku,2.0,2922.8999999999996,10228.499999999998,2922.8999999999996,20.0,Balanced stack
2026-09-22,23,System Price,1.0,17133.100000000006,24878.7,17133.100000000006,20.0,Balanced stack
2026-09-22,23,Tokyo / Chubu,12.16,10060.500000000004,10916.499999999996,10060.500000000004,20.0,Balanced stack
2026-09-22,24,Hokkaido / Tohoku,0.01,3280.7999999999993,4082.7000000000007,3280.7999999999993,20.0,Balanced stack
2026-09-22,24,Kansai / Chugoku / Shikoku,0.03,3449.199999999999,9674.7,3449.199999999999,20.0,Balanced stack
2026-09-22,24,System Price,0.7,17164.699999999997,24389.000000000004,17164.699999999997,20.0,Balanced stack
2026-09-22,24,Tokyo / Chubu,13.06,10612.900000000005,10769.899999999998,10612.900000000005,20.0,Balanced stack
2026-09-22,25,Hokkaido / Tohoku,0.0,7054.0999999999985,0.0,0.0,20.0,Solar compression stack
2026-09-22,25,Kansai / Chugoku / Shikoku / Kyushu,0.01,6177.599999999997,13006.5,6177.599999999997,20.0,Balanced stack
2026-09-22,25,System Price,0.05,17280.200000000004,24096.8,17280.200000000004,20.0,Balanced stack
2026-09-22,26,Hokkaido / Tohoku,0.01,3247.0,4067.5,3247.0,20.0,Balanced stack
2026-09-22,26,Kansai / Chugoku / Shikoku / Kyushu,0.01,6191.799999999999,12825.3,6191.799999999999,20.0,Balanced stack
2026-09-22,26,System Price,1.0,17025.0,24819.399999999998,17025.0,20.0,Balanced stack
2026-09-22,27,Hokkaido / Tohoku,0.01,2838.1000000000004,4014.8,2838.1000000000004,20.0,Balanced stack
2026-09-22,27,Kansai / Chugoku / Shikoku / Kyushu,0.01,6138.0999999999985,12459.600000000002,6138.0999999999985,20.0,Balanced stack
2026-09-22,27,System Price,2.5,14597.799999999996,25819.1,14597.799999999996,20.0,Balanced stack
2026-09-22,27,Tokyo / Chubu,22.44,11484.399999999998,6364.600000000002,6364.600000000002,20.0,Balanced stack
2026-09-22,28,Hokkaido / Tohoku,0.01,2750.0,3984.9000000000005,2750.0,20.0,Balanced stack
2026-09-22,28,Kansai / Chugoku / Shikoku / Kyushu,0.01,6290.300000000001,11958.2,6290.300000000001,20.0,Balanced stack
2026-09-22,28,System Price,5.45,16934.700000000004,27086.399999999998,16934.700000000004,20.0,Balanced stack
2026-09-22,28,Tokyo / Chubu,24.0,10828.899999999998,6584.800000000003,6584.800000000003,20.0,Balanced stack
2026-09-22,29,Chugoku / Shikoku / Kyushu,0.01,4626.0,6663.199999999999,4626.0,20.0,Balanced stack
2026-09-22,29,Hokkaido / Tohoku,0.01,2697.300000000001,3820.699999999999,2697.300000000001,20.0,Balanced stack
2026-09-22,29,System Price,3.01,12383.800000000003,25311.0,12383.800000000003,20.0,Balanced stack
2026-09-22,29,Tokyo / Chubu,24.76,9700.500000000004,7548.599999999995,7548.599999999995,20.0,Balanced stack
2026-09-22,30,Chugoku / Shikoku / Kyushu,0.01,4424.6,6389.200000000001,4424.6,20.0,Balanced stack
2026-09-22,30,Hokkaido / Tohoku,0.01,2594.500000000001,3703.499999999999,2594.500000000001,20.0,Balanced stack
2026-09-22,30,System Price,10.28,17590.4,29527.6,17590.4,20.0,Balanced stack
2026-09-22,30,Tokyo / Chubu,26.01,8566.899999999998,10521.5,8566.899999999998,20.0,Balanced stack
2026-09-22,31,Hokkaido / Tohoku,0.01,2424.199999999999,3551.300000000001,2424.199999999999,20.0,Balanced stack
2026-09-22,31,Kansai / Chugoku / Shikoku / Kyushu,4.8,4922.900000000003,11733.099999999997,4922.900000000003,20.0,Balanced stack
2026-09-22,31,System Price,12.01,14417.200000000004,30968.199999999997,14417.200000000004,20.0,Balanced stack
2026-09-22,31,Tokyo / Chubu,28.21,7958.100000000002,12042.0,7958.100000000002,20.0,Balanced stack
2026-09-22,32,Hokkaido / Tohoku,0.01,2193.300000000001,3441.6000000000004,2193.300000000001,20.0,Balanced stack
2026-09-22,32,Kansai / Chugoku / Shikoku / Kyushu,8.0,5601.400000000003,12442.799999999997,5601.400000000003,20.0,Balanced stack
2026-09-22,32,System Price,16.83,16621.9,34249.99999999999,16621.9,20.0,Balanced stack
2026-09-22,33,Hokkaido / Tohoku,0.7,2067.3,3623.2999999999993,2067.3,20.0,Balanced stack
2026-09-22,33,Hokuriku / Kansai / Chugoku / Shikoku / Kyushu,8.06,6817.0999999999985,12869.5,6817.0999999999985,20.0,Balanced stack
2026-09-22,33,System Price,22.48,16019.599999999999,15772.200000000004,15772.200000000004,20.0,Balanced stack
2026-09-22,34,Hokkaido / Tohoku,9.5,1665.6000000000004,4198.900000000001,1665.6000000000004,20.0,Balanced stack
2026-09-22,34,Hokuriku / Kansai / Chugoku / Shikoku / Kyushu,10.08,5455.1,13373.699999999999,5455.1,20.0,Balanced stack
2026-09-22,34,System Price,25.71,12828.499999999993,17550.300000000003,12828.499999999993,20.0,Balanced stack
2026-09-22,35,Hokkaido / Tohoku,9.67,1131.2000000000007,4596.9,1131.2000000000007,20.0,Thin stack
2026-09-22,35,Hokuriku / Kansai / Chugoku / Shikoku / Kyushu,11.85,4851.299999999999,13356.6,4851.299999999999,20.0,Balanced stack
2026-09-22,35,System Price,26.5,12401.5,17357.4,12401.5,20.0,Balanced stack
2026-09-22,36,Hokkaido / Tohoku,9.67,1183.0,4564.6,1183.0,20.0,Thin stack
2026-09-22,36,Hokuriku / Kansai / Chugoku / Shikoku / Kyushu,16.0,4643.0999999999985,14961.400000000001,4643.0999999999985,20.0,Balanced stack
2026-09-22,36,System Price,28.54,9251.599999999999,19078.6,9251.599999999999,20.0,Balanced stack
2026-09-22,37,Hokkaido / Tohoku,9.7,785.2999999999993,4706.6,785.2999999999993,20.0,Thin stack
2026-09-22,37,Hokuriku / Kansai / Chugoku / Shikoku / Kyushu,16.02,4260.699999999995,15127.300000000001,4260.699999999995,20.0,Balanced stack
2026-09-22,37,System Price,28.3,9560.899999999994,18885.299999999996,9560.899999999994,20.0,Balanced stack
2026-09-22,38,Hokkaido / Tohoku,10.68,700.6000000000004,4774.900000000001,700.6000000000004,20.0,Thin stack
2026-09-22,38,Hokuriku / Kansai / Chugoku / Shikoku / Kyushu,14.96,4403.800000000003,14706.999999999996,4403.800000000003,20.0,Balanced stack
2026-09-22,38,System Price,28.29,9240.899999999994,18722.699999999997,9240.899999999994,20.0,Balanced stack
2026-09-22,39,Hokkaido / Tohoku,17.5,1273.2999999999993,4947.300000000001,1273.2999999999993,20.0,Thin stack
2026-09-22,39,Hokuriku / Kansai / Chugoku / Shikoku / Kyushu,12.74,4303.5999999999985,13810.300000000001,4303.5999999999985,20.0,Balanced stack
2026-09-22,39,System Price,27.92,9066.699999999997,17975.800000000003,9066.699999999997,20.0,Balanced stack
2026-09-22,40,Hokkaido / Tohoku,19.95,1182.3999999999996,4999.9,1182.3999999999996,20.0,Thin stack
2026-09-22,40,Hokuriku / Kansai / Chugoku / Shikoku / Kyushu,9.92,4795.000000000004,12856.199999999999,4795.000000000004,20.0,Balanced stack
2026-09-22,40,System Price,26.05,9078.599999999999,16748.299999999996,9078.599999999999,20.0,Balanced stack
2026-09-22,41,Hokkaido / Tohoku,20.19,1171.8000000000002,1618.5999999999995,1171.8000000000002,20.0,Thin stack
2026-09-22,41,Hokuriku / Kansai / Chugoku / Shikoku / Kyushu,9.63,4975.500000000002,12617.699999999999,4975.500000000002,20.0,Balanced stack
2026-09-22,41,System Price,24.9,9880.899999999994,16190.300000000003,9880.899999999994,20.0,Balanced stack
2026-09-22,41,Tokyo / Chubu,33.95,8512.999999999998,10934.5,8512.999999999998,20.0,Balanced stack
2026-09-22,42,Hokkaido / Tohoku,20.01,1164.1000000000004,1686.4000000000005,1164.1000000000004,20.0,Thin stack
2026-09-22,42,Hokuriku / Kansai / Chugoku / Shikoku / Kyushu,9.17,5226.600000000002,12178.500000000002,5226.600000000002,20.0,Balanced stack
2026-09-22,42,System Price,24.45,10567.900000000001,15690.0,10567.900000000001,20.0,Balanced stack
2026-09-22,42,Tokyo / Chubu,33.31,8017.1,11651.7,8017.1,20.0,Balanced stack
2026-09-22,43,Hokkaido / Tohoku,25.9,1009.1999999999998,1471.5,1009.1999999999998,20.0,Thin stack
2026-09-22,43,Hokuriku / Kansai / Chugoku / Shikoku / Kyushu,10.5,4363.0,13117.199999999999,4363.0,20.0,Balanced stack
2026-09-22,43,System Price,24.49,10616.599999999999,15838.300000000003,10616.599999999999,20.0,Balanced stack
2026-09-22,43,Tokyo / Chubu,32.52,8673.7,10661.400000000001,8673.7,20.0,Balanced stack
2026-09-22,44,Hokkaido / Tohoku,29.0,845.9000000000005,1516.8999999999996,845.9000000000005,20.0,Thin stack
2026-09-22,44,Hokuriku / Kansai / Chugoku / Shikoku / Kyushu,9.92,4611.799999999997,12881.700000000003,4611.799999999997,20.0,Balanced stack
2026-09-22,44,System Price,24.32,10987.899999999994,14975.800000000003,10987.899999999994,20.0,Balanced stack
2026-09-22,44,Tokyo / Chubu,32.52,8240.099999999995,10580.800000000003,8240.099999999995,20.0,Balanced stack
2026-09-22,45,Hokkaido / Tohoku,19.0,1150.5,4723.900000000001,1150.5,20.0,Thin stack
2026-09-22,45,Hokuriku / Kansai / Chugoku / Shikoku / Kyushu,10.95,4408.199999999999,13098.9,4408.199999999999,20.0,Balanced stack
2026-09-22,45,System Price,23.56,13171.100000000006,13652.800000000003,13171.100000000006,20.0,Balanced stack
2026-09-22,45,Tokyo / Chubu,32.52,10398.9,9833.600000000002,9833.600000000002,20.0,Balanced stack
2026-09-22,46,Hokkaido / Tohoku,20.22,1085.8999999999996,1698.1999999999998,1085.8999999999996,20.0,Thin stack
2026-09-22,46,Hokuriku / Kansai / Chugoku / Shikoku / Kyushu,10.01,4889.700000000001,12760.4,4889.700000000001,20.0,Balanced stack
2026-09-22,46,System Price,22.76,14217.599999999999,13318.300000000003,13318.300000000003,20.0,Balanced stack
2026-09-22,46,Tokyo / Chubu,32.52,9876.900000000003,10650.999999999996,9876.900000000003,20.0,Balanced stack
2026-09-22,47,Hokkaido / Tohoku,13.22,904.8000000000002,4908.2,904.8000000000002,20.0,Thin stack
2026-09-22,47,Hokuriku / Kansai / Chugoku / Shikoku / Kyushu,9.87,4388.9000000000015,12611.999999999998,4388.9000000000015,20.0,Balanced stack
2026-09-22,47,System Price,22.5,14022.099999999999,13150.0,13150.0,20.0,Balanced stack
2026-09-22,47,Tokyo / Chubu,32.0,10359.699999999999,10259.200000000004,10259.200000000004,20.0,Balanced stack
2026-09-22,48,Hokkaido / Tohoku,10.68,887.1999999999998,4797.099999999999,887.1999999999998,20.0,Thin stack
2026-09-22,48,Hokuriku / Kansai / Chugoku / Shikoku / Kyushu,8.0,5183.499999999998,11250.9,5183.499999999998,20.0,Balanced stack
2026-09-22,48,System Price,20.0,14866.399999999998,31215.700000000004,14866.399999999998,20.0,Balanced stack
2026-09-22,48,Tokyo / Chubu,28.02,6401.5999999999985,10622.7,6401.5999999999985,20.0,Balanced stack
2026-09-23,1,Hokuriku / Kansai / Chugoku / Shikoku / Kyushu,8.06,4744.800000000001,11543.3,4744.800000000001,20.0,Balanced stack
2026-09-23,1,System Price,22.19,13715.0,13334.099999999999,13334.099999999999,20.0,Balanced stack
2026-09-23,1,Tohoku / Tokyo / Chubu,27.22,6995.299999999999,11694.300000000003,6995.299999999999,20.0,Balanced stack
2026-09-23,2,Hokuriku / Kansai / Chugoku / Shikoku / Kyushu,8.78,4410.800000000001,11664.499999999998,4410.800000000001,20.0,Balanced stack
2026-09-23,2,System Price,21.01,13854.400000000001,12332.399999999994,12332.399999999994,20.0,Balanced stack
2026-09-23,2,Tokyo / Chubu,26.71,6275.500000000004,9816.199999999997,6275.500000000004,20.0,Balanced stack
2026-09-23,3,Hokuriku / Kansai / Chugoku / Shikoku / Kyushu,9.87,3988.0,11792.8,3988.0,20.0,Balanced stack
2026-09-23,3,System Price,20.0,14092.799999999996,30906.600000000006,14092.799999999996,20.0,Balanced stack
2026-09-23,3,Tokyo / Chubu,26.04,6630.200000000001,9268.0,6630.200000000001,20.0,Balanced stack
2026-09-23,4,Hokuriku / Kansai / Chugoku / Shikoku / Kyushu,9.87,3889.1000000000004,11797.3,3889.1000000000004,20.0,Balanced stack
2026-09-23,4,System Price,17.4,14340.600000000002,29774.5,14340.600000000002,20.0,Balanced stack
2026-09-23,4,Tokyo / Chubu,25.01,7341.799999999999,8448.7,7341.799999999999,20.0,Balanced stack
2026-09-23,5,Hokuriku / Kansai / Chugoku / Shikoku / Kyushu,9.76,4197.300000000001,11700.099999999999,4197.300000000001,20.0,Balanced stack
2026-09-23,5,System Price,16.11,13955.099999999991,29491.10000000001,13955.099999999991,20.0,Balanced stack
2026-09-23,5,Tokyo / Chubu,25.0,7467.300000000003,7988.9000000000015,7467.300000000003,20.0,Balanced stack
2026-09-23,6,Hokkaido / Tohoku,16.2,495.8000000000002,4704.6,495.8000000000002,20.0,Scarcity stack
2026-09-23,6,Hokuriku / Kansai / Chugoku / Shikoku / Kyushu,10.28,3721.800000000001,12088.2,3721.800000000001,20.0,Balanced stack
2026-09-23,6,System Price,17.1,13488.199999999997,29670.100000000002,13488.199999999997,20.0,Balanced stack
2026-09-23,6,Tokyo / Chubu,24.8,7870.5999999999985,7555.399999999998,7555.399999999998,20.0,Balanced stack
2026-09-23,7,Hokkaido / Tohoku,20.33,497.7999999999993,2148.2,497.7999999999993,20.0,Scarcity stack
2026-09-23,7,Hokuriku / Kansai / Chugoku / Shikoku / Kyushu,10.38,3364.300000000001,12450.8,3364.300000000001,20.0,Balanced stack
2026-09-23,7,System Price,19.61,13792.099999999999,31151.100000000002,13792.099999999999,20.0,Balanced stack
2026-09-23,7,Tokyo / Chubu,25.0,7426.799999999999,8700.3,7426.799999999999,20.0,Balanced stack
2026-09-23,8,Hokkaido / Tohoku,21.01,429.2999999999993,2070.2,429.2999999999993,20.0,Scarcity stack
2026-09-23,8,Hokuriku / Kansai / Chugoku / Shikoku / Kyushu,11.7,2698.699999999999,12749.300000000001,2698.699999999999,20.0,Balanced stack
2026-09-23,8,System Price,21.1,12373.400000000005,11732.400000000001,11732.400000000001,20.0,Balanced stack
2026-09-23,8,Tokyo / Chubu,26.08,6530.0,8306.099999999999,6530.0,20.0,Balanced stack
2026-09-23,9,Hokkaido / Tohoku,25.0,449.60000000000036,1984.3999999999996,449.60000000000036,20.0,Scarcity stack
2026-09-23,9,Hokuriku / Kansai / Chugoku / Shikoku / Kyushu,8.62,3396.2000000000007,11776.9,3396.2000000000007,20.0,Balanced stack
2026-09-23,9,System Price,22.01,12576.0,12508.900000000001,12508.900000000001,20.0,Balanced stack
2026-09-23,9,Tokyo / Chubu,26.1,6681.199999999997,9193.2,6681.199999999997,20.0,Balanced stack
2026-09-23,10,Hokkaido / Tohoku,26.23,306.6999999999989,1943.7000000000007,306.6999999999989,20.0,Scarcity stack
2026-09-23,10,Hokuriku / Kansai / Chugoku / Shikoku / Kyushu,10.95,2954.399999999998,12314.400000000001,2954.399999999998,20.0,Balanced stack
2026-09-23,10,System Price,24.24,11575.899999999998,13385.599999999999,11575.899999999998,20.0,Balanced stack
2026-09-23,10,Tokyo / Chubu,26.41,6341.700000000001,9529.599999999999,6341.700000000001,20.0,Balanced stack
2026-09-23,11,Hokuriku / Kansai / Chugoku / Shikoku / Kyushu,12.1,2638.300000000001,12342.999999999998,2638.300000000001,20.0,Balanced stack
2026-09-23,11,System Price,23.5,11981.5,12818.599999999999,11981.5,20.0,Balanced stack
2026-09-23,11,Tohoku / Tokyo / Chubu,25.35,7452.9000000000015,10412.7,7452.9000000000015,20.0,Balanced stack
2026-09-23,12,Hokuriku / Kansai / Chugoku / Shikoku / Kyushu,10.95,3063.6000000000004,12099.699999999999,3063.6000000000004,20.0,Balanced stack
2026-09-23,12,System Price,21.1,12740.600000000002,12666.400000000001,12666.400000000001,20.0,Balanced stack
2026-09-23,12,Tokyo / Chubu,25.12,7614.5,8600.399999999998,7614.5,20.0,Balanced stack
2026-09-23,13,Hokuriku / Kansai / Chugoku / Shikoku / Kyushu,12.4,3115.2000000000007,12622.699999999999,3115.2000000000007,20.0,Balanced stack
2026-09-23,13,System Price,18.45,14392.499999999996,29331.9,14392.499999999996,20.0,Balanced stack
2026-09-23,13,Tokyo / Chubu,24.73,8179.900000000003,6993.699999999997,6993.699999999997,20.0,Balanced stack
2026-09-23,14,Hokuriku / Kansai / Chugoku / Shikoku / Kyushu,9.83,3944.899999999998,11747.7,3944.899999999998,20.0,Balanced stack
2026-09-23,14,System Price,13.57,14399.0,27410.200000000004,14399.0,20.0,Balanced stack
2026-09-23,14,Tokyo / Chubu,24.44,8376.199999999997,6913.800000000003,6913.800000000003,20.0,Balanced stack
2026-09-23,15,Hokkaido / Tohoku,9.19,1295.8999999999996,4351.4000000000015,1295.8999999999996,20.0,Thin stack
2026-09-23,15,Hokuriku / Kansai / Chugoku / Shikoku / Kyushu,8.16,5089.500000000002,11216.4,5089.500000000002,20.0,Balanced stack
2026-09-23,15,System Price,10.4,15635.199999999997,26422.199999999997,15635.199999999997,20.0,Balanced stack
2026-09-23,15,Tokyo / Chubu,24.41,8363.600000000002,7188.700000000001,7188.700000000001,20.0,Balanced stack
2026-09-23,16,Kansai / Chugoku / Shikoku / Kyushu,5.89,5177.999999999998,10780.300000000001,5177.999999999998,20.0,Balanced stack
2026-09-23,16,System Price,10.39,16728.800000000003,27020.7,16728.800000000003,20.0,Balanced stack
2026-09-23,16,Tokyo / Chubu,24.41,8513.2,7859.600000000002,7859.600000000002,20.0,Balanced stack
2026-09-23,17,Kansai / Chugoku / Shikoku / Kyushu,3.0,4979.299999999999,11116.6,4979.299999999999,20.0,Balanced stack
2026-09-23,17,System Price,10.01,17359.80000000001,27225.799999999996,17359.80000000001,20.0,Balanced stack
2026-09-23,17,Tokyo / Chubu,24.35,9059.900000000001,7637.799999999999,7637.799999999999,20.0,Balanced stack
2026-09-23,18,Kansai / Chugoku / Shikoku / Kyushu,2.9,4850.199999999999,11700.3,4850.199999999999,20.0,Balanced stack
2026-09-23,18,System Price,10.29,17031.5,28608.100000000006,17031.5,20.0,Balanced stack
2026-09-23,18,Tokyo / Chubu,25.06,8694.400000000005,8920.299999999996,8694.400000000005,20.0,Balanced stack
2026-09-23,19,Chugoku / Shikoku / Kyushu,1.0,4008.199999999999,6627.200000000002,4008.199999999999,20.0,Balanced stack
2026-09-23,19,System Price,9.6,18008.100000000006,28657.999999999993,18008.100000000006,20.0,Balanced stack
2026-09-23,19,Tokyo / Chubu,24.5,9663.900000000001,8409.900000000001,8409.900000000001,20.0,Balanced stack
2026-09-23,20,Chugoku / Shikoku / Kyushu,0.03,4213.800000000001,6620.199999999999,4213.800000000001,20.0,Balanced stack
2026-09-23,20,System Price,10.0,17730.5,29617.700000000004,17730.5,20.0,Balanced stack
2026-09-23,20,Tokyo / Chubu,26.06,8923.000000000004,9599.5,8923.000000000004,20.0,Balanced stack
2026-09-23,21,Chugoku / Shikoku / Kyushu,0.01,4491.700000000001,6930.9,4491.700000000001,20.0,Balanced stack
2026-09-23,21,System Price,9.99,17643.4,30322.099999999995,17643.4,20.0,Balanced stack
2026-09-23,21,Tokyo / Chubu,24.63,9261.699999999997,8483.5,8483.5,20.0,Balanced stack
2026-09-23,22,Chugoku / Shikoku / Kyushu,0.01,4496.1,7166.299999999999,4496.1,20.0,Balanced stack
2026-09-23,22,Hokuriku / Kansai,8.88,1539.1000000000004,6041.700000000001,1539.1000000000004,20.0,Balanced stack
2026-09-23,22,System Price,9.63,17489.899999999994,30457.200000000004,17489.899999999994,20.0,Balanced stack
2026-09-23,22,Tokyo / Chubu,24.63,9693.2,8553.0,8553.0,20.0,Balanced stack
2026-09-23,23,Chugoku / Shikoku / Kyushu,0.01,4454.9000000000015,7140.8,4454.9000000000015,20.0,Balanced stack
2026-09-23,23,Hokuriku / Kansai,8.29,1593.3999999999978,6026.700000000001,1593.3999999999978,20.0,Balanced stack
2026-09-23,23,System Price,8.79,18214.5,28947.699999999997,18214.5,20.0,Balanced stack
2026-09-23,23,Tokyo / Chubu,22.61,10871.899999999998,7511.0999999999985,7511.0999999999985,20.0,Balanced stack
2026-09-23,24,Chugoku / Shikoku / Kyushu,0.01,4464.9000000000015,7244.0,4464.9000000000015,20.0,Balanced stack
2026-09-23,24,Hokuriku / Kansai,8.68,1571.7000000000007,6053.900000000001,1571.7000000000007,20.0,Balanced stack
2026-09-23,24,System Price,7.85,18265.899999999994,27776.200000000004,18265.899999999994,20.0,Balanced stack
2026-09-23,24,Tokyo / Chubu,21.74,10771.400000000005,6790.899999999998,6790.899999999998,20.0,Balanced stack
2026-09-23,25,Chugoku / Shikoku / Kyushu,0.01,4412.200000000001,6986.9,4412.200000000001,20.0,Balanced stack
2026-09-23,25,Hokuriku / Kansai,9.9,1499.0999999999985,6104.200000000002,1499.0999999999985,20.0,Thin stack
2026-09-23,25,System Price,6.44,17092.9,27329.300000000003,17092.9,20.0,Balanced stack
2026-09-23,26,Chugoku / Shikoku / Kyushu,0.01,4448.0,6721.0,4448.0,20.0,Balanced stack
2026-09-23,26,Hokuriku / Kansai,9.9,1290.2000000000007,6314.699999999999,1290.2000000000007,20.0,Thin stack
2026-09-23,26,System Price,9.62,18423.799999999996,29216.0,18423.799999999996,20.0,Balanced stack
2026-09-23,27,Chugoku / Shikoku / Kyushu,0.01,4405.699999999999,6766.4,4405.699999999999,20.0,Balanced stack
2026-09-23,27,Hokuriku / Kansai,12.9,1150.199999999999,6523.599999999999,1150.199999999999,20.0,Thin stack
2026-09-23,27,System Price,10.1,19411.700000000004,29586.1,19411.700000000004,20.0,Balanced stack
2026-09-23,27,Tokyo / Chubu,23.9,10697.100000000002,7175.200000000001,7175.200000000001,20.0,Balanced stack
2026-09-23,28,Chugoku / Shikoku / Kyushu,1.0,3996.199999999999,6706.1,3996.199999999999,20.0,Balanced stack
2026-09-23,28,Hokuriku / Kansai,17.1,1601.300000000001,6883.299999999999,1601.300000000001,20.0,Balanced stack
2026-09-23,28,System Price,11.24,17301.9,30858.599999999995,17301.9,20.0,Balanced stack
2026-09-23,28,Tokyo / Chubu,23.9,10320.8,6959.700000000001,6959.700000000001,20.0,Balanced stack
2026-09-23,29,Chugoku / Shikoku / Kyushu,2.88,3490.9000000000015,6547.5999999999985,3490.9000000000015,20.0,Balanced stack
2026-09-23,29,Hokuriku / Kansai,17.1,1784.1000000000004,6850.2,1784.1000000000004,20.0,Balanced stack
2026-09-23,29,System Price,10.94,17624.1,29524.799999999996,17624.1,20.0,Balanced stack
2026-09-23,29,Tokyo / Chubu,24.74,9777.100000000002,8039.4000000000015,8039.4000000000015,20.0,Balanced stack
2026-09-23,30,Chugoku / Shikoku / Kyushu,2.6,3520.7999999999993,6090.199999999999,3520.7999999999993,20.0,Balanced stack
2026-09-23,30,Hokuriku / Kansai,20.0,1757.5,7137.699999999999,1757.5,20.0,Balanced stack
2026-09-23,30,System Price,12.3,16085.199999999997,30591.7,16085.199999999997,20.0,Balanced stack
2026-09-23,30,Tokyo / Chubu,25.77,8770.399999999998,9245.399999999998,8770.399999999998,20.0,Balanced stack
2026-09-23,31,Chugoku / Shikoku / Kyushu,8.09,3472.100000000002,6854.5999999999985,3472.100000000002,20.0,Balanced stack
2026-09-23,31,Hokuriku / Kansai,14.32,2484.699999999999,6588.500000000001,2484.699999999999,20.0,Balanced stack
2026-09-23,31,System Price,13.71,16318.599999999999,31345.7,16318.599999999999,20.0,Balanced stack
2026-09-23,31,Tokyo / Chubu,27.36,9495.599999999995,9319.900000000001,9319.900000000001,20.0,Balanced stack
2026-09-23,32,Hokuriku / Kansai / Chugoku / Shikoku / Kyushu,8.16,5329.699999999999,12825.0,5329.699999999999,20.0,Balanced stack
2026-09-23,32,System Price,17.47,16024.700000000004,33766.200000000004,16024.700000000004,20.0,Balanced stack
2026-09-23,32,Tokyo / Chubu,28.29,8214.900000000001,11333.2,8214.900000000001,20.0,Balanced stack
2026-09-23,33,Hokuriku / Kansai / Chugoku / Shikoku / Kyushu,8.0,6463.200000000001,11776.400000000001,6463.200000000001,20.0,Balanced stack
2026-09-23,33,System Price,23.5,15862.400000000001,15194.700000000004,15194.700000000004,20.0,Balanced stack
2026-09-23,33,Tokyo / Chubu,30.11,10923.700000000004,13479.399999999998,10923.700000000004,20.0,Balanced stack
2026-09-23,34,Hokuriku / Kansai / Chugoku / Shikoku / Kyushu,10.25,5112.199999999999,13059.4,5112.199999999999,20.0,Balanced stack
2026-09-23,34,System Price,26.48,13696.899999999994,16872.6,13696.899999999994,20.0,Balanced stack
2026-09-23,34,Tohoku / Tokyo / Chubu,34.9,10926.699999999997,11787.0,10926.699999999997,20.0,Balanced stack
2026-09-23,35,Hokuriku / Kansai / Chugoku / Shikoku / Kyushu,10.95,5144.699999999997,13243.2,5144.699999999997,20.0,Balanced stack
2026-09-23,35,System Price,26.35,13869.099999999999,16489.6,13869.099999999999,20.0,Balanced stack
2026-09-23,35,Tohoku / Tokyo / Chubu,34.28,10348.500000000004,11133.399999999998,10348.500000000004,20.0,Balanced stack
2026-09-23,36,Hokuriku / Kansai / Chugoku / Shikoku / Kyushu,16.51,5310.200000000003,14578.499999999998,5310.200000000003,20.0,Balanced stack
2026-09-23,36,System Price,27.56,11864.300000000003,17096.299999999996,11864.300000000003,20.0,Balanced stack
2026-09-23,36,Tohoku / Tokyo / Chubu,34.31,10403.899999999998,10760.0,10403.899999999998,20.0,Balanced stack
2026-09-23,37,Hokuriku / Kansai / Chugoku / Shikoku / Kyushu,16.66,5187.300000000001,14494.400000000001,5187.300000000001,20.0,Balanced stack
2026-09-23,37,System Price,27.91,11866.900000000001,16667.999999999993,11866.900000000001,20.0,Balanced stack
2026-09-23,37,Tohoku / Tokyo / Chubu,34.5,9813.0,10964.699999999997,9813.0,20.0,Balanced stack
2026-09-23,38,Hokuriku / Kansai / Chugoku / Shikoku / Kyushu,15.9,5121.300000000003,14431.099999999999,5121.300000000003,20.0,Balanced stack
2026-09-23,38,System Price,27.92,10850.900000000001,16621.299999999996,10850.900000000001,20.0,Balanced stack
2026-09-23,38,Tohoku / Tokyo / Chubu,34.5,9781.600000000002,10483.2,9781.600000000002,20.0,Balanced stack
2026-09-23,39,Hokuriku / Kansai / Chugoku / Shikoku / Kyushu,14.61,5246.699999999999,14094.699999999997,5246.699999999999,20.0,Balanced stack
2026-09-23,39,System Price,26.7,10767.699999999997,16296.099999999999,10767.699999999997,20.0,Balanced stack
2026-09-23,39,Tohoku / Tokyo / Chubu,34.6,9686.2,10495.199999999997,9686.2,20.0,Balanced stack
2026-09-23,40,Hokuriku / Kansai / Chugoku / Shikoku / Kyushu,12.09,4591.4000000000015,13010.4,4591.4000000000015,20.0,Balanced stack
2026-09-23,40,System Price,25.0,10390.400000000001,16498.6,10390.400000000001,20.0,Balanced stack
2026-09-23,40,Tohoku / Tokyo / Chubu,33.5,9521.499999999996,11469.300000000003,9521.499999999996,20.0,Balanced stack
2026-09-23,41,Hokuriku / Kansai / Chugoku / Shikoku / Kyushu,13.47,5001.899999999998,13251.6,5001.899999999998,20.0,Balanced stack
2026-09-23,41,System Price,25.0,10642.399999999994,16188.000000000007,10642.399999999994,20.0,Balanced stack
2026-09-23,41,Tohoku / Tokyo / Chubu,33.28,9509.899999999998,11945.400000000001,9509.899999999998,20.0,Balanced stack
2026-09-23,42,Hokuriku / Kansai / Chugoku / Shikoku / Kyushu,10.4,4718.9,12744.2,4718.9,20.0,Balanced stack
2026-09-23,42,System Price,24.41,11646.299999999996,15399.400000000001,11646.299999999996,20.0,Balanced stack
2026-09-23,42,Tohoku / Tokyo / Chubu,31.5,9900.099999999999,11974.7,9900.099999999999,20.0,Balanced stack
2026-09-23,43,Hokuriku / Kansai / Chugoku / Shikoku / Kyushu,12.61,4328.9,13261.7,4328.9,20.0,Balanced stack
2026-09-23,43,System Price,24.38,11850.0,15734.099999999999,11850.0,20.0,Balanced stack
2026-09-23,43,Tohoku / Tokyo / Chubu,30.11,9798.0,13570.799999999996,9798.0,20.0,Balanced stack
2026-09-23,44,Hokuriku / Kansai / Chugoku / Shikoku / Kyushu,10.01,4929.200000000001,12558.0,4929.200000000001,20.0,Balanced stack
2026-09-23,44,System Price,23.82,12791.400000000001,14228.700000000004,12791.400000000001,20.0,Balanced stack
2026-09-23,44,Tohoku / Tokyo / Chubu,30.01,3963.800000000003,12791.899999999994,3963.800000000003,20.0,Balanced stack
2026-09-23,45,Hokuriku / Kansai / Chugoku / Shikoku / Kyushu,12.09,4147.699999999997,13096.7,4147.699999999997,20.0,Balanced stack
2026-09-23,45,System Price,23.0,14888.499999999993,12663.800000000003,12663.800000000003,20.0,Balanced stack
2026-09-23,45,Tohoku / Tokyo / Chubu,32.0,12034.8,10695.3,10695.3,20.0,Balanced stack
2026-09-23,46,Hokuriku / Kansai / Chugoku / Shikoku / Kyushu,10.95,4063.7999999999993,12951.000000000002,4063.7999999999993,20.0,Balanced stack
2026-09-23,46,System Price,22.5,15037.100000000002,12530.400000000001,12530.400000000001,20.0,Balanced stack
2026-09-23,46,Tohoku / Tokyo / Chubu,30.11,11635.499999999998,11784.8,11635.499999999998,20.0,Balanced stack
2026-09-23,47,Hokuriku / Kansai / Chugoku / Shikoku / Kyushu,10.95,4034.7000000000007,12726.1,4034.7000000000007,20.0,Balanced stack
2026-09-23,47,System Price,21.93,14759.599999999999,12697.199999999997,12697.199999999997,20.0,Balanced stack
2026-09-23,47,Tohoku / Tokyo / Chubu,30.32,11431.5,11595.000000000004,11431.5,20.0,Balanced stack
2026-09-23,48,Hokuriku / Kansai / Chugoku / Shikoku / Kyushu,9.99,4551.799999999997,12637.900000000001,4551.799999999997,20.0,Balanced stack
2026-09-23,48,System Price,20.01,15599.599999999999,13531.300000000003,13531.300000000003,20.0,Balanced stack
2026-09-23,48,Tohoku / Tokyo / Chubu,28.01,6468.600000000002,12304.599999999999,6468.600000000002,20.0,Balanced stack
2026-09-24,1,Hokuriku / Kansai / Chugoku / Shikoku / Kyushu,10.59,3939.0000000000036,12600.699999999999,3939.0000000000036,20.0,Balanced stack
2026-09-24,1,System Price,22.67,14627.7,13366.099999999999,13366.099999999999,20.0,Balanced stack
2026-09-24,1,Tohoku / Tokyo / Chubu,25.75,8646.000000000004,10914.8,8646.000000000004,20.0,Balanced stack
2026-09-24,2,Hokuriku / Kansai / Chugoku / Shikoku / Kyushu,9.63,4209.799999999999,11393.0,4209.799999999999,20.0,Balanced stack
2026-09-24,2,System Price,19.01,14510.299999999996,31392.8,14510.299999999996,20.0,Balanced stack
2026-09-24,2,Tohoku / Tokyo / Chubu,25.63,8093.100000000002,10444.3,8093.100000000002,20.0,Balanced stack
2026-09-24,3,Hokuriku / Kansai / Chugoku / Shikoku / Kyushu,10.0,4085.499999999998,11722.200000000003,4085.499999999998,20.0,Balanced stack
2026-09-24,3,System Price,18.36,15338.899999999998,30139.900000000005,15338.899999999998,20.0,Balanced stack
2026-09-24,3,Tohoku / Tokyo / Chubu,25.49,8238.199999999997,10324.699999999997,8238.199999999997,20.0,Balanced stack
2026-09-24,4,Hokuriku / Kansai / Chugoku / Shikoku / Kyushu,10.0,4292.799999999999,11731.599999999999,4292.799999999999,20.0,Balanced stack
2026-09-24,4,System Price,15.75,14311.5,29565.800000000003,14311.5,20.0,Balanced stack
2026-09-24,4,Tohoku / Tokyo / Chubu,24.89,8386.600000000002,10402.099999999999,8386.600000000002,20.0,Balanced stack
2026-09-24,5,Hokuriku / Kansai / Chugoku / Shikoku / Kyushu,9.98,4554.4,11792.999999999998,4554.4,20.0,Balanced stack
2026-09-24,5,System Price,15.43,16148.500000000004,29222.699999999993,16148.500000000004,20.0,Balanced stack
2026-09-24,5,Tohoku / Tokyo / Chubu,24.58,8647.400000000001,10155.3,8647.400000000001,20.0,Balanced stack
2026-09-24,6,Hokuriku / Kansai / Chugoku / Shikoku / Kyushu,10.14,4213.700000000001,11913.499999999998,4213.700000000001,20.0,Balanced stack
2026-09-24,6,System Price,16.8,15997.000000000004,29616.499999999996,15997.000000000004,20.0,Balanced stack
2026-09-24,6,Tohoku / Tokyo / Chubu,25.14,8568.499999999996,10221.500000000004,8568.499999999996,20.0,Balanced stack
2026-09-24,7,Hokuriku / Kansai / Chugoku / Shikoku / Kyushu,10.23,3972.2000000000007,11948.3,3972.2000000000007,20.0,Balanced stack
2026-09-24,7,System Price,16.89,15029.900000000001,29769.9,15029.900000000001,20.0,Balanced stack
2026-09-24,7,Tohoku / Tokyo / Chubu,25.5,8402.400000000001,10416.5,8402.400000000001,20.0,Balanced stack
2026-09-24,8,Hokuriku / Kansai / Chugoku / Shikoku / Kyushu,10.31,4019.2000000000007,12624.199999999999,4019.2000000000007,20.0,Balanced stack
2026-09-24,8,System Price,21.02,15950.0,11023.699999999997,11023.699999999997,20.0,Balanced stack
2026-09-24,8,Tohoku / Tokyo / Chubu,25.5,8315.0,10458.400000000001,8315.0,20.0,Balanced stack
2026-09-24,9,Hokuriku / Kansai / Chugoku / Shikoku / Kyushu,10.6,3694.399999999998,12429.0,3694.399999999998,20.0,Balanced stack
2026-09-24,9,System Price,22.51,15061.100000000002,11347.300000000003,11347.300000000003,20.0,Balanced stack
2026-09-24,9,Tohoku / Tokyo / Chubu,25.9,8103.5,10467.0,8103.5,20.0,Balanced stack
2026-09-24,10,Hokuriku / Kansai / Chugoku / Shikoku / Kyushu,12.16,3344.7000000000007,13069.5,3344.7000000000007,20.0,Balanced stack
2026-09-24,10,System Price,23.48,14139.8,12279.300000000003,12279.300000000003,20.0,Balanced stack
2026-09-24,10,Tohoku / Tokyo / Chubu,26.22,7889.600000000002,10721.099999999999,7889.600000000002,20.0,Balanced stack
2026-09-24,11,Hokuriku / Kansai / Chugoku / Shikoku / Kyushu,14.5,3137.500000000002,13221.900000000001,3137.500000000002,20.0,Balanced stack
2026-09-24,11,System Price,23.78,13339.400000000001,12709.0,12709.0,20.0,Balanced stack
2026-09-24,11,Tohoku / Tokyo / Chubu,26.6,7557.299999999999,10765.7,7557.299999999999,20.0,Balanced stack
2026-09-24,12,Hokuriku / Kansai / Chugoku / Shikoku / Kyushu,13.81,3073.300000000001,13365.200000000003,3073.300000000001,20.0,Balanced stack
2026-09-24,12,System Price,23.78,13499.299999999996,13229.800000000003,13229.800000000003,20.0,Balanced stack
2026-09-24,12,Tohoku / Tokyo / Chubu,26.34,7739.5999999999985,11110.0,7739.5999999999985,20.0,Balanced stack
2026-09-24,13,Hokuriku / Kansai / Chugoku / Shikoku / Kyushu,14.63,2980.0,13797.900000000001,2980.0,20.0,Balanced stack
2026-09-24,13,System Price,23.53,14094.599999999999,13034.0,13034.0,20.0,Balanced stack
2026-09-24,13,Tohoku / Tokyo / Chubu,26.04,7908.9000000000015,10944.7,7908.9000000000015,20.0,Balanced stack
2026-09-24,14,Hokuriku / Kansai / Chugoku / Shikoku / Kyushu,10.28,3852.5999999999967,12621.100000000002,3852.5999999999967,20.0,Balanced stack
2026-09-24,14,System Price,21.0,15276.899999999998,12386.399999999994,12386.399999999994,20.0,Balanced stack
2026-09-24,14,Tohoku / Tokyo / Chubu,25.74,8374.900000000001,10980.8,8374.900000000001,20.0,Balanced stack
2026-09-24,15,Hokuriku / Kansai / Chugoku / Shikoku / Kyushu,9.98,5038.1,12470.8,5038.1,20.0,Balanced stack
2026-09-24,15,System Price,17.03,13852.400000000009,32271.199999999993,13852.400000000009,20.0,Balanced stack
2026-09-24,15,Tohoku / Tokyo / Chubu,25.72,6041.9000000000015,10768.899999999998,6041.9000000000015,20.0,Balanced stack
2026-09-24,16,Hokuriku / Kansai / Chugoku / Shikoku / Kyushu,9.87,4915.4000000000015,12463.2,4915.4000000000015,20.0,Balanced stack
2026-09-24,16,System Price,16.24,14605.399999999994,32012.200000000008,14605.399999999994,20.0,Balanced stack
2026-09-24,16,Tokyo / Chubu,25.71,5385.299999999999,9750.7,5385.299999999999,20.0,Balanced stack
2026-09-24,17,Hokuriku / Kansai / Chugoku / Shikoku / Kyushu,9.86,5339.199999999997,13227.900000000001,5339.199999999997,20.0,Balanced stack
2026-09-24,17,System Price,16.85,14284.099999999999,34149.5,14284.099999999999,20.0,Balanced stack
2026-09-24,17,Tokyo / Chubu,27.03,5950.200000000001,11263.800000000003,5950.200000000001,20.0,Balanced stack
2026-09-24,18,Hokkaido / Tohoku,9.74,874.3000000000011,5556.0,874.3000000000011,20.0,Thin stack
2026-09-24,18,Hokuriku / Kansai / Chugoku / Shikoku / Kyushu,10.07,5019.199999999997,14467.100000000002,5019.199999999997,20.0,Balanced stack
2026-09-24,18,System Price,18.43,14504.0,35368.0,14504.0,20.0,Balanced stack
2026-09-24,18,Tokyo / Chubu,27.81,6689.9000000000015,12084.099999999999,6689.9000000000015,20.0,Balanced stack
2026-09-24,19,Chugoku / Shikoku / Kyushu,9.9,2720.8999999999996,8009.099999999999,2720.8999999999996,20.0,Balanced stack
2026-09-24,19,Hokkaido / Tohoku,9.5,1207.5999999999985,5354.400000000001,1207.5999999999985,20.0,Thin stack
2026-09-24,19,Hokuriku / Kansai,14.9,2810.7,6572.800000000001,2810.7,20.0,Balanced stack
2026-09-24,19,System Price,16.79,15544.400000000001,34269.299999999996,15544.400000000001,20.0,Balanced stack
2026-09-24,19,Tokyo / Chubu,26.91,7842.699999999997,11325.100000000002,7842.699999999997,20.0,Balanced stack
2026-09-24,20,Chugoku / Shikoku / Kyushu,9.63,2927.800000000001,7484.5999999999985,2927.800000000001,20.0,Balanced stack
2026-09-24,20,Hokkaido / Tohoku,9.0,1486.0000000000018,5183.799999999999,1486.0000000000018,20.0,Thin stack
2026-09-24,20,Hokuriku / Kansai,17.9,2071.2999999999993,7377.200000000001,2071.2999999999993,20.0,Balanced stack
2026-09-24,20,System Price,15.1,16151.0,33486.9,16151.0,20.0,Balanced stack
2026-09-24,21,Chugoku / Kyushu,9.28,3007.2000000000007,5933.299999999999,3007.2000000000007,20.0,Balanced stack
2026-09-24,21,Hokkaido / Tohoku,6.23,1753.9999999999982,4949.1,1753.9999999999982,20.0,Balanced stack
2026-09-24,21,Hokuriku / Kansai,17.34,2235.9000000000005,7252.9,2235.9000000000005,20.0,Balanced stack
2026-09-24,21,System Price,12.13,17122.200000000004,31923.3,17122.200000000004,20.0,Balanced stack
2026-09-24,22,Chugoku / Kyushu,9.25,2941.199999999999,5895.400000000001,2941.199999999999,20.0,Balanced stack
2026-09-24,22,Hokkaido / Tohoku,6.01,1902.3999999999978,4906.500000000002,1902.3999999999978,20.0,Balanced stack
2026-09-24,22,Hokuriku / Kansai,17.34,2275.2999999999984,7277.800000000001,2275.2999999999984,20.0,Balanced stack
2026-09-24,22,System Price,11.1,18015.200000000004,30843.5,18015.200000000004,20.0,Balanced stack
2026-09-24,23,Chugoku / Kyushu,8.77,3281.5999999999985,5890.4000000000015,3281.5999999999985,20.0,Balanced stack
2026-09-24,23,Hokkaido / Tohoku,4.65,1880.699999999999,4947.400000000001,1880.699999999999,20.0,Balanced stack
2026-09-24,23,Hokuriku / Kansai,16.8,2849.5,7056.0999999999985,2849.5,20.0,Balanced stack
2026-09-24,23,System Price,10.41,19379.100000000006,30291.5,19379.100000000006,20.0,Balanced stack
2026-09-24,24,Chugoku / Kyushu,8.02,3491.800000000001,5974.2,3491.800000000001,20.0,Balanced stack
2026-09-24,24,Hokkaido / Tohoku,4.5,1964.0000000000018,4971.299999999998,1964.0000000000018,20.0,Balanced stack
2026-09-24,24,Hokuriku / Kansai,16.81,2851.399999999998,6976.600000000001,2851.399999999998,20.0,Balanced stack
2026-09-24,24,System Price,10.12,19774.999999999993,29899.800000000003,19774.999999999993,20.0,Balanced stack
2026-09-24,25,Chugoku / Shikoku / Kyushu,7.75,4080.4000000000015,7335.499999999998,4080.4000000000015,20.0,Balanced stack
2026-09-24,25,Hokkaido / Tohoku,3.01,2142.2000000000007,4834.199999999999,2142.2000000000007,20.0,Balanced stack
2026-09-24,25,Hokuriku / Kansai,12.48,1979.5,6875.299999999999,1979.5,20.0,Balanced stack
2026-09-24,25,System Price,8.48,19646.9,28014.199999999997,19646.9,20.0,Balanced stack
2026-09-24,26,Chugoku / Shikoku / Kyushu,8.09,3835.0,7353.900000000001,3835.0,20.0,Balanced stack
2026-09-24,26,Hokkaido / Tohoku,3.69,2192.7000000000007,4993.399999999999,2192.7000000000007,20.0,Balanced stack
2026-09-24,26,Hokuriku / Kansai,16.48,3424.3999999999996,7018.300000000001,3424.3999999999996,20.0,Balanced stack
2026-09-24,26,System Price,9.58,20255.000000000007,28747.5,20255.000000000007,20.0,Balanced stack
2026-09-24,27,Chugoku / Shikoku / Kyushu,8.15,4049.8999999999996,7461.1,4049.8999999999996,20.0,Balanced stack
2026-09-24,27,Hokkaido / Tohoku,5.51,2006.3999999999996,5034.900000000001,2006.3999999999996,20.0,Balanced stack
2026-09-24,27,Hokuriku / Kansai,17.59,3328.3999999999987,7930.100000000001,3328.3999999999987,20.0,Balanced stack
2026-09-24,27,System Price,12.1,17364.59999999999,33338.2,17364.59999999999,20.0,Balanced stack
2026-09-24,28,Chugoku / Shikoku / Kyushu,7.87,4798.299999999999,6923.800000000001,4798.299999999999,20.0,Balanced stack
2026-09-24,28,Hokkaido / Tohoku,5.29,2104.5999999999985,4926.9,2104.5999999999985,20.0,Balanced stack
2026-09-24,28,Hokuriku / Kansai,18.71,3566.7999999999993,7958.100000000001,3566.7999999999993,20.0,Balanced stack
2026-09-24,28,System Price,15.0,18649.1,34378.6,18649.1,20.0,Balanced stack
2026-09-24,28,Tokyo / Chubu,28.0,6273.100000000002,10825.699999999997,6273.100000000002,20.0,Balanced stack
2026-09-24,29,Chugoku / Kyushu,7.77,4039.7,5464.9,4039.7,20.0,Balanced stack
2026-09-24,29,Hokuriku / Kansai,16.85,3005.999999999999,7366.299999999999,3005.999999999999,20.0,Balanced stack
2026-09-24,29,System Price,16.0,16728.4,34398.7,16728.4,20.0,Balanced stack
2026-09-24,30,Chugoku / Kyushu,8.01,3275.800000000001,5734.199999999999,3275.800000000001,20.0,Balanced stack
2026-09-24,30,Hokuriku / Kansai,17.38,2735.2999999999993,7762.0,2735.2999999999993,20.0,Balanced stack
2026-09-24,30,System Price,22.4,14840.899999999994,13920.300000000003,13920.300000000003,20.0,Balanced stack
2026-09-24,31,Chugoku / Kyushu,10.01,2526.500000000002,6249.299999999999,2526.500000000002,20.0,Balanced stack
2026-09-24,31,Hokuriku / Kansai,18.78,2639.6000000000013,8003.699999999999,2639.6000000000013,20.0,Balanced stack
2026-09-24,31,System Price,24.33,14175.599999999999,14953.800000000003,14175.599999999999,20.0,Balanced stack
2026-09-24,31,Tokyo / Chubu,29.31,8309.600000000006,12022.099999999995,8309.600000000006,20.0,Balanced stack
2026-09-24,32,Chugoku / Kyushu,13.47,1511.0999999999985,6611.200000000002,1511.0999999999985,20.0,Balanced stack
2026-09-24,32,Hokuriku / Kansai,20.25,2398.7999999999993,3301.5999999999995,2398.7999999999993,20.0,Balanced stack
2026-09-24,32,System Price,28.38,13854.100000000006,18592.999999999993,13854.100000000006,20.0,Balanced stack
2026-09-24,33,Chugoku / Kyushu,14.49,1806.4000000000015,6425.199999999998,1806.4000000000015,20.0,Balanced stack
2026-09-24,33,Hokkaido / Tohoku,31.99,820.4000000000015,946.8999999999978,820.4000000000015,20.0,Thin stack
2026-09-24,33,Hokuriku / Kansai,25.18,2248.3,2958.9000000000005,2248.3,20.0,Balanced stack
2026-09-24,33,System Price,32.93,18489.499999999993,16823.000000000007,16823.000000000007,20.0,Balanced stack
2026-09-24,34,Chugoku / Kyushu,17.68,1174.7000000000007,7126.5999999999985,1174.7000000000007,20.0,Thin stack
2026-09-24,34,Hokuriku / Kansai,26.77,2233.3999999999996,2952.300000000001,2233.3999999999996,20.0,Balanced stack
2026-09-24,34,System Price,34.2,16181.699999999997,18958.40000000001,16181.699999999997,20.0,Balanced stack
2026-09-24,34,Tohoku / Tokyo,50.01,9997.0,2927.0999999999985,2927.0999999999985,20.0,Balanced stack
2026-09-24,35,Hokuriku / Kansai / Chugoku / Kyushu,22.98,3023.1000000000004,6010.4,3023.1000000000004,20.0,Balanced stack
2026-09-24,35,System Price,35.9,14996.200000000004,17485.5,14996.200000000004,20.0,Balanced stack
2026-09-24,35,Tohoku / Tokyo,50.01,9227.600000000002,2837.0,2837.0,20.0,Balanced stack
2026-09-24,36,Hokuriku / Kansai / Chugoku / Kyushu,29.9,2716.699999999999,5383.699999999999,2716.699999999999,20.0,Balanced stack
2026-09-24,36,System Price,40.01,15820.399999999994,15395.000000000007,15395.000000000007,20.0,Balanced stack
2026-09-24,36,Tohoku / Tokyo,50.01,9306.9,2830.5,2830.5,20.0,Balanced stack
2026-09-24,37,Hokkaido / Tohoku / Tokyo,50.01,9436.199999999997,2663.2999999999993,2663.2999999999993,20.0,Balanced stack
2026-09-24,37,Hokuriku / Kansai / Chugoku / Kyushu,21.0,2544.7999999999993,6333.0999999999985,2544.7999999999993,20.0,Balanced stack
2026-09-24,37,System Price,40.01,15691.300000000003,14160.0,14160.0,20.0,Balanced stack
2026-09-24,38,Hokkaido / Tohoku / Tokyo,50.01,9610.3,2739.4000000000015,2739.4000000000015,20.0,Balanced stack
2026-09-24,38,Hokuriku / Kansai / Chugoku / Kyushu,20.82,2556.6000000000004,6102.800000000001,2556.6000000000004,20.0,Balanced stack
2026-09-24,38,System Price,35.9,14916.5,17233.300000000003,14916.5,20.0,Balanced stack
2026-09-24,39,Hokuriku / Kansai / Chugoku / Kyushu,18.84,2607.8999999999996,14890.7,2607.8999999999996,20.0,Balanced stack
2026-09-24,39,System Price,33.5,14934.200000000004,17217.899999999994,14934.200000000004,20.0,Balanced stack
2026-09-24,39,Tohoku / Tokyo,50.0,8836.599999999999,2644.2000000000007,2644.2000000000007,20.0,Balanced stack
2026-09-24,40,Hokkaido / Tohoku / Tokyo / Chubu,38.18,11707.999999999996,11809.7,11707.999999999996,20.0,Balanced stack
2026-09-24,40,Hokuriku / Kansai / Chugoku / Kyushu,17.7,2781.2999999999993,14334.100000000002,2781.2999999999993,20.0,Balanced stack
2026-09-24,40,System Price,33.16,14609.500000000004,16145.900000000001,14609.500000000004,20.0,Balanced stack
2026-09-24,41,Hokkaido / Tohoku / Tokyo / Chubu,33.59,11725.0,12120.8,11725.0,20.0,Balanced stack
2026-09-24,41,Hokuriku / Kansai / Chugoku / Kyushu,18.64,2506.5,13932.3,2506.5,20.0,Balanced stack
2026-09-24,41,System Price,28.52,7612.0,19269.9,7612.0,20.0,Balanced stack
2026-09-24,42,Hokkaido / Tohoku / Tokyo / Chubu,33.43,11947.0,11644.099999999995,11644.099999999995,20.0,Balanced stack
2026-09-24,42,Hokuriku / Kansai / Chugoku / Kyushu,17.51,2792.0,13332.999999999998,2792.0,20.0,Balanced stack
2026-09-24,42,System Price,28.0,7788.0999999999985,19187.300000000003,7788.0999999999985,20.0,Balanced stack
2026-09-24,43,Hokkaido / Tohoku / Tokyo / Chubu,28.37,5825.600000000002,13736.899999999998,5825.600000000002,20.0,Balanced stack
2026-09-24,43,Hokuriku / Kansai / Chugoku / Kyushu,17.34,3026.2000000000007,13254.799999999997,3026.2000000000007,20.0,Balanced stack
2026-09-24,43,System Price,26.17,9778.700000000004,17464.6,9778.700000000004,20.0,Balanced stack
2026-09-24,44,Hokkaido / Tohoku / Tokyo / Chubu,33.59,11216.2,12516.199999999997,11216.2,20.0,Balanced stack
2026-09-24,44,Hokuriku / Kansai / Chugoku / Kyushu,16.85,3548.399999999998,12914.0,3548.399999999998,20.0,Balanced stack
2026-09-24,44,System Price,26.19,9603.299999999996,17546.300000000003,9603.299999999996,20.0,Balanced stack
2026-09-24,45,Hokkaido / Tohoku,32.11,276.89999999999964,1199.5,276.89999999999964,20.0,Scarcity stack
2026-09-24,45,Hokuriku / Kansai / Chugoku / Kyushu,16.27,3573.499999999998,12051.800000000001,3573.499999999998,20.0,Balanced stack
2026-09-24,45,System Price,26.28,11308.100000000006,15851.799999999996,11308.100000000006,20.0,Balanced stack
2026-09-24,46,Hokkaido / Tohoku,31.17,224.69999999999982,1168.0,224.69999999999982,20.0,Scarcity stack
2026-09-24,46,Hokuriku / Kansai / Chugoku / Kyushu,14.5,3779.300000000001,11778.9,3779.300000000001,20.0,Balanced stack
2026-09-24,46,System Price,25.4,12304.999999999993,15649.700000000004,12304.999999999993,20.0,Balanced stack
2026-09-24,47,Hokkaido / Tohoku / Tokyo / Chubu,33.31,11648.7,12733.599999999999,11648.7,20.0,Balanced stack
2026-09-24,47,Hokuriku / Kansai / Chugoku / Kyushu,10.05,4108.9000000000015,11172.699999999999,4108.9000000000015,20.0,Balanced stack
2026-09-24,47,System Price,24.78,12701.199999999997,16212.999999999993,12701.199999999997,20.0,Balanced stack
2026-09-24,48,Hokkaido / Tohoku / Tokyo / Chubu,30.0,6488.700000000001,13008.7,6488.700000000001,20.0,Balanced stack
2026-09-24,48,Hokuriku / Kansai / Chugoku / Kyushu,8.41,4380.999999999998,10372.500000000002,4380.999999999998,20.0,Balanced stack
2026-09-24,48,System Price,24.33,13867.200000000004,14123.800000000003,13867.200000000004,20.0,Balanced stack
2026-09-25,1,Kansai / Chugoku / Kyushu,9.45,3408.2999999999993,10785.2,3408.2999999999993,20.0,Balanced stack
2026-09-25,1,System Price,22.67,16129.0,12762.199999999997,12762.199999999997,20.0,Balanced stack
2026-09-25,1,Tohoku / Tokyo / Chubu,25.77,9035.500000000004,11241.899999999998,9035.500000000004,20.0,Balanced stack
2026-09-25,2,Hokuriku / Kansai / Chugoku / Kyushu,10.0,4381.4,10961.2,4381.4,20.0,Balanced stack
2026-09-25,2,System Price,21.42,17281.0,11536.799999999996,11536.799999999996,20.0,Balanced stack
2026-09-25,2,Tohoku / Tokyo / Chubu,25.34,9038.099999999999,10776.400000000001,9038.099999999999,20.0,Balanced stack
2026-09-25,3,Hokuriku / Kansai / Chugoku / Shikoku / Kyushu,10.18,4585.0999999999985,12467.699999999999,4585.0999999999985,20.0,Balanced stack
2026-09-25,3,System Price,17.6,17239.100000000006,29981.899999999994,17239.100000000006,20.0,Balanced stack
2026-09-25,3,Tohoku / Tokyo / Chubu,25.12,8919.400000000001,10422.5,8919.400000000001,20.0,Balanced stack
2026-09-25,4,Hokuriku / Kansai / Chugoku / Shikoku / Kyushu,10.18,4649.900000000003,12466.300000000001,4649.900000000003,20.0,Balanced stack
2026-09-25,4,System Price,15.75,17433.899999999994,30446.700000000004,17433.899999999994,20.0,Balanced stack
2026-09-25,4,Tohoku / Tokyo / Chubu,25.01,9591.5,10699.799999999996,9591.5,20.0,Balanced stack
2026-09-25,5,Hokkaido / Tohoku / Tokyo / Chubu,25.01,9852.299999999996,10648.200000000004,9852.299999999996,20.0,Balanced stack
2026-09-25,5,Hokuriku / Kansai / Chugoku / Shikoku / Kyushu,10.25,4711.299999999999,12417.899999999998,4711.299999999999,20.0,Balanced stack
2026-09-25,5,System Price,15.89,17284.299999999996,30241.000000000004,17284.299999999996,20.0,Balanced stack
2026-09-25,6,Hokkaido / Tohoku / Tokyo / Chubu,25.01,9987.099999999999,10852.5,9987.099999999999,20.0,Balanced stack
2026-09-25,6,Hokuriku / Kansai / Chugoku / Shikoku / Kyushu,10.14,4722.699999999999,12333.9,4722.699999999999,20.0,Balanced stack
2026-09-25,6,System Price,16.44,17312.6,30542.500000000007,17312.6,20.0,Balanced stack
2026-09-25,7,Hokkaido / Tohoku / Tokyo / Chubu,25.01,10201.699999999997,10739.400000000001,10201.699999999997,20.0,Balanced stack
2026-09-25,7,Kansai / Chugoku / Kyushu,10.14,4056.5,10751.3,4056.5,20.0,Balanced stack
2026-09-25,7,System Price,16.85,17360.5,31465.000000000004,17360.5,20.0,Balanced stack
2026-09-25,8,Hokkaido / Tohoku / Tokyo / Chubu,25.01,10258.100000000002,10587.800000000003,10258.100000000002,20.0,Balanced stack
2026-09-25,8,Hokuriku / Kansai / Chugoku / Kyushu,10.19,4283.5,11209.9,4283.5,20.0,Balanced stack
2026-09-25,8,System Price,17.1,17292.599999999995,31551.800000000003,17292.599999999995,20.0,Balanced stack
2026-09-25,9,Hokkaido / Tohoku / Tokyo / Chubu,25.01,10516.100000000002,10363.099999999999,10363.099999999999,20.0,Balanced stack
2026-09-25,9,Hokuriku / Kansai / Chugoku / Kyushu,10.21,4232.5999999999985,11212.000000000002,4232.5999999999985,20.0,Balanced stack
2026-09-25,9,System Price,17.03,17015.7,31873.899999999994,17015.7,20.0,Balanced stack
2026-09-25,10,Hokkaido / Tohoku / Tokyo / Chubu,25.01,10808.799999999996,10114.600000000002,10114.600000000002,20.0,Balanced stack
2026-09-25,10,Hokuriku / Kansai / Chugoku / Kyushu,10.31,4037.199999999997,11302.2,4037.199999999997,20.0,Balanced stack
2026-09-25,10,System Price,17.86,16943.199999999997,31840.100000000002,16943.199999999997,20.0,Balanced stack
2026-09-25,11,Hokuriku / Kansai / Chugoku / Kyushu,10.31,4663.9,11172.100000000002,4663.9,20.0,Balanced stack
2026-09-25,11,System Price,21.1,17568.400000000005,12435.899999999994,12435.899999999994,20.0,Balanced stack
2026-09-25,11,Tohoku / Tokyo / Chubu,25.12,9375.600000000002,11132.2,9375.600000000002,20.0,Balanced stack
2026-09-25,12,Kansai / Chugoku / Kyushu,9.87,4520.299999999997,10572.100000000002,4520.299999999997,20.0,Balanced stack
2026-09-25,12,System Price,21.53,17898.200000000004,12524.899999999994,12524.899999999994,20.0,Balanced stack
2026-09-25,12,Tohoku / Tokyo / Chubu,25.12,9499.5,11295.500000000004,9499.5,20.0,Balanced stack
2026-09-25,13,Hokuriku / Kansai / Chugoku / Kyushu,10.31,4439.700000000001,11556.5,4439.700000000001,20.0,Balanced stack
2026-09-25,13,System Price,20.2,18189.2,12922.899999999994,12922.899999999994,20.0,Balanced stack
2026-09-25,13,Tohoku / Tokyo / Chubu,25.01,10498.0,10105.900000000001,10105.900000000001,20.0,Balanced stack
2026-09-25,14,Kansai / Chugoku / Kyushu,9.0,4750.5,10623.199999999999,4750.5,20.0,Balanced stack
2026-09-25,14,System Price,17.67,18390.799999999996,31988.600000000006,18390.799999999996,20.0,Balanced stack
2026-09-25,14,Tokyo / Chubu,25.01,9525.599999999999,8867.8,8867.8,20.0,Balanced stack
2026-09-25,15,Hokuriku / Kansai / Chugoku / Shikoku / Kyushu,8.55,6302.700000000001,12172.399999999998,6302.700000000001,20.0,Balanced stack
2026-09-25,15,System Price,15.0,16439.800000000003,31959.899999999998,16439.800000000003,20.0,Balanced stack
2026-09-25,15,Tokyo / Chubu,25.01,6962.200000000001,8819.400000000001,6962.200000000001,20.0,Balanced stack
2026-09-25,16,Hokkaido / Tohoku,9.67,1896.6999999999998,4762.800000000001,1896.6999999999998,20.0,Balanced stack
2026-09-25,16,Hokuriku / Kansai / Chugoku / Shikoku / Kyushu,9.98,5545.199999999999,13117.600000000002,5545.199999999999,20.0,Balanced stack
2026-09-25,16,System Price,14.1,17214.799999999996,31911.10000000001,17214.799999999996,20.0,Balanced stack
2026-09-25,16,Tokyo / Chubu,25.12,5610.5,10295.699999999997,5610.5,20.0,Balanced stack
2026-09-25,17,Hokuriku / Kansai / Chugoku / Shikoku / Kyushu,9.86,5886.0999999999985,13447.400000000001,5886.0999999999985,20.0,Balanced stack
2026-09-25,17,System Price,14.37,16712.100000000006,33819.2,16712.100000000006,20.0,Balanced stack
2026-09-25,17,Tokyo / Chubu,25.7,5031.5,10769.900000000001,5031.5,20.0,Balanced stack
2026-09-25,18,Hokuriku / Kansai / Chugoku / Shikoku / Kyushu,9.98,5767.699999999999,14179.7,5767.699999999999,20.0,Balanced stack
2026-09-25,18,System Price,15.18,16374.300000000003,35395.7,16374.300000000003,20.0,Balanced stack
2026-09-25,18,Tokyo / Chubu,27.0,5944.199999999997,12368.2,5944.199999999997,20.0,Balanced stack
2026-09-25,19,Chugoku / Shikoku / Kyushu,10.14,3057.4000000000015,8308.9,3057.4000000000015,20.0,Balanced stack
2026-09-25,19,Hokkaido / Tohoku,4.37,2247.8999999999996,4538.900000000001,2247.8999999999996,20.0,Balanced stack
2026-09-25,19,Hokuriku / Kansai,12.63,2202.300000000001,6747.499999999999,2202.300000000001,20.0,Balanced stack
2026-09-25,19,System Price,16.85,16518.800000000003,35668.6,16518.800000000003,20.0,Balanced stack
2026-09-25,19,Tokyo / Chubu,26.99,5680.9000000000015,12241.399999999998,5680.9000000000015,20.0,Balanced stack
2026-09-25,20,Chugoku / Shikoku / Kyushu,9.98,3167.499999999998,8218.6,3167.499999999998,20.0,Balanced stack
2026-09-25,20,Hokkaido / Tohoku,4.42,2230.399999999998,4616.4000000000015,2230.399999999998,20.0,Balanced stack
2026-09-25,20,Hokuriku / Kansai,17.0,2791.1000000000013,7523.9,2791.1000000000013,20.0,Balanced stack
2026-09-25,20,System Price,16.8,17191.699999999997,35611.8,17191.699999999997,20.0,Balanced stack
2026-09-25,20,Tokyo / Chubu,26.54,6848.0,11844.300000000003,6848.0,20.0,Balanced stack
2026-09-25,21,Chugoku / Shikoku / Kyushu,10.0,3113.2000000000007,8417.0,3113.2000000000007,20.0,Balanced stack
2026-09-25,21,Hokkaido / Tohoku,4.94,2232.800000000001,4670.4000000000015,2232.800000000001,20.0,Balanced stack
2026-09-25,21,Hokuriku / Kansai,16.85,2952.6000000000004,7368.399999999999,2952.6000000000004,20.0,Balanced stack
2026-09-25,21,System Price,14.5,18758.6,34466.2,18758.6,20.0,Balanced stack
2026-09-25,21,Tokyo / Chubu,26.02,4468.0999999999985,11402.000000000004,4468.0999999999985,20.0,Balanced stack
2026-09-25,22,Chugoku / Shikoku / Kyushu,9.98,3166.800000000001,8661.5,3166.800000000001,20.0,Balanced stack
2026-09-25,22,Hokkaido / Tohoku,3.01,2252.4000000000015,4613.0999999999985,2252.4000000000015,20.0,Balanced stack
2026-09-25,22,Hokuriku / Kansai,16.85,2926.3999999999996,7376.300000000001,2926.3999999999996,20.0,Balanced stack
2026-09-25,22,System Price,14.02,19269.600000000006,34075.99999999999,19269.600000000006,20.0,Balanced stack
2026-09-25,22,Tokyo / Chubu,26.02,4467.299999999999,11186.000000000004,4467.299999999999,20.0,Balanced stack
2026-09-25,23,Chugoku / Shikoku / Kyushu,9.76,3733.3999999999996,8062.900000000001,3733.3999999999996,20.0,Balanced stack
2026-09-25,23,Hokkaido / Tohoku,2.09,2429.4000000000015,4508.799999999997,2429.4000000000015,20.0,Balanced stack
2026-09-25,23,Hokuriku / Kansai,16.85,3100.499999999999,7383.5,3100.499999999999,20.0,Balanced stack
2026-09-25,23,System Price,12.05,18103.199999999997,33708.299999999996,18103.199999999997,20.0,Balanced stack
2026-09-25,23,Tokyo / Chubu,25.41,5133.0999999999985,10497.600000000002,5133.0999999999985,20.0,Balanced stack
2026-09-25,24,Chugoku / Shikoku / Kyushu,9.63,3741.300000000001,7986.5,3741.300000000001,20.0,Balanced stack
2026-09-25,24,Hokkaido / Tohoku,1.0,2610.699999999999,4435.3,2610.699999999999,20.0,Balanced stack
2026-09-25,24,Hokuriku / Kansai,16.85,3104.2000000000016,7388.499999999998,3104.2000000000016,20.0,Balanced stack
2026-09-25,24,System Price,11.06,18842.5,32184.199999999997,18842.5,20.0,Balanced stack
2026-09-25,24,Tokyo / Chubu,25.18,5419.600000000002,9732.099999999999,5419.600000000002,20.0,Balanced stack
2026-09-25,25,Chugoku / Shikoku / Kyushu,9.58,4133.6,7636.699999999999,4133.6,20.0,Balanced stack
2026-09-25,25,Hokkaido / Tohoku,0.5,2607.9000000000015,4335.299999999999,2607.9000000000015,20.0,Balanced stack
2026-09-25,25,Hokuriku / Kansai,14.23,3199.3,7058.400000000001,3199.3,20.0,Balanced stack
2026-09-25,25,System Price,10.12,21467.5,30804.3,21467.5,20.0,Balanced stack
2026-09-25,25,Tokyo / Chubu,24.41,7872.999999999996,8158.400000000005,7872.999999999996,20.0,Balanced stack
2026-09-25,26,Chugoku / Shikoku / Kyushu,9.63,3725.199999999999,7925.700000000003,3725.199999999999,20.0,Balanced stack
2026-09-25,26,Hokkaido / Tohoku,0.05,2411.2999999999993,4308.600000000001,2411.2999999999993,20.0,Balanced stack
2026-09-25,26,Hokuriku / Kansai,16.8,3253.0999999999995,7134.700000000001,3253.0999999999995,20.0,Balanced stack
2026-09-25,26,System Price,10.3,21020.799999999996,30733.800000000003,21020.799999999996,20.0,Balanced stack
2026-09-25,26,Tokyo / Chubu,24.41,7825.699999999997,8059.600000000002,7825.699999999997,20.0,Balanced stack
2026-09-25,27,Chugoku / Shikoku / Kyushu,10.01,3250.3999999999996,8832.5,3250.3999999999996,20.0,Balanced stack
2026-09-25,27,Hokkaido / Tohoku,0.04,2433.0,4176.399999999999,2433.0,20.0,Balanced stack
2026-09-25,27,Hokuriku / Kansai,17.12,3046.4000000000015,7921.199999999999,3046.4000000000015,20.0,Balanced stack
2026-09-25,27,System Price,11.0,19465.6,33347.8,19465.6,20.0,Balanced stack
2026-09-25,27,Tokyo / Chubu,24.8,7572.5,8443.7,7572.5,20.0,Balanced stack
2026-09-25,28,Chugoku / Shikoku / Kyushu,10.31,2553.5,9229.099999999999,2553.5,20.0,Balanced stack
2026-09-25,28,Hokuriku / Kansai,18.03,2993.300000000001,8060.5999999999985,2993.300000000001,20.0,Balanced stack
2026-09-25,28,System Price,14.14,20128.1,34531.3,20128.1,20.0,Balanced stack
2026-09-25,28,Tokyo / Chubu,25.37,7296.499999999996,8685.5,7296.499999999996,20.0,Balanced stack
2026-09-25,29,Chugoku / Shikoku / Kyushu,10.14,3670.5999999999985,8322.2,3670.5999999999985,20.0,Balanced stack
2026-09-25,29,Hokuriku / Kansai,16.85,3584.3,7345.699999999999,3584.3,20.0,Balanced stack
2026-09-25,29,System Price,14.27,18950.5,33872.9,18950.5,20.0,Balanced stack
2026-09-25,30,Chugoku / Shikoku / Kyushu,10.14,3630.7000000000007,8059.999999999998,3630.7000000000007,20.0,Balanced stack
2026-09-25,30,Hokuriku / Kansai,17.38,3378.9000000000015,7743.5999999999985,3378.9000000000015,20.0,Balanced stack
2026-09-25,30,System Price,17.04,17657.800000000003,35333.00000000001,17657.800000000003,20.0,Balanced stack
2026-09-25,30,Tokyo / Chubu,28.32,8802.599999999999,10267.5,8802.599999999999,20.0,Balanced stack
2026-09-25,31,Chugoku / Shikoku / Kyushu,10.31,3071.300000000001,8708.7,3071.300000000001,20.0,Balanced stack
2026-09-25,31,Hokuriku / Kansai,18.42,3312.5999999999995,7717.700000000001,3312.5999999999995,20.0,Balanced stack
2026-09-25,31,System Price,18.43,16655.499999999993,37170.3,16655.499999999993,20.0,Balanced stack
2026-09-25,31,Tokyo / Chubu,28.38,9011.699999999997,10745.600000000002,9011.699999999997,20.0,Balanced stack
2026-09-25,32,Chugoku / Shikoku / Kyushu,10.88,2726.800000000001,8483.6,2726.800000000001,20.0,Balanced stack
2026-09-25,32,Hokuriku / Kansai,19.12,2981.699999999999,8027.2,2981.699999999999,20.0,Balanced stack
2026-09-25,32,System Price,24.61,13578.099999999999,15673.600000000006,13578.099999999999,20.0,Balanced stack
2026-09-25,32,Tokyo / Chubu,30.0,7334.300000000003,12783.7,7334.300000000003,20.0,Balanced stack
2026-09-25,33,Chugoku / Kyushu,12.37,2383.2000000000007,6293.899999999999,2383.2000000000007,20.0,Balanced stack
2026-09-25,33,Hokkaido / Tohoku,24.97,1156.0000000000018,1457.9999999999982,1156.0000000000018,20.0,Thin stack
2026-09-25,33,Hokuriku / Kansai,18.71,2728.499999999998,7750.1,2728.499999999998,20.0,Balanced stack
2026-09-25,33,System Price,26.64,12276.700000000004,17489.300000000003,12276.700000000004,20.0,Balanced stack
2026-09-25,33,Tokyo / Chubu,35.72,8994.599999999999,10671.599999999999,8994.599999999999,20.0,Balanced stack
2026-09-25,34,Chugoku / Kyushu,17.86,1469.2000000000007,7007.899999999999,1469.2000000000007,20.0,Thin stack
2026-09-25,34,Hokuriku / Kansai,18.78,1329.2999999999993,7935.0,1329.2999999999993,20.0,Thin stack
2026-09-25,34,System Price,28.8,9961.599999999999,18190.300000000003,9961.599999999999,20.0,Balanced stack
2026-09-25,34,Tokyo / Chubu,46.09,9439.400000000001,6979.799999999999,6979.799999999999,20.0,Balanced stack
2026-09-25,35,Hokkaido / Tohoku / Tokyo / Chubu,32.5,9988.3,11558.900000000001,9988.3,20.0,Balanced stack
2026-09-25,35,Hokuriku / Kansai / Chugoku / Kyushu,18.64,2766.800000000001,14603.000000000002,2766.800000000001,20.0,Balanced stack
2026-09-25,35,System Price,27.32,11629.099999999999,17530.0,11629.099999999999,20.0,Balanced stack
2026-09-25,36,Hokkaido / Tohoku / Tokyo / Chubu,32.32,10372.599999999999,11585.899999999998,10372.599999999999,20.0,Balanced stack
2026-09-25,36,Hokuriku / Kansai / Chugoku / Kyushu,18.83,2427.199999999999,14945.199999999999,2427.199999999999,20.0,Balanced stack
2026-09-25,36,System Price,27.6,11095.800000000003,17962.699999999997,11095.800000000003,20.0,Balanced stack
2026-09-25,37,Hokkaido / Tohoku / Tokyo / Chubu,29.62,6830.200000000001,13161.7,6830.200000000001,20.0,Balanced stack
2026-09-25,37,Hokuriku / Kansai / Chugoku / Kyushu,18.71,2548.5999999999985,14823.400000000001,2548.5999999999985,20.0,Balanced stack
2026-09-25,37,System Price,26.9,10768.599999999999,17006.5,10768.599999999999,20.0,Balanced stack
2026-09-25,38,Hokkaido / Tohoku / Tokyo / Chubu,29.62,6666.800000000003,12687.299999999996,6666.800000000003,20.0,Balanced stack
2026-09-25,38,Hokuriku / Kansai / Chugoku / Kyushu,18.5,2811.800000000001,14510.7,2811.800000000001,20.0,Balanced stack
2026-09-25,38,System Price,26.6,10370.5,16182.899999999994,10370.5,20.0,Balanced stack
2026-09-25,39,Hokkaido / Tohoku / Tokyo / Chubu,29.0,6719.799999999999,13331.7,6719.799999999999,20.0,Balanced stack
2026-09-25,39,Hokuriku / Kansai / Chugoku / Kyushu,18.5,3047.399999999998,14261.100000000002,3047.399999999998,20.0,Balanced stack
2026-09-25,39,System Price,25.62,10249.100000000006,15939.599999999991,10249.100000000006,20.0,Balanced stack
2026-09-25,40,Hokkaido / Tohoku / Tokyo / Chubu,28.61,6607.999999999996,13213.300000000007,6607.999999999996,20.0,Balanced stack
2026-09-25,40,Hokuriku / Kansai / Chugoku / Kyushu,17.5,3920.999999999998,13393.6,3920.999999999998,20.0,Balanced stack
2026-09-25,40,System Price,24.41,12544.900000000001,16026.799999999996,12544.900000000001,20.0,Balanced stack
2026-09-25,41,Hokkaido / Tohoku / Tokyo / Chubu,27.37,7792.9000000000015,11378.099999999999,7792.9000000000015,20.0,Balanced stack
2026-09-25,41,Hokuriku / Kansai / Chugoku / Kyushu,17.6,3141.8999999999996,13048.200000000003,3141.8999999999996,20.0,Balanced stack
2026-09-25,41,System Price,23.01,12613.000000000007,13616.199999999997,12613.000000000007,20.0,Balanced stack
2026-09-25,42,Hokkaido / Tohoku / Tokyo / Chubu,26.71,7870.799999999996,10088.200000000004,7870.799999999996,20.0,Balanced stack
2026-09-25,42,Hokuriku / Kansai / Chugoku / Kyushu,17.1,3321.1000000000004,12827.5,3321.1000000000004,20.0,Balanced stack
2026-09-25,42,System Price,21.99,12305.400000000001,13572.900000000001,12305.400000000001,20.0,Balanced stack
2026-09-25,43,Hokkaido / Tohoku / Tokyo / Chubu,25.57,8190.0999999999985,9750.100000000002,8190.0999999999985,20.0,Balanced stack
2026-09-25,43,Hokuriku / Kansai / Chugoku / Kyushu,17.01,2878.2000000000025,13039.799999999997,2878.2000000000025,20.0,Balanced stack
2026-09-25,43,System Price,20.0,11887.700000000004,36367.1,11887.700000000004,20.0,Balanced stack
2026-09-25,44,Hokkaido / Tohoku / Tokyo / Chubu,28.37,5838.0999999999985,11962.900000000001,5838.0999999999985,20.0,Balanced stack
2026-09-25,44,Hokuriku / Kansai / Chugoku / Kyushu,16.48,3526.7000000000007,12762.100000000002,3526.7000000000007,20.0,Balanced stack
2026-09-25,44,System Price,24.0,12114.000000000007,14137.199999999997,12114.000000000007,20.0,Balanced stack
2026-09-25,45,Hokkaido / Tohoku / Tokyo / Chubu,29.5,7578.899999999998,11145.7,7578.899999999998,20.0,Balanced stack
2026-09-25,45,Hokuriku / Kansai / Chugoku / Kyushu,16.81,3471.199999999999,12585.400000000001,3471.199999999999,20.0,Balanced stack
2026-09-25,45,System Price,24.3,13726.899999999994,13850.099999999999,13726.899999999994,20.0,Balanced stack
2026-09-25,46,Hokkaido / Tohoku / Tokyo / Chubu,28.01,8166.999999999996,10419.800000000003,8166.999999999996,20.0,Balanced stack
2026-09-25,46,Hokuriku / Kansai / Chugoku / Kyushu,16.63,3131.5,12676.099999999999,3131.5,20.0,Balanced stack
2026-09-25,46,System Price,23.65,14080.799999999996,12967.100000000006,12967.100000000006,20.0,Balanced stack
2026-09-25,47,Hokkaido / Tohoku / Tokyo / Chubu,27.5,8570.399999999998,10468.5,8570.399999999998,20.0,Balanced stack
2026-09-25,47,Hokuriku / Kansai / Chugoku / Kyushu,16.05,3207.6000000000004,12321.3,3207.6000000000004,20.0,Balanced stack
2026-09-25,47,System Price,23.06,14409.3,12659.699999999997,12659.699999999997,20.0,Balanced stack
2026-09-25,48,Hokkaido / Tohoku / Tokyo / Chubu,25.93,9350.400000000001,9421.599999999995,9350.400000000001,20.0,Balanced stack
2026-09-25,48,Hokuriku / Kansai / Chugoku / Kyushu,14.5,3442.2999999999993,11591.800000000003,3442.2999999999993,20.0,Balanced stack
2026-09-25,48,System Price,19.5,14909.600000000002,31730.599999999995,14909.600000000002,20.0,Balanced stack
2026-09-26,1,Hokkaido / Tohoku / Tokyo / Chubu,24.3,9258.0,9992.199999999997,9258.0,20.0,Balanced stack
2026-09-26,1,Hokuriku / Kansai / Chugoku / Shikoku / Kyushu,8.77,4837.1,12410.500000000002,4837.1,20.0,Balanced stack
2026-09-26,1,System Price,18.63,14614.69999999999,32799.8,14614.69999999999,20.0,Balanced stack
2026-09-26,2,Hokkaido / Tohoku / Tokyo / Chubu,24.15,8874.0,9455.000000000004,8874.0,20.0,Balanced stack
2026-09-26,2,Hokuriku / Kansai / Chugoku / Shikoku / Kyushu,10.76,3810.4000000000015,12644.800000000001,3810.4000000000015,20.0,Balanced stack
2026-09-26,2,System Price,17.86,13523.999999999996,31442.7,13523.999999999996,20.0,Balanced stack
2026-09-26,3,Hokkaido / Tohoku / Tokyo / Chubu,23.81,9674.200000000004,8800.399999999998,8800.399999999998,20.0,Balanced stack
2026-09-26,3,Hokuriku / Kansai / Chugoku / Shikoku / Kyushu,12.17,3167.0,13330.700000000003,3167.0,20.0,Balanced stack
2026-09-26,3,System Price,16.48,13691.800000000003,30543.4,13691.800000000003,20.0,Balanced stack
2026-09-26,4,Hokkaido / Tohoku / Tokyo / Chubu,22.79,10262.5,8233.699999999997,8233.699999999997,20.0,Balanced stack
2026-09-26,4,Hokuriku / Kansai / Chugoku / Shikoku / Kyushu,12.2,3072.6000000000004,13453.7,3072.6000000000004,20.0,Balanced stack
2026-09-26,4,System Price,15.0,14850.200000000004,29882.199999999997,14850.200000000004,20.0,Balanced stack
2026-09-26,5,Hokkaido / Tohoku / Tokyo / Chubu,22.0,10460.399999999998,7916.399999999998,7916.399999999998,20.0,Balanced stack
2026-09-26,5,Hokuriku / Kansai / Chugoku / Shikoku / Kyushu,12.19,3218.0,13324.6,3218.0,20.0,Balanced stack
2026-09-26,5,System Price,14.63,15071.500000000004,29384.6,15071.500000000004,20.0,Balanced stack
2026-09-26,6,Hokkaido / Tohoku,16.1,750.1000000000004,4596.299999999999,750.1000000000004,20.0,Thin stack
2026-09-26,6,Hokuriku / Kansai / Chugoku / Shikoku / Kyushu,12.43,2946.4000000000015,13566.400000000001,2946.4000000000015,20.0,Balanced stack
2026-09-26,6,System Price,14.63,15055.099999999999,29648.500000000004,15055.099999999999,20.0,Balanced stack
2026-09-26,6,Tokyo / Chubu,21.74,9946.899999999998,6380.9000000000015,6380.9000000000015,20.0,Balanced stack
2026-09-26,7,Hokkaido / Tohoku,20.01,1181.3000000000002,1627.6999999999998,1181.3000000000002,20.0,Thin stack
2026-09-26,7,Hokuriku / Kansai / Chugoku / Shikoku / Kyushu,12.1,3202.0,13266.000000000002,3202.0,20.0,Balanced stack
2026-09-26,7,System Price,14.69,15084.499999999993,30134.200000000004,15084.499999999993,20.0,Balanced stack
2026-09-26,7,Tokyo / Chubu,22.01,9933.400000000001,6461.299999999999,6461.299999999999,20.0,Balanced stack
2026-09-26,8,Hokkaido / Tohoku,20.26,1165.6000000000004,1621.3000000000002,1165.6000000000004,20.0,Thin stack
2026-09-26,8,Hokuriku / Kansai / Chugoku / Shikoku / Kyushu,10.75,3412.899999999998,12682.600000000002,3412.899999999998,20.0,Balanced stack
2026-09-26,8,System Price,15.5,15401.199999999993,30140.800000000003,15401.199999999993,20.0,Balanced stack
2026-09-26,8,Tokyo / Chubu,22.01,10081.3,6415.299999999999,6415.299999999999,20.0,Balanced stack
2026-09-26,9,Hokkaido / Tohoku,12.22,904.8000000000002,4608.7,904.8000000000002,20.0,Thin stack
2026-09-26,9,Hokuriku / Kansai / Chugoku / Kyushu,13.25,2896.7000000000007,11946.4,2896.7000000000007,20.0,Balanced stack
2026-09-26,9,System Price,17.12,14994.699999999997,31196.000000000007,14994.699999999997,20.0,Balanced stack
2026-09-26,9,Tokyo / Chubu,22.01,10088.000000000002,6449.0999999999985,6449.0999999999985,20.0,Balanced stack
2026-09-26,10,Hokkaido / Tohoku,10.71,691.1999999999998,4601.1,691.1999999999998,20.0,Thin stack
2026-09-26,10,Hokuriku / Kansai / Chugoku / Kyushu,16.72,2746.300000000001,11948.4,2746.300000000001,20.0,Balanced stack
2026-09-26,10,System Price,18.01,14331.000000000004,31245.799999999996,14331.000000000004,20.0,Balanced stack
2026-09-26,10,Tokyo / Chubu,22.01,10078.799999999997,6416.000000000004,6416.000000000004,20.0,Balanced stack
2026-09-26,11,Hokkaido / Tohoku,10.61,729.5,4579.8,729.5,20.0,Thin stack
2026-09-26,11,Hokuriku / Kansai / Chugoku / Shikoku / Kyushu,15.52,3202.399999999998,13314.100000000002,3202.399999999998,20.0,Balanced stack
2026-09-26,11,System Price,18.23,14607.900000000001,31193.299999999992,14607.900000000001,20.0,Balanced stack
2026-09-26,11,Tokyo / Chubu,22.1,9794.8,6458.9000000000015,6458.9000000000015,20.0,Balanced stack
2026-09-26,12,Hokkaido / Tohoku,10.48,749.3000000000002,4623.9,749.3000000000002,20.0,Thin stack
2026-09-26,12,Hokuriku / Kansai / Chugoku / Kyushu,14.63,3011.8999999999996,11789.6,3011.8999999999996,20.0,Balanced stack
2026-09-26,12,System Price,17.12,14839.799999999996,30559.1,14839.799999999996,20.0,Balanced stack
2026-09-26,12,Tokyo / Chubu,22.03,9802.600000000002,5946.0999999999985,5946.0999999999985,20.0,Balanced stack
2026-09-26,13,Hokkaido / Tohoku,9.63,1111.1000000000004,4371.9,1111.1000000000004,20.0,Thin stack
2026-09-26,13,Hokuriku / Kansai / Chugoku / Shikoku / Kyushu,12.1,3483.2000000000007,12926.9,3483.2000000000007,20.0,Balanced stack
2026-09-26,13,System Price,14.11,15006.0,30247.199999999997,15006.0,20.0,Balanced stack
2026-09-26,13,Tokyo / Chubu,22.1,9565.699999999997,6764.100000000002,6764.100000000002,20.0,Balanced stack
2026-09-26,14,Hokkaido / Tohoku,9.64,1155.5,4433.8,1155.5,20.0,Thin stack
2026-09-26,14,Hokuriku / Kansai / Chugoku / Shikoku / Kyushu,12.1,3462.2999999999975,13189.0,3462.2999999999975,20.0,Balanced stack
2026-09-26,14,System Price,14.07,14730.899999999998,30145.0,14730.899999999998,20.0,Balanced stack
2026-09-26,14,Tokyo / Chubu,22.01,9681.599999999999,6513.700000000001,6513.700000000001,20.0,Balanced stack
2026-09-26,15,Hokkaido / Tohoku,9.56,1138.5,4611.1,1138.5,20.0,Thin stack
2026-09-26,15,Hokuriku / Kansai / Chugoku / Shikoku / Kyushu,12.2,3171.5999999999985,13711.9,3171.5999999999985,20.0,Balanced stack
2026-09-26,15,System Price,14.06,14384.200000000004,30925.7,14384.200000000004,20.0,Balanced stack
2026-09-26,15,Tokyo / Chubu,22.96,9139.599999999999,7068.700000000004,7068.700000000004,20.0,Balanced stack
2026-09-26,16,Hokkaido / Tohoku,9.54,1447.3000000000002,4394.0,1447.3000000000002,20.0,Thin stack
2026-09-26,16,Hokuriku / Kansai / Chugoku / Shikoku / Kyushu,10.95,3579.800000000003,13315.5,3579.800000000003,20.0,Balanced stack
2026-09-26,16,System Price,14.01,14766.800000000003,30133.099999999995,14766.800000000003,20.0,Balanced stack
2026-09-26,16,Tokyo / Chubu,22.95,8931.6,7581.0999999999985,7581.0999999999985,20.0,Balanced stack
2026-09-26,17,Hokkaido / Tohoku,10.23,863.3000000000002,5187.599999999999,863.3000000000002,20.0,Thin stack
2026-09-26,17,Hokuriku / Kansai / Chugoku / Shikoku / Kyushu,10.82,3671.3999999999996,13217.200000000003,3671.3999999999996,20.0,Balanced stack
2026-09-26,17,System Price,14.31,13667.099999999999,32273.2,13667.099999999999,20.0,Balanced stack
2026-09-26,17,Tokyo / Chubu,23.71,8628.899999999998,7939.0,7939.0,20.0,Balanced stack
2026-09-26,18,Hokkaido / Tohoku,9.9,988.5999999999995,5098.9,988.5999999999995,20.0,Thin stack
2026-09-26,18,Hokuriku / Kansai / Chugoku / Shikoku / Kyushu,13.21,2948.800000000003,14154.499999999998,2948.800000000003,20.0,Balanced stack
2026-09-26,18,System Price,15.0,13443.099999999991,33414.3,13443.099999999991,20.0,Balanced stack
2026-09-26,18,Tokyo / Chubu,24.06,8128.799999999996,8720.700000000004,8128.799999999996,20.0,Balanced stack
2026-09-26,19,Hokuriku / Kansai / Chugoku / Shikoku,17.29,3291.999999999998,12812.5,3291.999999999998,20.0,Balanced stack
2026-09-26,19,System Price,17.77,15152.099999999999,34856.6,15152.099999999999,20.0,Balanced stack
2026-09-26,19,Tokyo / Chubu,24.08,8200.400000000001,8850.8,8200.400000000001,20.0,Balanced stack
2026-09-26,20,Hokuriku / Kansai / Chugoku / Shikoku / Kyushu,17.8,4010.3999999999996,15804.5,4010.3999999999996,20.0,Balanced stack
2026-09-26,20,System Price,17.9,14192.5,34815.5,14192.5,20.0,Balanced stack
2026-09-26,20,Tokyo / Chubu,24.17,7783.700000000004,8716.099999999999,7783.700000000004,20.0,Balanced stack
2026-09-26,21,Hokuriku / Kansai / Chugoku / Shikoku / Kyushu,17.8,3956.0999999999985,15850.1,3956.0999999999985,20.0,Balanced stack
2026-09-26,21,System Price,17.9,14723.5,34887.5,14723.5,20.0,Balanced stack
2026-09-26,21,Tokyo / Chubu,24.28,7882.5999999999985,9077.5,7882.5999999999985,20.0,Balanced stack
2026-09-26,22,Hokuriku / Kansai / Chugoku / Shikoku,17.8,3054.7999999999993,13527.399999999998,3054.7999999999993,20.0,Balanced stack
2026-09-26,22,System Price,17.5,15048.900000000001,35224.899999999994,15048.900000000001,20.0,Balanced stack
2026-09-26,22,Tokyo / Chubu,24.11,7775.699999999997,9521.900000000005,7775.699999999997,20.0,Balanced stack
2026-09-26,23,Hokuriku / Kansai / Chugoku / Shikoku,18.59,3023.0999999999985,13681.6,3023.0999999999985,20.0,Balanced stack
2026-09-26,23,System Price,17.0,15711.099999999999,34928.799999999996,15711.099999999999,20.0,Balanced stack
2026-09-26,23,Tokyo / Chubu,24.08,7904.0,9350.400000000001,7904.0,20.0,Balanced stack
2026-09-26,24,Hokuriku / Kansai / Chugoku / Shikoku,18.74,2864.2000000000007,13740.7,2864.2000000000007,20.0,Balanced stack
2026-09-26,24,System Price,16.17,13712.80000000001,34714.2,13712.80000000001,20.0,Balanced stack
2026-09-26,24,Tokyo / Chubu,24.08,7800.200000000001,9114.2,7800.200000000001,20.0,Balanced stack
2026-09-26,25,Hokuriku / Kansai / Chugoku / Shikoku / Kyushu,17.6,3622.5,15923.0,3622.5,20.0,Balanced stack
2026-09-26,25,System Price,15.02,14071.199999999997,34039.9,14071.199999999997,20.0,Balanced stack
2026-09-26,25,Tokyo / Chubu,23.6,8509.100000000002,8875.400000000001,8509.100000000002,20.0,Balanced stack
2026-09-26,26,Hokuriku / Kansai / Chugoku / Shikoku / Kyushu,17.8,3702.199999999997,15878.7,3702.199999999997,20.0,Balanced stack
2026-09-26,26,System Price,15.19,14550.300000000003,34176.1,14550.300000000003,20.0,Balanced stack
2026-09-26,26,Tokyo / Chubu,23.24,8706.400000000001,8907.099999999999,8706.400000000001,20.0,Balanced stack
2026-09-26,27,Hokuriku / Kansai / Chugoku / Shikoku,21.82,2972.300000000001,3953.300000000001,2972.300000000001,20.0,Balanced stack
2026-09-26,27,System Price,17.5,15668.19999999999,33884.90000000001,15668.19999999999,20.0,Balanced stack
2026-09-26,27,Tokyo / Chubu,23.24,9111.3,7749.500000000004,7749.500000000004,20.0,Balanced stack
2026-09-26,28,System Price,18.01,15132.599999999999,33846.6,15132.599999999999,20.0,Balanced stack
2026-09-26,28,Tokyo / Chubu / Hokuriku / Kansai / Chugoku / Shikoku,23.46,11858.099999999995,10728.899999999998,10728.899999999998,20.0,Balanced stack
2026-09-26,29,System Price,19.9,15161.900000000001,33335.899999999994,15161.900000000001,20.0,Balanced stack
2026-09-26,29,Tokyo / Chubu / Hokuriku / Kansai / Chugoku / Shikoku,23.71,11787.100000000002,10215.0,10215.0,20.0,Balanced stack
2026-09-26,30,System Price,20.33,15806.69999999999,13602.700000000004,13602.700000000004,20.0,Balanced stack
2026-09-26,30,Tokyo / Chubu / Hokuriku / Kansai / Chugoku / Shikoku,23.71,12027.5,10503.899999999998,10503.899999999998,20.0,Balanced stack
2026-09-26,31,System Price,20.36,15499.0,13835.0,13835.0,20.0,Balanced stack
2026-09-26,31,Tokyo / Chubu / Hokuriku / Kansai / Chugoku / Shikoku / Kyushu,23.81,11889.300000000003,12431.300000000003,11889.300000000003,20.0,Balanced stack
2026-09-26,32,Hokkaido / Tohoku,20.35,395.09999999999945,2146.2,395.09999999999945,20.0,Scarcity stack
2026-09-26,32,System Price,21.72,14337.900000000001,13957.299999999996,13957.299999999996,20.0,Balanced stack
2026-09-26,32,Tokyo / Chubu / Hokuriku / Kansai / Chugoku / Shikoku / Kyushu,24.08,11684.599999999995,13253.800000000003,11684.599999999995,20.0,Balanced stack
2026-09-26,33,Hokkaido / Tohoku / Tokyo / Chubu,23.37,6571.300000000003,9764.3,6571.300000000003,20.0,Balanced stack
2026-09-26,33,Hokuriku / Kansai / Chugoku / Shikoku / Kyushu,18.64,3772.800000000003,15871.199999999997,3772.800000000003,20.0,Balanced stack
2026-09-26,33,System Price,20.86,12272.800000000003,14695.499999999993,12272.800000000003,20.0,Balanced stack
2026-09-26,34,Hokuriku / Kansai / Chugoku / Shikoku / Kyushu,17.2,4707.899999999998,15113.599999999999,4707.899999999998,20.0,Balanced stack
2026-09-26,34,System Price,21.74,12593.099999999999,14333.700000000004,12593.099999999999,20.0,Balanced stack
2026-09-26,34,Tohoku / Tokyo / Chubu,24.06,6495.299999999999,9579.900000000001,6495.299999999999,20.0,Balanced stack
2026-09-26,35,Hokuriku / Kansai / Chugoku / Kyushu,17.04,3606.4000000000015,13123.3,3606.4000000000015,20.0,Balanced stack
2026-09-26,35,System Price,20.35,12628.900000000001,13699.199999999997,12628.900000000001,20.0,Balanced stack
2026-09-26,35,Tohoku / Tokyo / Chubu,23.5,7655.200000000001,8963.0,7655.200000000001,20.0,Balanced stack
2026-09-26,36,Hokuriku / Kansai / Chugoku / Kyushu,16.5,3818.5,12760.899999999998,3818.5,20.0,Balanced stack
2026-09-26,36,System Price,20.4,11268.799999999996,14355.300000000003,11268.799999999996,20.0,Balanced stack
2026-09-26,36,Tohoku / Tokyo / Chubu,24.17,6735.700000000001,9644.399999999998,6735.700000000001,20.0,Balanced stack
2026-09-26,37,Hokkaido / Tohoku / Tokyo / Chubu,24.22,6875.0999999999985,10203.099999999999,6875.0999999999985,20.0,Balanced stack
2026-09-26,37,Hokuriku / Kansai / Chugoku / Kyushu,17.1,3231.5999999999985,13645.4,3231.5999999999985,20.0,Balanced stack
2026-09-26,37,System Price,20.4,10964.299999999996,14681.200000000004,10964.299999999996,20.0,Balanced stack
2026-09-26,38,Hokkaido / Tohoku / Tokyo / Chubu,24.4,6232.5999999999985,10757.3,6232.5999999999985,20.0,Balanced stack
2026-09-26,38,Hokuriku / Kansai / Chugoku / Kyushu,17.1,3243.2999999999993,13575.599999999999,3243.2999999999993,20.0,Balanced stack
2026-09-26,38,System Price,20.83,11048.300000000003,14560.0,11048.300000000003,20.0,Balanced stack
2026-09-26,39,Hokkaido / Tohoku / Tokyo / Chubu,24.01,6624.4000000000015,10122.599999999999,6624.4000000000015,20.0,Balanced stack
2026-09-26,39,Hokuriku / Kansai / Chugoku / Kyushu,17.0,3826.600000000002,13142.699999999999,3826.600000000002,20.0,Balanced stack
2026-09-26,39,System Price,20.38,11804.300000000003,13744.300000000003,11804.300000000003,20.0,Balanced stack
2026-09-26,40,Hokkaido / Tohoku / Tokyo / Chubu,23.0,7199.299999999996,9576.0,7199.299999999996,20.0,Balanced stack
2026-09-26,40,Hokuriku / Kansai / Chugoku / Kyushu,15.92,4003.2999999999993,12687.7,4003.2999999999993,20.0,Balanced stack
2026-09-26,40,System Price,19.0,11852.399999999994,33793.5,11852.399999999994,20.0,Balanced stack
2026-09-26,41,Hokkaido / Tohoku / Tokyo / Chubu,21.66,7657.000000000004,8721.999999999996,7657.000000000004,20.0,Balanced stack
2026-09-26,41,Hokuriku / Kansai / Chugoku / Kyushu,17.0,3708.800000000001,12599.9,3708.800000000001,20.0,Balanced stack
2026-09-26,41,System Price,17.54,12277.399999999994,32975.299999999996,12277.399999999994,20.0,Balanced stack
2026-09-26,42,Hokkaido / Tohoku / Tokyo / Chubu,20.4,8227.800000000003,8975.099999999999,8227.800000000003,20.0,Balanced stack
2026-09-26,42,Hokuriku / Kansai / Chugoku / Kyushu,14.5,3885.999999999998,12271.2,3885.999999999998,20.0,Balanced stack
2026-09-26,42,System Price,17.0,13531.300000000003,32107.0,13531.300000000003,20.0,Balanced stack
2026-09-26,43,Hokuriku / Kansai / Chugoku / Kyushu,13.41,3889.999999999998,12126.800000000003,3889.999999999998,20.0,Balanced stack
2026-09-26,43,System Price,17.01,13158.099999999999,32242.800000000003,13158.099999999999,20.0,Balanced stack
2026-09-26,43,Tohoku / Tokyo / Chubu,22.0,8247.400000000001,8109.200000000001,8109.200000000001,20.0,Balanced stack
2026-09-26,44,Hokuriku / Kansai / Chugoku / Kyushu,12.01,4440.0999999999985,11574.900000000001,4440.0999999999985,20.0,Balanced stack
2026-09-26,44,System Price,14.69,14368.399999999994,30908.500000000004,14368.399999999994,20.0,Balanced stack
2026-09-26,44,Tohoku / Tokyo,20.35,6622.199999999999,3379.7000000000007,3379.7000000000007,20.0,Balanced stack
2026-09-26,45,Hokkaido / Tohoku,10.01,600.0999999999995,4389.400000000001,600.0999999999995,20.0,Thin stack
2026-09-26,45,Hokuriku / Kansai / Chugoku / Shikoku / Kyushu,13.41,4431.1,13322.0,4431.1,20.0,Balanced stack
2026-09-26,45,System Price,15.04,14007.599999999999,29711.4,14007.599999999999,20.0,Balanced stack
2026-09-26,46,Hokkaido / Tohoku,9.73,612.5,4349.9,612.5,20.0,Thin stack
2026-09-26,46,Hokuriku / Kansai / Chugoku / Shikoku / Kyushu,12.18,4990.699999999999,13020.5,4990.699999999999,20.0,Balanced stack
2026-09-26,46,System Price,14.16,15879.499999999996,28807.100000000006,15879.499999999996,20.0,Balanced stack
2026-09-26,47,Hokkaido / Tohoku,10.66,539.6000000000004,4468.7,539.6000000000004,20.0,Thin stack
2026-09-26,47,Hokuriku / Kansai / Chugoku / Shikoku / Kyushu,10.01,4760.599999999997,12502.000000000004,4760.599999999997,20.0,Balanced stack
2026-09-26,47,System Price,14.12,16026.300000000007,28981.5,16026.300000000007,20.0,Balanced stack
2026-09-26,47,Tokyo / Chubu,22.02,9101.400000000001,5827.199999999997,5827.199999999997,20.0,Balanced stack
2026-09-26,48,Hokkaido / Tohoku,10.0,537.4000000000005,4332.599999999999,537.4000000000005,20.0,Thin stack
2026-09-26,48,Hokuriku / Kansai / Chugoku / Shikoku / Kyushu,8.13,5356.899999999998,11793.500000000004,5356.899999999998,20.0,Balanced stack
2026-09-26,48,System Price,12.75,15658.499999999996,27789.800000000003,15658.499999999996,20.0,Balanced stack
2026-09-26,48,Tokyo / Chubu,15.96,8894.7,12902.199999999999,8894.7,20.0,Balanced stack
2026-09-27,1,Hokkaido / Tohoku,11.08,587.0999999999985,4421.6,587.0999999999985,20.0,Thin stack
2026-09-27,1,Hokuriku / Kansai / Chugoku / Shikoku / Kyushu,9.51,5628.5,11954.2,5628.5,20.0,Balanced stack
2026-09-27,1,System Price,16.88,13498.800000000007,31249.699999999997,13498.800000000007,20.0,Balanced stack
2026-09-27,2,Hokkaido / Tohoku,10.72,627.5,4357.7,627.5,20.0,Thin stack
2026-09-27,2,Hokuriku / Kansai / Chugoku / Shikoku / Kyushu,9.22,5369.399999999998,12035.800000000001,5369.399999999998,20.0,Balanced stack
2026-09-27,2,System Price,14.15,14240.199999999997,29552.600000000002,14240.199999999997,20.0,Balanced stack
2026-09-27,3,Hokkaido / Tohoku,11.91,744.4999999999991,4249.900000000001,744.4999999999991,20.0,Thin stack
2026-09-27,3,Hokuriku / Kansai / Chugoku / Shikoku / Kyushu,10.93,4929.9000000000015,12894.900000000001,4929.9000000000015,20.0,Balanced stack
2026-09-27,3,System Price,12.74,14047.900000000001,29356.999999999996,14047.900000000001,20.0,Balanced stack
2026-09-27,4,Hokuriku / Kansai / Chugoku / Shikoku / Kyushu,10.41,5245.700000000001,12770.7,5245.700000000001,20.0,Balanced stack
2026-09-27,4,System Price,13.25,13872.800000000003,29672.2,13872.800000000003,20.0,Balanced stack
2026-09-27,5,Hokuriku / Kansai / Chugoku / Shikoku / Kyushu,10.41,5317.999999999998,12862.4,5317.999999999998,20.0,Balanced stack
2026-09-27,5,System Price,12.91,14393.2,29896.6,14393.2,20.0,Balanced stack
2026-09-27,6,Hokuriku / Kansai / Chugoku / Shikoku / Kyushu,10.41,5141.6,12872.6,5141.6,20.0,Balanced stack
2026-09-27,6,System Price,16.51,14641.100000000006,31524.399999999998,14641.100000000006,20.0,Balanced stack
2026-09-27,7,Hokuriku / Kansai / Chugoku / Shikoku / Kyushu,10.7,4947.1,13065.000000000002,4947.1,20.0,Balanced stack
2026-09-27,7,System Price,17.54,14241.099999999999,32372.799999999996,14241.099999999999,20.0,Balanced stack
2026-09-27,8,Hokuriku / Kansai / Chugoku / Shikoku / Kyushu,13.41,4039.1000000000004,13657.099999999999,4039.1000000000004,20.0,Balanced stack
2026-09-27,8,System Price,20.01,13555.799999999996,13996.100000000002,13555.799999999996,20.0,Balanced stack
2026-09-27,9,Hokuriku / Kansai / Chugoku / Shikoku / Kyushu,14.5,4639.199999999999,13474.700000000003,4639.199999999999,20.0,Balanced stack
2026-09-27,9,System Price,20.01,13493.5,14419.700000000004,13493.5,20.0,Balanced stack
2026-09-27,10,Hokuriku / Kansai / Chugoku / Shikoku / Kyushu,16.59,4730.4,13700.800000000001,4730.4,20.0,Balanced stack
2026-09-27,10,System Price,20.04,12927.400000000001,14104.899999999994,12927.400000000001,20.0,Balanced stack
2026-09-27,11,Hokkaido / Tohoku,11.0,717.0999999999995,4254.1,717.0999999999995,20.0,Thin stack
2026-09-27,11,Hokuriku / Kansai / Chugoku / Shikoku / Kyushu,16.85,4622.100000000002,13571.400000000001,4622.100000000002,20.0,Balanced stack
2026-09-27,11,System Price,19.79,13337.399999999998,33277.2,13337.399999999998,20.0,Balanced stack
2026-09-27,12,Chubu / Hokuriku / Kansai / Chugoku / Shikoku / Kyushu,16.85,8562.5,19681.1,8562.5,20.0,Balanced stack
2026-09-27,12,System Price,18.59,13994.199999999997,32604.100000000002,13994.199999999997,20.0,Balanced stack
2026-09-27,13,Hokkaido / Tohoku,10.69,1111.9000000000005,4198.1,1111.9000000000005,20.0,Thin stack
2026-09-27,13,Hokuriku / Kansai / Chugoku / Shikoku / Kyushu,13.11,4969.4000000000015,13461.999999999998,4969.4000000000015,20.0,Balanced stack
2026-09-27,13,System Price,16.43,15233.999999999996,31123.699999999997,15233.999999999996,20.0,Balanced stack
2026-09-27,14,Hokkaido / Tohoku,10.57,1247.6000000000004,4286.2,1247.6000000000004,20.0,Thin stack
2026-09-27,14,Hokuriku / Kansai / Chugoku / Shikoku / Kyushu,10.9,5645.999999999998,13204.1,5645.999999999998,20.0,Balanced stack
2026-09-27,14,System Price,12.16,16726.100000000002,28944.1,16726.100000000002,20.0,Balanced stack
2026-09-27,15,Hokkaido / Tohoku,10.11,1584.6999999999998,4014.6,1584.6999999999998,20.0,Balanced stack
2026-09-27,15,Hokuriku / Kansai / Chugoku / Shikoku / Kyushu,10.4,4298.799999999999,13005.599999999999,4298.799999999999,20.0,Balanced stack
2026-09-27,15,System Price,11.26,15209.5,28242.199999999997,15209.5,20.0,Balanced stack
2026-09-27,16,Hokkaido / Tohoku,7.87,1808.1999999999998,3938.9999999999995,1808.1999999999998,20.0,Balanced stack
2026-09-27,16,Hokuriku / Kansai / Chugoku / Shikoku / Kyushu,10.31,4244.4,13134.600000000002,4244.4,20.0,Balanced stack
2026-09-27,16,System Price,10.91,17213.9,27473.399999999998,17213.9,20.0,Balanced stack
2026-09-27,17,Hokuriku / Kansai / Chugoku / Shikoku / Kyushu,10.0,4037.7000000000007,13402.3,4037.7000000000007,20.0,Balanced stack
2026-09-27,17,System Price,10.4,17535.5,27115.0,17535.5,20.0,Balanced stack
2026-09-27,18,Hokkaido / Tohoku,10.43,2048.699999999999,4509.300000000001,2048.699999999999,20.0,Balanced stack
2026-09-27,18,Hokuriku / Kansai / Chugoku / Shikoku / Kyushu,10.4,4461.5,13404.0,4461.5,20.0,Balanced stack
2026-09-27,18,System Price,10.4,18079.600000000006,27027.299999999996,18079.600000000006,20.0,Balanced stack
2026-09-27,19,Hokuriku / Kansai / Chugoku / Shikoku / Kyushu,9.6,4904.100000000002,13290.899999999998,4904.100000000002,20.0,Balanced stack
2026-09-27,19,System Price,9.9,18202.100000000006,26636.299999999996,18202.100000000006,20.0,Balanced stack
2026-09-27,20,Hokkaido / Tohoku,8.0,2150.6000000000013,4292.299999999999,2150.6000000000013,20.0,Balanced stack
2026-09-27,20,Hokuriku / Kansai / Chugoku / Shikoku / Kyushu,8.41,5332.299999999999,13050.600000000002,5332.299999999999,20.0,Balanced stack
2026-09-27,20,System Price,10.06,18355.1,27182.3,18355.1,20.0,Balanced stack
2026-09-27,21,Hokkaido / Tohoku,6.6,1881.3000000000002,4187.300000000001,1881.3000000000002,20.0,Balanced stack
2026-09-27,21,Hokuriku / Kansai / Chugoku / Shikoku / Kyushu,9.46,4762.299999999999,13442.200000000003,4762.299999999999,20.0,Balanced stack
2026-09-27,21,System Price,9.59,18047.4,26868.4,18047.4,20.0,Balanced stack
2026-09-27,22,Hokkaido / Tohoku,4.9,2028.500000000001,4113.5,2028.500000000001,20.0,Balanced stack
2026-09-27,22,Hokuriku / Kansai / Chugoku / Shikoku / Kyushu,9.46,5120.399999999998,13407.2,5120.399999999998,20.0,Balanced stack
2026-09-27,22,System Price,9.5,18754.800000000003,26605.300000000003,18754.800000000003,20.0,Balanced stack
2026-09-27,23,Chubu / Hokuriku / Kansai / Chugoku / Shikoku / Kyushu,10.41,10208.600000000002,17356.8,10208.600000000002,20.0,Balanced stack
2026-09-27,23,Hokkaido / Tohoku,6.07,1987.8999999999996,4167.599999999999,1987.8999999999996,20.0,Balanced stack
2026-09-27,23,System Price,9.59,18563.1,27029.7,18563.1,20.0,Balanced stack
2026-09-27,24,Chubu / Hokuriku / Kansai / Chugoku / Shikoku / Kyushu,10.54,10132.5,17463.599999999995,10132.5,20.0,Balanced stack
2026-09-27,24,Hokkaido / Tohoku,5.0,1967.3999999999996,4207.9000000000015,1967.3999999999996,20.0,Balanced stack
2026-09-27,24,System Price,10.23,19285.09999999999,27540.300000000003,19285.09999999999,20.0,Balanced stack
2026-09-27,25,Chubu / Hokuriku / Kansai / Chugoku / Shikoku / Kyushu,9.58,10290.5,16749.1,10290.5,20.0,Balanced stack
2026-09-27,25,Hokkaido / Tohoku,9.41,2207.500000000001,4330.799999999999,2207.500000000001,20.0,Balanced stack
2026-09-27,25,System Price,9.59,19318.899999999994,27032.600000000006,19318.899999999994,20.0,Balanced stack
2026-09-27,26,Chubu / Hokuriku / Kansai / Chugoku / Shikoku / Kyushu,10.28,10386.699999999997,17261.600000000002,10386.699999999997,20.0,Balanced stack
2026-09-27,26,Hokkaido / Tohoku,9.53,1934.2999999999993,4541.900000000001,1934.2999999999993,20.0,Balanced stack
2026-09-27,26,System Price,10.6,19464.600000000006,27901.299999999996,19464.600000000006,20.0,Balanced stack
2026-09-27,27,Hokkaido / Tohoku,9.49,2205.5,4496.5,2205.5,20.0,Balanced stack
2026-09-27,27,System Price,8.13,19570.5,26033.299999999996,19570.5,20.0,Balanced stack
2026-09-27,27,Tokyo / Chubu / Hokuriku / Kansai / Chugoku / Shikoku / Kyushu,10.01,17115.59999999999,22816.7,17115.59999999999,20.0,Balanced stack
2026-09-27,28,System Price,9.23,19072.500000000004,26202.299999999996,19072.500000000004,20.0,Balanced stack
2026-09-27,28,Tokyo / Chubu / Hokuriku / Kansai / Chugoku / Shikoku / Kyushu,10.41,16527.899999999998,23041.000000000004,16527.899999999998,20.0,Balanced stack
2026-09-27,29,Chubu / Hokuriku / Kansai / Chugoku / Shikoku / Kyushu,12.05,9570.099999999995,18570.800000000003,9570.099999999995,20.0,Balanced stack
2026-09-27,29,System Price,9.81,17986.1,26802.700000000004,17986.1,20.0,Balanced stack
2026-09-27,30,Chubu / Hokuriku / Kansai / Chugoku / Shikoku / Kyushu,12.13,9063.500000000004,19025.8,9063.500000000004,20.0,Balanced stack
2026-09-27,30,System Price,11.98,16647.000000000007,29158.099999999995,16647.000000000007,20.0,Balanced stack
2026-09-27,31,System Price,11.41,16185.2,28610.199999999997,16185.2,20.0,Balanced stack
2026-09-27,31,Tokyo / Chubu / Hokuriku / Kansai / Chugoku / Shikoku / Kyushu,13.21,13189.799999999996,25587.4,13189.799999999996,20.0,Balanced stack
2026-09-27,32,Chubu / Hokuriku / Kansai / Chugoku / Shikoku / Kyushu,16.81,8903.3,21167.100000000002,8903.3,20.0,Balanced stack
2026-09-27,32,System Price,14.9,15313.399999999994,31050.100000000006,15313.399999999994,20.0,Balanced stack
2026-09-27,33,Chubu / Hokuriku / Kansai / Chugoku / Shikoku / Kyushu,15.46,7091.200000000004,20424.8,7091.200000000004,20.0,Balanced stack
2026-09-27,33,Hokkaido / Tohoku,20.28,1120.8000000000002,1886.7999999999993,1120.8000000000002,20.0,Thin stack
2026-09-27,33,System Price,16.82,12659.5,32107.0,12659.5,20.0,Balanced stack
2026-09-27,34,Hokuriku / Kansai / Chugoku / Shikoku / Kyushu,13.21,5574.1,13667.800000000001,5574.1,20.0,Balanced stack
2026-09-27,34,System Price,19.5,12598.800000000003,33437.1,12598.800000000003,20.0,Balanced stack
2026-09-27,34,Tohoku / Tokyo,26.24,2932.399999999998,4831.400000000003,2932.399999999998,20.0,Balanced stack
2026-09-27,35,Hokuriku / Kansai / Chugoku / Kyushu,16.1,4595.699999999999,12235.000000000002,4595.699999999999,20.0,Balanced stack
2026-09-27,35,System Price,24.05,11123.600000000006,13333.999999999993,11123.600000000006,20.0,Balanced stack
2026-09-27,35,Tohoku / Tokyo,28.9,2701.899999999998,5607.000000000002,2701.899999999998,20.0,Balanced stack
2026-09-27,36,Hokuriku / Kansai / Chugoku / Kyushu,16.85,4817.100000000002,12294.7,4817.100000000002,20.0,Balanced stack
2026-09-27,36,System Price,24.78,10903.799999999996,13509.300000000003,10903.799999999996,20.0,Balanced stack
2026-09-27,36,Tohoku / Tokyo,33.5,6853.5,5547.599999999997,5547.599999999997,20.0,Balanced stack
2026-09-27,37,Hokuriku / Kansai / Chugoku / Kyushu,17.0,3808.5999999999985,13369.000000000002,3808.5999999999985,20.0,Balanced stack
2026-09-27,37,System Price,25.05,10468.299999999996,13626.900000000009,10468.299999999996,20.0,Balanced stack
2026-09-27,37,Tohoku / Tokyo,33.68,6248.0,6874.4000000000015,6248.0,20.0,Balanced stack
2026-09-27,38,Hokuriku / Kansai / Chugoku / Kyushu,17.04,3492.7999999999993,13473.0,3492.7999999999993,20.0,Balanced stack
2026-09-27,38,System Price,25.0,10243.900000000001,14600.800000000003,10243.900000000001,20.0,Balanced stack
2026-09-27,38,Tohoku / Tokyo,33.5,6993.200000000003,5634.5,5634.5,20.0,Balanced stack
2026-09-27,39,Hokuriku / Kansai / Chugoku / Kyushu,17.04,3514.7000000000007,13449.4,3514.7000000000007,20.0,Balanced stack
2026-09-27,39,System Price,24.8,9478.099999999999,15025.699999999997,9478.099999999999,20.0,Balanced stack
2026-09-27,39,Tohoku / Tokyo,33.5,6577.199999999999,5899.4,5899.4,20.0,Balanced stack
2026-09-27,40,Hokuriku / Kansai / Chugoku / Kyushu,17.0,3622.300000000001,12947.500000000002,3622.300000000001,20.0,Balanced stack
2026-09-27,40,System Price,24.02,10169.599999999991,14009.0,10169.599999999991,20.0,Balanced stack
2026-09-27,40,Tohoku / Tokyo,29.0,2095.0,5871.700000000001,2095.0,20.0,Balanced stack
2026-09-27,41,Hokuriku / Kansai / Chugoku / Kyushu,17.01,3627.0,12591.300000000001,3627.0,20.0,Balanced stack
2026-09-27,41,System Price,23.61,9051.300000000003,14233.0,9051.300000000003,20.0,Balanced stack
2026-09-27,41,Tohoku / Tokyo / Chubu,28.0,4062.7999999999993,10546.400000000005,4062.7999999999993,20.0,Balanced stack
2026-09-27,42,Hokuriku / Kansai / Chugoku / Kyushu,17.04,3567.5,12613.999999999998,3567.5,20.0,Balanced stack
2026-09-27,42,System Price,23.61,9674.900000000001,14276.399999999994,9674.900000000001,20.0,Balanced stack
2026-09-27,42,Tohoku / Tokyo / Chubu,27.04,4547.100000000002,10733.499999999996,4547.100000000002,20.0,Balanced stack
2026-09-27,43,Hokuriku / Kansai / Chugoku / Kyushu,17.04,3445.3999999999996,12705.200000000003,3445.3999999999996,20.0,Balanced stack
2026-09-27,43,System Price,23.61,9679.400000000009,14067.499999999993,9679.400000000009,20.0,Balanced stack
2026-09-27,43,Tohoku / Tokyo / Chubu,25.6,4817.999999999996,10511.000000000004,4817.999999999996,20.0,Balanced stack
2026-09-27,44,Hokuriku / Kansai / Chugoku / Kyushu,13.51,3395.7000000000007,12030.5,3395.7000000000007,20.0,Balanced stack
2026-09-27,44,System Price,23.59,11246.900000000001,12167.099999999999,11246.900000000001,20.0,Balanced stack
2026-09-27,44,Tohoku / Tokyo,25.36,2553.7000000000007,5967.299999999999,2553.7000000000007,20.0,Balanced stack
2026-09-27,45,Hokuriku / Kansai / Chugoku / Kyushu,13.21,3455.8999999999996,11900.600000000002,3455.8999999999996,20.0,Balanced stack
2026-09-27,45,System Price,23.0,12924.600000000002,11276.800000000003,11276.800000000003,20.0,Balanced stack
2026-09-27,45,Tohoku / Tokyo / Chubu,25.01,6785.000000000004,9362.399999999998,6785.000000000004,20.0,Balanced stack
2026-09-27,46,Hokuriku / Kansai / Chugoku / Kyushu,13.08,3826.2000000000007,11655.199999999999,3826.2000000000007,20.0,Balanced stack
2026-09-27,46,System Price,20.46,13666.000000000007,11933.899999999994,11933.899999999994,20.0,Balanced stack
2026-09-27,46,Tohoku / Tokyo / Chubu,24.5,7241.9000000000015,9123.8,7241.9000000000015,20.0,Balanced stack
2026-09-27,47,Hokuriku / Kansai / Chugoku / Kyushu,10.95,4145.300000000001,11840.3,4145.300000000001,20.0,Balanced stack
2026-09-27,47,System Price,20.0,14125.2,32412.899999999998,14125.2,20.0,Balanced stack
2026-09-27,47,Tohoku / Tokyo / Chubu,24.26,7371.799999999999,9331.0,7371.799999999999,20.0,Balanced stack
2026-09-27,48,Hokuriku / Kansai / Chugoku / Shikoku / Kyushu,7.89,5970.599999999997,11763.900000000001,5970.599999999997,20.0,Balanced stack
2026-09-27,48,System Price,17.26,13986.5,31107.4,13986.5,20.0,Balanced stack
2026-09-27,48,Tohoku / Tokyo / Chubu,23.71,8194.199999999997,8958.900000000001,8194.199999999997,20.0,Balanced stack
2026-09-28,1,Hokuriku / Kansai / Chugoku / Shikoku / Kyushu,7.95,4845.700000000003,11861.999999999998,4845.700000000003,20.0,Balanced stack
2026-09-28,1,System Price,11.43,13329.400000000001,28545.799999999996,13329.400000000001,20.0,Balanced stack
2026-09-28,1,Tohoku / Tokyo / Chubu,19.79,8990.399999999998,17059.3,8990.399999999998,20.0,Balanced stack
2026-09-28,2,Hokuriku / Kansai / Chugoku / Shikoku / Kyushu,9.22,3511.800000000001,12210.700000000003,3511.800000000001,20.0,Balanced stack
2026-09-28,2,System Price,11.0,13839.099999999999,26957.2,13839.099999999999,20.0,Balanced stack
2026-09-28,2,Tohoku / Tokyo / Chubu,18.1,9831.999999999996,16036.700000000004,9831.999999999996,20.0,Balanced stack
2026-09-28,3,Hokuriku / Kansai / Chugoku / Shikoku / Kyushu,12.33,2786.4000000000015,13307.0,2786.4000000000015,20.0,Balanced stack
2026-09-28,3,System Price,10.47,13811.100000000002,26762.9,13811.100000000002,20.0,Balanced stack
2026-09-28,3,Tohoku / Tokyo / Chubu,14.15,9291.299999999996,15464.900000000001,9291.299999999996,20.0,Balanced stack
2026-09-28,4,Hokuriku / Kansai / Chugoku / Shikoku / Kyushu,11.32,2840.8999999999996,13437.7,2840.8999999999996,20.0,Balanced stack
2026-09-28,4,System Price,11.16,14334.599999999999,27269.099999999995,14334.599999999999,20.0,Balanced stack
2026-09-28,4,Tohoku / Tokyo / Chubu,15.0,9862.9,15854.599999999999,9862.9,20.0,Balanced stack
2026-09-28,5,Hokuriku / Kansai / Chugoku / Shikoku / Kyushu,10.1,2915.2999999999975,12909.9,2915.2999999999975,20.0,Balanced stack
2026-09-28,5,System Price,11.21,14339.400000000001,27071.7,14339.400000000001,20.0,Balanced stack
2026-09-28,5,Tohoku / Tokyo / Chubu,15.0,9519.5,15987.5,9519.5,20.0,Balanced stack
2026-09-28,6,Hokuriku / Kansai / Chugoku / Shikoku / Kyushu,9.99,2876.2999999999993,12937.9,2876.2999999999993,20.0,Balanced stack
2026-09-28,6,System Price,11.25,14334.199999999997,27235.000000000007,14334.199999999997,20.0,Balanced stack
2026-09-28,6,Tohoku / Tokyo / Chubu,15.0,9673.399999999998,16109.7,9673.399999999998,20.0,Balanced stack
2026-09-28,7,Hokuriku / Kansai / Chugoku / Shikoku / Kyushu,11.87,2708.2999999999993,12896.1,2708.2999999999993,20.0,Balanced stack
2026-09-28,7,System Price,11.4,13957.299999999996,27336.800000000003,13957.299999999996,20.0,Balanced stack
2026-09-28,7,Tohoku / Tokyo / Chubu,19.61,10564.800000000001,16356.9,10564.800000000001,20.0,Balanced stack
2026-09-28,8,Hokuriku / Kansai / Chugoku / Shikoku / Kyushu,14.16,2830.300000000001,12747.0,2830.300000000001,20.0,Balanced stack
2026-09-28,8,System Price,12.08,13446.0,27860.000000000004,13446.0,20.0,Balanced stack
2026-09-28,8,Tohoku / Tokyo / Chubu,22.0,10093.599999999999,6540.300000000003,6540.300000000003,20.0,Balanced stack
2026-09-28,9,Hokuriku / Kansai / Chugoku / Shikoku / Kyushu,8.55,3395.9000000000033,12010.099999999997,3395.9000000000033,20.0,Balanced stack
2026-09-28,9,System Price,12.1,13201.0,28256.399999999998,13201.0,20.0,Balanced stack
2026-09-28,9,Tohoku / Tokyo / Chubu,22.34,10018.3,6532.000000000004,6532.000000000004,20.0,Balanced stack
2026-09-28,10,Hokuriku / Kansai / Chugoku / Shikoku / Kyushu,8.26,3747.5999999999967,11554.7,3747.5999999999967,20.0,Balanced stack
2026-09-28,10,System Price,12.61,12548.100000000006,28918.799999999996,12548.100000000006,20.0,Balanced stack
2026-09-28,10,Tohoku / Tokyo / Chubu,22.39,10262.399999999998,6471.600000000002,6471.600000000002,20.0,Balanced stack
2026-09-28,11,Hokkaido / Tohoku / Tokyo / Chubu,22.5,9182.7,8016.4000000000015,8016.4000000000015,20.0,Balanced stack
2026-09-28,11,Hokuriku / Kansai / Chugoku / Kyushu,12.6,2744.3999999999996,11307.6,2744.3999999999996,20.0,Balanced stack
2026-09-28,11,System Price,17.34,13169.699999999997,30605.800000000007,13169.699999999997,20.0,Balanced stack
2026-09-28,12,Hokuriku / Kansai / Chugoku / Kyushu,15.24,2981.0,11557.7,2981.0,20.0,Balanced stack
2026-09-28,12,System Price,19.22,14360.399999999998,31349.2,14360.399999999998,20.0,Balanced stack
2026-09-28,12,Tohoku / Tokyo / Chubu,22.5,9407.700000000004,8180.799999999996,8180.799999999996,20.0,Balanced stack
2026-09-28,13,Hokuriku / Kansai / Chugoku / Kyushu,15.2,3100.0,11433.7,3100.0,20.0,Balanced stack
2026-09-28,13,System Price,19.5,15097.099999999995,31522.100000000006,15097.099999999995,20.0,Balanced stack
2026-09-28,13,Tohoku / Tokyo / Chubu,23.71,9978.5,8189.299999999999,8189.299999999999,20.0,Balanced stack
2026-09-28,14,Hokuriku / Kansai / Chugoku / Kyushu,10.5,3397.0999999999985,11519.2,3397.0999999999985,20.0,Balanced stack
2026-09-28,14,System Price,17.54,15856.200000000004,31513.199999999997,15856.200000000004,20.0,Balanced stack
2026-09-28,14,Tohoku / Tokyo / Chubu,23.9,10104.899999999998,8523.300000000003,8523.300000000003,20.0,Balanced stack
2026-09-28,15,Hokuriku / Kansai / Chugoku / Shikoku / Kyushu,8.37,4831.699999999999,12015.600000000002,4831.699999999999,20.0,Balanced stack
2026-09-28,15,System Price,15.01,13984.599999999999,31235.200000000004,13984.599999999999,20.0,Balanced stack
2026-09-28,15,Tohoku / Tokyo / Chubu,24.5,7041.700000000001,9027.599999999999,7041.700000000001,20.0,Balanced stack
2026-09-28,16,Hokuriku / Kansai / Chugoku / Shikoku / Kyushu,13.0,3538.5999999999985,13522.000000000002,3538.5999999999985,20.0,Balanced stack
2026-09-28,16,System Price,19.55,13263.200000000004,33472.49999999999,13263.200000000004,20.0,Balanced stack
2026-09-28,16,Tohoku / Tokyo / Chubu,25.23,6561.700000000001,9804.399999999998,6561.700000000001,20.0,Balanced stack
2026-09-28,17,Hokkaido / Tohoku,14.71,1246.800000000001,5540.799999999999,1246.800000000001,20.0,Thin stack
2026-09-28,17,Hokuriku / Kansai / Chugoku / Kyushu,17.68,3148.0,13496.699999999999,3148.0,20.0,Balanced stack
2026-09-28,17,System Price,24.5,12353.800000000003,14529.0,12353.800000000003,20.0,Balanced stack
2026-09-28,17,Tokyo / Chubu,27.26,7322.700000000001,9873.5,7322.700000000001,20.0,Balanced stack
2026-09-28,18,Hokkaido / Tohoku,13.46,1048.3999999999996,5556.2,1048.3999999999996,20.0,Thin stack
2026-09-28,18,Hokuriku / Kansai / Chugoku / Kyushu,23.57,3016.399999999998,4535.700000000003,3016.399999999998,20.0,Balanced stack
2026-09-28,18,System Price,27.18,13671.499999999993,17077.1,13671.499999999993,20.0,Balanced stack
2026-09-28,18,Tokyo / Chubu,30.59,13181.200000000003,11512.3,11512.3,20.0,Balanced stack
2026-09-28,19,Chugoku / Kyushu,25.24,1022.3000000000011,2273.8,1022.3000000000011,20.0,Thin stack
2026-09-28,19,Hokkaido / Tohoku,13.0,1201.199999999999,5573.6,1201.199999999999,20.0,Thin stack
2026-09-28,19,System Price,30.06,18486.800000000003,16655.5,16655.5,20.0,Balanced stack
2026-09-28,19,Tokyo / Chubu / Hokuriku / Kansai,35.73,14676.5,11638.300000000003,11638.300000000003,20.0,Balanced stack
2026-09-28,20,Chugoku / Kyushu,25.23,1220.199999999999,2207.7000000000007,1220.199999999999,20.0,Thin stack
2026-09-28,20,Hokkaido / Tohoku,10.58,1100.800000000001,5477.6,1100.800000000001,20.0,Thin stack
2026-09-28,20,System Price,30.31,19702.6,16985.299999999996,16985.299999999996,20.0,Balanced stack
2026-09-28,20,Tokyo / Chubu / Hokuriku / Kansai,35.73,16406.4,11654.599999999999,11654.599999999999,20.0,Balanced stack
2026-09-28,21,Chugoku / Shikoku / Kyushu,30.1,856.5,2255.8999999999996,856.5,20.0,Thin stack
2026-09-28,21,Hokkaido / Tohoku,10.45,1146.7999999999993,5463.3,1146.7999999999993,20.0,Thin stack
2026-09-28,21,System Price,30.0,15439.500000000007,16380.099999999999,15439.500000000007,20.0,Balanced stack
2026-09-28,21,Tokyo / Chubu / Hokuriku / Kansai,32.11,16336.8,13488.800000000003,13488.800000000003,20.0,Balanced stack
2026-09-28,22,Chugoku / Shikoku / Kyushu,30.0,1106.0999999999985,2232.000000000002,1106.0999999999985,20.0,Thin stack
2026-09-28,22,Hokkaido / Tohoku,10.0,1137.7000000000007,5439.799999999999,1137.7000000000007,20.0,Thin stack
2026-09-28,22,System Price,29.5,15972.400000000001,16910.600000000006,15972.400000000001,20.0,Balanced stack
2026-09-28,22,Tokyo / Chubu / Hokuriku / Kansai,32.11,16326.2,13505.800000000003,13505.800000000003,20.0,Balanced stack
2026-09-28,23,Chugoku / Shikoku / Kyushu,27.49,1181.3999999999996,3237.1000000000004,1181.3999999999996,20.0,Thin stack
2026-09-28,23,Hokkaido / Tohoku,9.92,1232.699999999999,5370.1,1232.699999999999,20.0,Thin stack
2026-09-28,23,System Price,28.89,16055.800000000003,16591.1,16055.800000000003,20.0,Balanced stack
2026-09-28,23,Tokyo / Chubu / Hokuriku / Kansai,32.11,16631.1,13108.300000000003,13108.300000000003,20.0,Balanced stack
2026-09-28,24,Chugoku / Shikoku / Kyushu,27.17,1395.0999999999985,3264.1000000000004,1395.0999999999985,20.0,Thin stack
2026-09-28,24,Hokkaido / Tohoku,9.68,1279.699999999999,5332.100000000002,1279.699999999999,20.0,Thin stack
2026-09-28,24,System Price,27.5,15636.69999999999,16416.40000000001,15636.69999999999,20.0,Balanced stack
2026-09-28,24,Tokyo / Chubu / Hokuriku / Kansai,32.11,16499.600000000002,13101.400000000001,13101.400000000001,20.0,Balanced stack
2026-09-28,25,Hokkaido / Tohoku,9.68,1436.7999999999993,5230.7,1436.7999999999993,20.0,Thin stack
2026-09-28,25,System Price,25.36,12505.199999999997,14463.699999999997,12505.199999999997,20.0,Balanced stack
2026-09-28,25,Tokyo / Chubu / Hokuriku / Kansai / Chugoku / Shikoku / Kyushu,29.9,13814.0,13249.400000000001,13249.400000000001,20.0,Balanced stack
2026-09-28,26,Hokkaido / Tohoku,9.67,1567.1000000000004,5137.9,1567.1000000000004,20.0,Balanced stack
2026-09-28,26,Hokuriku / Kansai / Chugoku / Shikoku / Kyushu,29.9,4205.600000000002,3930.899999999998,3930.899999999998,20.0,Balanced stack
2026-09-28,26,System Price,25.43,12443.899999999994,15250.000000000007,12443.899999999994,20.0,Balanced stack
2026-09-28,26,Tokyo / Chubu,29.9,9426.600000000002,10100.399999999998,9426.600000000002,20.0,Balanced stack
2026-09-28,27,Chugoku / Shikoku / Kyushu,27.49,1545.3999999999996,3222.199999999999,1545.3999999999996,20.0,Balanced stack
2026-09-28,27,Hokkaido / Tohoku,10.0,1076.0,5443.3,1076.0,20.0,Thin stack
2026-09-28,27,System Price,27.16,16908.700000000004,16510.1,16510.1,20.0,Balanced stack
2026-09-28,27,Tokyo / Chubu / Hokuriku / Kansai,30.59,16922.800000000003,12772.900000000001,12772.900000000001,20.0,Balanced stack
2026-09-28,28,Chugoku / Shikoku / Kyushu,28.0,1259.8999999999996,3014.300000000001,1259.8999999999996,20.0,Thin stack
2026-09-28,28,Hokkaido / Tohoku,13.0,1257.8999999999996,5647.3,1257.8999999999996,20.0,Thin stack
2026-09-28,28,Hokuriku / Kansai,35.73,3928.6000000000013,1935.9999999999982,1935.9999999999982,20.0,Balanced stack
2026-09-28,28,System Price,31.29,20846.999999999993,13687.000000000007,13687.000000000007,20.0,Balanced stack
2026-09-28,28,Tokyo / Chubu,36.0,12742.099999999999,9052.200000000004,9052.200000000004,20.0,Balanced stack
2026-09-28,29,Chugoku / Shikoku / Kyushu,27.9,1157.8999999999978,3195.6000000000004,1157.8999999999978,20.0,Thin stack
2026-09-28,29,Hokkaido / Tohoku,15.5,916.9000000000015,5762.799999999999,916.9000000000015,20.0,Thin stack
2026-09-28,29,Hokuriku / Kansai,35.73,3910.3999999999996,1978.7000000000007,1978.7000000000007,20.0,Balanced stack
2026-09-28,29,System Price,32.39,19000.899999999994,14569.099999999999,14569.099999999999,20.0,Balanced stack
2026-09-28,29,Tokyo / Chubu,37.17,11865.399999999998,9387.100000000002,9387.100000000002,20.0,Balanced stack
2026-09-28,30,Chugoku / Shikoku / Kyushu,29.9,1365.5,2364.2000000000007,1365.5,20.0,Thin stack
2026-09-28,30,Hokkaido / Tohoku,23.9,784.5,2014.7000000000007,784.5,20.0,Thin stack
2026-09-28,30,Hokuriku / Kansai,35.73,3802.2,1924.9000000000015,1924.9000000000015,20.0,Balanced stack
2026-09-28,30,System Price,34.67,18643.499999999993,12992.900000000009,12992.900000000009,20.0,Balanced stack
2026-09-28,30,Tokyo / Chubu,37.92,11777.999999999996,9373.400000000001,9373.400000000001,20.0,Balanced stack
2026-09-28,31,Chugoku / Shikoku / Kyushu,24.0,1690.4000000000015,3001.6000000000004,1690.4000000000015,20.0,Balanced stack
2026-09-28,31,Hokuriku / Kansai,35.73,3673.000000000001,2029.8999999999996,2029.8999999999996,20.0,Balanced stack
2026-09-28,31,System Price,32.01,18292.4,13104.5,13104.5,20.0,Balanced stack
2026-09-28,31,Tokyo / Chubu,35.83,11913.899999999998,7190.700000000001,7190.700000000001,20.0,Balanced stack
2026-09-28,32,Chugoku / Kyushu,23.61,1094.4000000000015,2365.699999999999,1094.4000000000015,20.0,Thin stack
2026-09-28,32,Hokuriku / Kansai,35.73,2491.8999999999996,2083.6000000000004,2083.6000000000004,20.0,Balanced stack
2026-09-28,32,System Price,34.65,16710.6,11441.300000000003,11441.300000000003,20.0,Balanced stack
2026-09-28,32,Tohoku / Tokyo / Chubu,36.45,12406.3,7563.299999999999,7563.299999999999,20.0,Balanced stack
2026-09-28,33,Chugoku / Kyushu,25.23,1109.2999999999993,2410.0,1109.2999999999993,20.0,Thin stack
2026-09-28,33,Hokuriku / Kansai,35.9,1646.3999999999996,2798.8999999999996,1646.3999999999996,20.0,Balanced stack
2026-09-28,33,System Price,35.5,15235.699999999997,13067.200000000004,13067.200000000004,20.0,Balanced stack
2026-09-28,33,Tohoku / Tokyo / Chubu,36.21,11081.100000000002,9521.699999999997,9521.699999999997,20.0,Balanced stack
2026-09-28,34,Chugoku / Kyushu,25.3,1004.0,2416.1000000000004,1004.0,20.0,Thin stack
2026-09-28,34,Hokkaido / Tohoku / Tokyo / Chubu,35.95,12130.399999999998,8949.7,8949.7,20.0,Balanced stack
2026-09-28,34,Hokuriku / Kansai,36.0,1613.3999999999996,3015.0,1613.3999999999996,20.0,Balanced stack
2026-09-28,34,System Price,35.73,15712.900000000001,12813.499999999993,12813.499999999993,20.0,Balanced stack
2026-09-28,35,Chugoku / Kyushu,27.35,1130.5,2170.0999999999995,1130.5,20.0,Thin stack
2026-09-28,35,System Price,32.11,15427.100000000006,14165.900000000001,14165.900000000001,20.0,Balanced stack
2026-09-28,35,Tohoku / Tokyo / Chubu / Hokuriku / Kansai,34.86,13902.999999999996,10482.800000000003,10482.800000000003,20.0,Balanced stack
2026-09-28,36,Chugoku / Kyushu,27.0,1015.3999999999996,2046.499999999999,1015.3999999999996,20.0,Thin stack
2026-09-28,36,System Price,32.11,15613.399999999994,13858.0,13858.0,20.0,Balanced stack
2026-09-28,36,Tohoku / Tokyo / Chubu / Hokuriku / Kansai,35.5,14225.400000000001,10226.599999999999,10226.599999999999,20.0,Balanced stack
2026-09-28,37,Chugoku / Kyushu,23.61,980.7000000000007,2189.3999999999996,980.7000000000007,20.0,Thin stack
2026-09-28,37,System Price,32.01,15570.199999999997,13552.699999999997,13552.699999999997,20.0,Balanced stack
2026-09-28,37,Tohoku / Tokyo / Chubu / Hokuriku / Kansai,35.73,13463.000000000004,10131.799999999996,10131.799999999996,20.0,Balanced stack
2026-09-28,38,Chugoku / Kyushu,23.61,940.0,2122.2000000000007,940.0,20.0,Thin stack
2026-09-28,38,System Price,32.1,15284.099999999999,12355.5,12355.5,20.0,Balanced stack
2026-09-28,38,Tohoku / Tokyo / Chubu / Hokuriku / Kansai,35.73,13156.2,9404.399999999994,9404.399999999994,20.0,Balanced stack
2026-09-28,39,Chugoku / Kyushu,26.49,882.0,1834.3999999999996,882.0,20.0,Thin stack
2026-09-28,39,System Price,28.35,11070.099999999999,14885.0,11070.099999999999,20.0,Balanced stack
2026-09-28,39,Tohoku / Tokyo / Chubu / Hokuriku / Kansai,30.0,9301.900000000005,12444.499999999993,9301.900000000005,20.0,Balanced stack
2026-09-28,40,Hokuriku / Kansai / Chugoku / Kyushu,23.0,2314.7000000000007,4132.299999999999,2314.7000000000007,20.0,Balanced stack
2026-09-28,40,System Price,25.52,12288.699999999997,14013.299999999996,12288.699999999997,20.0,Balanced stack
2026-09-28,40,Tohoku / Tokyo / Chubu,26.18,8514.8,9727.800000000003,8514.8,20.0,Balanced stack
2026-09-28,41,Hokuriku / Kansai / Chugoku / Kyushu,19.5,2519.2000000000007,13835.599999999999,2519.2000000000007,20.0,Balanced stack
2026-09-28,41,System Price,25.0,11123.400000000001,14943.699999999997,11123.400000000001,20.0,Balanced stack
2026-09-28,41,Tohoku / Tokyo / Chubu,26.18,7643.0999999999985,10285.500000000004,7643.0999999999985,20.0,Balanced stack
2026-09-28,42,Hokuriku / Kansai / Chugoku / Kyushu,18.69,2664.6000000000004,13448.400000000003,2664.6000000000004,20.0,Balanced stack
2026-09-28,42,System Price,24.43,12229.300000000003,14388.899999999994,12229.300000000003,20.0,Balanced stack
2026-09-28,42,Tohoku / Tokyo / Chubu,25.85,8291.899999999998,10041.0,8291.899999999998,20.0,Balanced stack
2026-09-28,43,Hokuriku / Kansai / Chugoku / Kyushu,17.29,3013.0999999999985,12978.300000000001,3013.0999999999985,20.0,Balanced stack
2026-09-28,43,System Price,23.4,12443.900000000001,13484.100000000006,12443.900000000001,20.0,Balanced stack
2026-09-28,43,Tohoku / Tokyo / Chubu,25.0,8487.599999999999,9888.8,8487.599999999999,20.0,Balanced stack
2026-09-28,44,Hokuriku / Kansai / Chugoku / Kyushu,15.52,3260.9000000000015,12276.199999999999,3260.9000000000015,20.0,Balanced stack
2026-09-28,44,System Price,24.0,11663.200000000004,14169.999999999993,11663.200000000004,20.0,Balanced stack
2026-09-28,44,Tohoku / Tokyo / Chubu,27.07,6546.0999999999985,11171.699999999997,6546.0999999999985,20.0,Balanced stack
2026-09-28,45,Hokuriku / Kansai / Chugoku / Kyushu,15.5,3142.6000000000004,12013.300000000001,3142.6000000000004,20.0,Balanced stack
2026-09-28,45,System Price,23.99,13809.599999999999,13431.400000000001,13431.400000000001,20.0,Balanced stack
2026-09-28,45,Tohoku / Tokyo / Chubu,28.73,7961.4000000000015,11264.400000000001,7961.4000000000015,20.0,Balanced stack
2026-09-28,46,Hokuriku / Kansai / Chugoku / Kyushu,10.01,3584.7999999999993,11430.399999999998,3584.7999999999993,20.0,Balanced stack
2026-09-28,46,System Price,22.5,14900.19999999999,12335.800000000003,12335.800000000003,20.0,Balanced stack
2026-09-28,46,Tohoku / Tokyo / Chubu,27.98,8682.8,10259.900000000001,8682.8,20.0,Balanced stack
2026-09-28,47,Hokuriku / Kansai / Chugoku / Kyushu,9.58,4088.800000000003,10940.3,4088.800000000003,20.0,Balanced stack
2026-09-28,47,System Price,22.47,15316.700000000004,11919.299999999996,11919.299999999996,20.0,Balanced stack
2026-09-28,47,Tohoku / Tokyo / Chubu,27.96,8557.100000000002,10058.199999999997,8557.100000000002,20.0,Balanced stack
2026-09-28,48,Hokuriku / Kansai / Chugoku / Kyushu,8.77,4418.699999999999,10821.2,4418.699999999999,20.0,Balanced stack
2026-09-28,48,System Price,20.35,17064.199999999997,11444.900000000001,11444.900000000001,20.0,Balanced stack
2026-09-28,48,Tohoku / Tokyo / Chubu,25.62,9493.3,10069.2,9493.3,20.0,Balanced stack
